chrom	position	count_at_pos	markerID	trait	source	alleles
1	10080152	2	S100K-SNP-SB01-010080152-G-A	Agriplex mid density markers	Agriplex mid density markers	G/A
1	10080152	2	S100K-SNP-SB01-010080152-G-A-02	ICRISAT	BI/ICRISAT	G/A
1	1019896	2	S100K-SNP-SB01-001019896-C-G	Agriplex mid density markers	Agriplex mid density markers	C/G
1	1019896	2	S100K-SNP-SB01-001019896-C-G-02	ICRISAT	BI/ICRISAT	C/G
1	10687530	2	S100K-SNP-SB01-010687530-C-G	Agriplex mid density markers	Agriplex mid density markers	C/G
1	10687530	2	S100K-SNP-SB01-010687530-C-G-02	ICRISAT	BI/ICRISAT	C/G
1	11107581	2	S100K-SNP-SB01-011107581-A-T	Agriplex mid density markers	Agriplex mid density markers	A/T
1	11107581	2	S100K-SNP-SB01-011107581-A-T-02	ICRISAT	BI/ICRISAT	A/T
1	11121964	2	S100K-SNP-SB01-011121964-C-G	Agriplex mid density markers	Agriplex mid density markers	C/G
1	11121964	2	S100K-SNP-SB01-011121964-C-G-02	ICRISAT	BI/ICRISAT	C/G
1	11169624	2	S100K-SNP-SB01-011169624-A-T	Agriplex mid density markers	Agriplex mid density markers	A/T
1	11169624	2	S100K-SNP-SB01-011169624-A-T-02	ICRISAT	BI/ICRISAT	A/T
1	11322213	2	S100K-SNP-SB01-011322213-T-A	Agriplex mid density markers	Agriplex mid density markers	T/A
1	11322213	2	S100K-SNP-SB01-011322213-T-A-02	ICRISAT	BI/ICRISAT	T/A
1	11562582	2	S100K-SNP-SB01-011562582-A-G	Agriplex mid density markers	Agriplex mid density markers	A/G
1	11562582	2	S100K-SNP-SB01-011562582-A-G-02	ICRISAT	BI/ICRISAT	A/G
1	11674191	2	S100K-SNP-SB01-011674191-T-C	Agriplex mid density markers	Agriplex mid density markers	T/C
1	11674191	2	S100K-SNP-SB01-011674191-T-C-02	ICRISAT	BI/ICRISAT	T/C
1	11764852	2	S100K-SNP-SB01-011764852-T-C	Agriplex mid density markers	Agriplex mid density markers	T/C
1	11764852	2	S100K-SNP-SB01-011764852-T-C-02	ICRISAT	BI/ICRISAT	T/C
1	11972472	2	S100K-SNP-SB01-011972472-C-T	Agriplex mid density markers	Agriplex mid density markers	C/T
1	11972472	2	S100K-SNP-SB01-011972472-C-T-02	ICRISAT	BI/ICRISAT	C/T
1	12137838	2	S100K-SNP-SB01-012137838-C-T	Agriplex mid density markers	Agriplex mid density markers	C/T
1	12137838	2	S100K-SNP-SB01-012137838-C-T-02	ICRISAT	BI/ICRISAT	C/T
1	1218846	2	S100K-SNP-SB01-001218846-T-C	Agriplex mid density markers	Agriplex mid density markers	T/C
1	1218846	2	S100K-SNP-SB01-001218846-T-C-02	ICRISAT	BI/ICRISAT	T/C
1	12223183	2	S100K-SNP-SB01-012223183-A-C	Agriplex mid density markers	Agriplex mid density markers	A/C
1	12223183	2	S100K-SNP-SB01-012223183-A-C-02	ICRISAT	BI/ICRISAT	A/C
1	12247789	2	S100K-SNP-SB01-012247789-A-C	Agriplex mid density markers	Agriplex mid density markers	A/C
1	12247789	2	S100K-SNP-SB01-012247789-A-C-02	ICRISAT	BI/ICRISAT	A/C
1	12758577	3	S100K-SNP-SB01-012758577-G-T	Agriplex mid density markers	Agriplex mid density markers	G/T
1	12758577	3	S100K-SNP-SB01-012758577-G-T-02	ICRISAT	BI/ICRISAT	G/T
1	12758577	3	S100K-SNP-SB01-012758577-G-T-03	Quality Control	ICRISAT/EiB	G/T
1	12921125	2	S100K-SNP-SB01-012921125-A-G	Agriplex mid density markers	Agriplex mid density markers	A/G
1	12921125	2	S100K-SNP-SB01-012921125-A-G-02	ICRISAT	BI/ICRISAT	A/G
1	13156348	2	S100K-SNP-SB01-013156348-G-A	Agriplex mid density markers	Agriplex mid density markers	G/A
1	13156348	2	S100K-SNP-SB01-013156348-G-A-02	ICRISAT	BI/ICRISAT	G/A
1	13444316	2	S100K-SNP-SB01-013444316-C-T	Agriplex mid density markers	Agriplex mid density markers	C/T
1	13444316	2	S100K-SNP-SB01-013444316-C-T-02	ICRISAT	BI/ICRISAT	C/T
1	13463791	2	S100K-SNP-SB01-013463791-C-T	Agriplex mid density markers	Agriplex mid density markers	C/T
1	13463791	2	S100K-SNP-SB01-013463791-C-T-02	ICRISAT	BI/ICRISAT	C/T
1	13534144	2	S100K-SNP-SB01-013534144-NA-NA	FreshBiomass2_V	Mural_etal_UB	-/-
1	13534144	2	S100K-SNP-SB01-013534144-T-G	Filler Markers	BI/ICRISAT	T/G
1	13596912	2	S100K-SNP-SB01-013596912-G-A	Agriplex mid density markers	Agriplex mid density markers	G/A
1	13596912	2	S100K-SNP-SB01-013596912-G-A-02	ICRISAT	BI/ICRISAT	G/A
1	13775623	2	S100K-SNP-SB01-013775623-A-G	Agriplex mid density markers	Agriplex mid density markers	A/G
1	13775623	2	S100K-SNP-SB01-013775623-A-G-02	ICRISAT	BI/ICRISAT	A/G
1	14281325	2	S100K-SNP-SB01-014281325-C-G	Agriplex mid density markers	Agriplex mid density markers	C/G
1	14281325	2	S100K-SNP-SB01-014281325-C-G-02	ICRISAT	BI/ICRISAT	C/G
1	14620577	2	S100K-SNP-SB01-014620577-C-T	Agriplex mid density markers	Agriplex mid density markers	C/T
1	14620577	2	S100K-SNP-SB01-014620577-C-T-02	ICRISAT	BI/ICRISAT	C/T
1	14831774	2	S100K-SNP-SB01-014831774-A-G	Agriplex mid density markers	Agriplex mid density markers	A/G
1	14831774	2	S100K-SNP-SB01-014831774-A-G-02	ICRISAT	BI/ICRISAT	A/G
1	15084897	2	S100K-SNP-SB01-015084897-T-C	Agriplex mid density markers	Agriplex mid density markers	T/C
1	15084897	2	S100K-SNP-SB01-015084897-T-C-02	ICRISAT	BI/ICRISAT	T/C
1	15517837	2	S100K-SNP-SB01-015517837-A-C	Agriplex mid density markers	Agriplex mid density markers	A/C
1	15517837	2	S100K-SNP-SB01-015517837-A-C-02	ICRISAT	BI/ICRISAT	A/C
1	15724248	2	S100K-SNP-SB01-015724248-A-T	Agriplex mid density markers	Agriplex mid density markers	A/T
1	15724248	2	S100K-SNP-SB01-015724248-A-T-02	ICRISAT	BI/ICRISAT	A/T
1	15870946	2	S100K-SNP-SB01-015870946-T-C	Agriplex mid density markers	Agriplex mid density markers	T/C
1	15870946	2	S100K-SNP-SB01-015870946-T-C-02	ICRISAT	BI/ICRISAT	T/C
1	15905614	2	S100K-SNP-SB01-015905614-A-G	Agriplex mid density markers	Agriplex mid density markers	A/G
1	15905614	2	S100K-SNP-SB01-015905614-A-G-02	ICRISAT	BI/ICRISAT	A/G
1	1613105	2	S100K-SNP-SB01-001613105-G-A	Agriplex mid density markers	Agriplex mid density markers	G/A
1	1613105	2	S100K-SNP-SB01-001613105-G-A-02	ICRISAT	BI/ICRISAT	G/A
1	16406843	2	S100K-SNP-SB01-016406843-A-G	Agriplex mid density markers	Agriplex mid density markers	A/G
1	16406843	2	S100K-SNP-SB01-016406843-A-G-02	ICRISAT	BI/ICRISAT	A/G
1	16701274	2	S100K-SNP-SB01-016701274-A-G	Agriplex mid density markers	Agriplex mid density markers	A/G
1	16701274	2	S100K-SNP-SB01-016701274-A-G-02	ICRISAT	BI/ICRISAT	A/G
1	16745318	2	S100K-SNP-SB01-016745318-G-A	Agriplex mid density markers	Agriplex mid density markers	G/A
1	16745318	2	S100K-SNP-SB01-016745318-G-A-02	ICRISAT	BI/ICRISAT	G/A
1	1727150	2	S100K-SNP-SB01-001727150-A-G	Agriplex mid density markers	Agriplex mid density markers	A/G
1	1727150	2	S100K-SNP-SB01-001727150-A-G-02	ICRISAT	BI/ICRISAT	A/G
1	17285880	2	S100K-SNP-SB01-017285880-C-T	Agriplex mid density markers	Agriplex mid density markers	C/T
1	17285880	2	S100K-SNP-SB01-017285880-C-T-02	ICRISAT	BI/ICRISAT	C/T
1	17391798	2	S100K-SNP-SB01-017391798-A-G	Agriplex mid density markers	Agriplex mid density markers	A/G
1	17391798	2	S100K-SNP-SB01-017391798-A-G-02	ICRISAT	BI/ICRISAT	A/G
1	17450931	2	S100K-SNP-SB01-017450931-G-A	Agriplex mid density markers	Agriplex mid density markers	G/A
1	17450931	2	S100K-SNP-SB01-017450931-G-A-02	ICRISAT	BI/ICRISAT	G/A
1	17712302	2	S100K-SNP-SB01-017712302-C-G	Agriplex mid density markers	Agriplex mid density markers	C/G
1	17712302	2	S100K-SNP-SB01-017712302-C-G-02	ICRISAT	BI/ICRISAT	C/G
1	17716760	2	S100K-SNP-SB01-017716760-G-C	Agriplex mid density markers	Agriplex mid density markers	G/C
1	17716760	2	S100K-SNP-SB01-017716760-G-C-02	ICRISAT	BI/ICRISAT	G/C
1	17790489	2	S100K-SNP-SB01-017790489-A-C	Agriplex mid density markers	Agriplex mid density markers	A/C
1	17790489	2	S100K-SNP-SB01-017790489-A-C-02	ICRISAT	BI/ICRISAT	A/C
1	17812597	2	S100K-SNP-SB01-017812597-C-T	Agriplex mid density markers	Agriplex mid density markers	C/T
1	17812597	2	S100K-SNP-SB01-017812597-C-T-02	ICRISAT	BI/ICRISAT	C/T
1	18046915	2	S100K-SNP-SB01-018046915-T-A	Agriplex mid density markers	Agriplex mid density markers	T/A
1	18046915	2	S100K-SNP-SB01-018046915-T-A-02	ICRISAT	BI/ICRISAT	T/A
1	18708936	2	S100K-SNP-SB01-018708936-C-T	Agriplex mid density markers	Agriplex mid density markers	C/T
1	18708936	2	S100K-SNP-SB01-018708936-C-T-02	ICRISAT	BI/ICRISAT	C/T
1	18954741	2	S100K-SNP-SB01-018954741-C-T	Agriplex mid density markers	Agriplex mid density markers	C/T
1	18954741	2	S100K-SNP-SB01-018954741-C-T-02	ICRISAT	BI/ICRISAT	C/T
1	19067184	2	S100K-SNP-SB01-019067184-G-T	Agriplex mid density markers	Agriplex mid density markers	G/T
1	19067184	2	S100K-SNP-SB01-019067184-G-T-02	ICRISAT	BI/ICRISAT	G/T
1	19118158	2	S100K-SNP-SB01-019118158-C-T	Agriplex mid density markers	Agriplex mid density markers	C/T
1	19118158	2	S100K-SNP-SB01-019118158-C-T-02	ICRISAT	BI/ICRISAT	C/T
1	19245447	2	S100K-SNP-SB01-019245447-C-G	Agriplex mid density markers	Agriplex mid density markers	C/G
1	19245447	2	S100K-SNP-SB01-019245447-C-G-02	ICRISAT	BI/ICRISAT	C/G
1	19407750	2	S100K-SNP-SB01-019407750-T-C	Agriplex mid density markers	Agriplex mid density markers	T/C
1	19407750	2	S100K-SNP-SB01-019407750-T-C-02	ICRISAT	BI/ICRISAT	T/C
1	1954298	2	S100K-SNP-SB01-001954298-T-A	Agriplex mid density markers	Agriplex mid density markers	T/A
1	1954298	2	S100K-SNP-SB01-001954298-T-A-02	ICRISAT	BI/ICRISAT	T/A
1	19645395	2	S100K-SNP-SB01-019645395-A-G	Agriplex mid density markers	Agriplex mid density markers	A/G
1	19645395	2	S100K-SNP-SB01-019645395-A-G-02	ICRISAT	BI/ICRISAT	A/G
1	19645514	2	S100K-SNP-SB01-019645514-T-G	Agriplex mid density markers	Agriplex mid density markers	T/G
1	19645514	2	S100K-SNP-SB01-019645514-T-G-02	ICRISAT	BI/ICRISAT	T/G
1	19688299	2	S100K-SNP-SB01-019688299-A-G	Agriplex mid density markers	Agriplex mid density markers	A/G
1	19688299	2	S100K-SNP-SB01-019688299-A-G-02	ICRISAT	BI/ICRISAT	A/G
1	1985365	2	S100K-SNP-SB01-001985365-T-G	Agriplex mid density markers	Agriplex mid density markers	T/G
1	1985365	2	S100K-SNP-SB01-001985365-T-G-02	ICRISAT	BI/ICRISAT	T/G
1	20120607	2	S100K-SNP-SB01-020120607-C-G	Agriplex mid density markers	Agriplex mid density markers	C/G
1	20120607	2	S100K-SNP-SB01-020120607-C-G-02	ICRISAT	BI/ICRISAT	C/G
1	20295564	2	S100K-SNP-SB01-020295564-A-G	Agriplex mid density markers	Agriplex mid density markers	A/G
1	20295564	2	S100K-SNP-SB01-020295564-A-G-02	ICRISAT	BI/ICRISAT	A/G
1	20685959	2	S100K-SNP-SB01-020685959-G-C	Agriplex mid density markers	Agriplex mid density markers	G/C
1	20685959	2	S100K-SNP-SB01-020685959-G-C-02	ICRISAT	BI/ICRISAT	G/C
1	21334477	2	S100K-SNP-SB01-021334477-C-T	Agriplex mid density markers	Agriplex mid density markers	C/T
1	21334477	2	S100K-SNP-SB01-021334477-C-T-02	ICRISAT	BI/ICRISAT	C/T
1	21473392	2	S100K-SNP-SB01-021473392-G-A	Agriplex mid density markers	Agriplex mid density markers	G/A
1	21473392	2	S100K-SNP-SB01-021473392-G-A-02	ICRISAT	BI/ICRISAT	G/A
1	21487572	2	S100K-SNP-SB01-021487572-T-C	Agriplex mid density markers	Agriplex mid density markers	T/C
1	21487572	2	S100K-SNP-SB01-021487572-T-C-02	ICRISAT	BI/ICRISAT	T/C
1	21838914	2	S100K-SNP-SB01-021838914-T-C	Agriplex mid density markers	Agriplex mid density markers	T/C
1	21838914	2	S100K-SNP-SB01-021838914-T-C-02	ICRISAT	BI/ICRISAT	T/C
1	2184106	2	S100K-SNP-SB01-002184106-A-C	Agriplex mid density markers	Agriplex mid density markers	A/C
1	2184106	2	S100K-SNP-SB01-002184106-A-C-02	ICRISAT	BI/ICRISAT	A/C
1	24697600	2	S100K-SNP-SB01-024697600-T-G	Agriplex mid density markers	Agriplex mid density markers	T/G
1	24697600	2	S100K-SNP-SB01-024697600-T-G-02	ICRISAT	BI/ICRISAT	T/G
1	24703668	2	S100K-SNP-SB01-024703668-G-A	Agriplex mid density markers	Agriplex mid density markers	G/A
1	24703668	2	S100K-SNP-SB01-024703668-G-A-02	ICRISAT	BI/ICRISAT	G/A
1	24819224	2	S100K-SNP-SB01-024819224-G-T	Agriplex mid density markers	Agriplex mid density markers	G/T
1	24819224	2	S100K-SNP-SB01-024819224-G-T-02	ICRISAT	BI/ICRISAT	G/T
1	2496611	2	S100K-SNP-SB01-002496611-T-G	Agriplex mid density markers	Agriplex mid density markers	T/G
1	2496611	2	S100K-SNP-SB01-002496611-T-G-02	ICRISAT	BI/ICRISAT	T/G
1	25075987	2	S100K-SNP-SB01-025075987-C-T	Agriplex mid density markers	Agriplex mid density markers	C/T
1	25075987	2	S100K-SNP-SB01-025075987-C-T-02	ICRISAT	BI/ICRISAT	C/T
1	25122403	2	S100K-SNP-SB01-025122403-A-G	Agriplex mid density markers	Agriplex mid density markers	A/G
1	25122403	2	S100K-SNP-SB01-025122403-A-G-02	ICRISAT	BI/ICRISAT	A/G
1	25290010	2	S100K-SNP-SB01-025290010-T-A	Agriplex mid density markers	Agriplex mid density markers	T/A
1	25290010	2	S100K-SNP-SB01-025290010-T-A-02	ICRISAT	BI/ICRISAT	T/A
1	25465803	2	S100K-SNP-SB01-025465803-T-A	Agriplex mid density markers	Agriplex mid density markers	T/A
1	25465803	2	S100K-SNP-SB01-025465803-T-A-02	ICRISAT	BI/ICRISAT	T/A
1	25467252	2	S100K-SNP-SB01-025467252-G-A	Agriplex mid density markers	Agriplex mid density markers	G/A
1	25467252	2	S100K-SNP-SB01-025467252-G-A-02	ICRISAT	BI/ICRISAT	G/A
1	25497994	2	S100K-SNP-SB01-025497994-A-G	Agriplex mid density markers	Agriplex mid density markers	A/G
1	25497994	2	S100K-SNP-SB01-025497994-A-G-02	ICRISAT	BI/ICRISAT	A/G
1	25582611	3	S100K-SNP-SB01-025582611-A-G	Agriplex mid density markers	Agriplex mid density markers	A/G
1	25582611	3	S100K-SNP-SB01-025582611-A-G-02	ICRISAT	BI/ICRISAT	A/G
1	25582611	3	S100K-SNP-SB01-025582611-G-A	Quality Control	ICRISAT/EiB	G/A
1	25687179	2	S100K-SNP-SB01-025687179-G-A	Agriplex mid density markers	Agriplex mid density markers	G/A
1	25687179	2	S100K-SNP-SB01-025687179-G-A-02	ICRISAT	BI/ICRISAT	G/A
1	26239948	2	S100K-SNP-SB01-026239948-G-C	Agriplex mid density markers	Agriplex mid density markers	G/C
1	26239948	2	S100K-SNP-SB01-026239948-G-C-02	ICRISAT	BI/ICRISAT	G/C
1	27162632	2	S100K-SNP-SB01-027162632-C-A	Agriplex mid density markers	Agriplex mid density markers	C/A
1	27162632	2	S100K-SNP-SB01-027162632-C-A-02	ICRISAT	BI/ICRISAT	C/A
1	2723780	2	S100K-SNP-SB01-002723780-G-A	Agriplex mid density markers	Agriplex mid density markers	G/A
1	2723780	2	S100K-SNP-SB01-002723780-G-A-02	ICRISAT	BI/ICRISAT	G/A
1	2883982	2	S100K-SNP-SB01-002883982-T-G	Agriplex mid density markers	Agriplex mid density markers	T/G
1	2883982	2	S100K-SNP-SB01-002883982-T-G-02	ICRISAT	BI/ICRISAT	T/G
1	28959235	2	S100K-SNP-SB01-028959235-G-A	Agriplex mid density markers	Agriplex mid density markers	G/A
1	28959235	2	S100K-SNP-SB01-028959235-G-A-02	ICRISAT	BI/ICRISAT	G/A
1	29690189	2	S100K-SNP-SB01-029690189-C-T	Agriplex mid density markers	Agriplex mid density markers	C/T
1	29690189	2	S100K-SNP-SB01-029690189-C-T-02	ICRISAT	BI/ICRISAT	C/T
1	29776420	2	S100K-SNP-SB01-029776420-T-G	Agriplex mid density markers	Agriplex mid density markers	T/G
1	29776420	2	S100K-SNP-SB01-029776420-T-G-02	ICRISAT	BI/ICRISAT	T/G
1	30172622	2	S100K-SNP-SB01-030172622-C-G	Agriplex mid density markers	Agriplex mid density markers	C/G
1	30172622	2	S100K-SNP-SB01-030172622-C-G-02	ICRISAT	BI/ICRISAT	C/G
1	30825641	2	S100K-SNP-SB01-030825641-T-G	Agriplex mid density markers	Agriplex mid density markers	T/G
1	30825641	2	S100K-SNP-SB01-030825641-T-G-02	ICRISAT	BI/ICRISAT	T/G
1	31179618	2	S100K-SNP-SB01-031179618-G-A	Agriplex mid density markers	Agriplex mid density markers	G/A
1	31179618	2	S100K-SNP-SB01-031179618-G-A-02	ICRISAT	BI/ICRISAT	G/A
1	3156917	2	S100K-SNP-SB01-003156917-G-A	Agriplex mid density markers	Agriplex mid density markers	G/A
1	3156917	2	S100K-SNP-SB01-003156917-G-A-02	ICRISAT	BI/ICRISAT	G/A
1	3220409	2	S100K-SNP-SB01-003220409-C-G	Agriplex mid density markers	Agriplex mid density markers	C/G
1	3220409	2	S100K-SNP-SB01-003220409-C-G-02	ICRISAT	BI/ICRISAT	C/G
1	32486630	2	S100K-SNP-SB01-032486630-C-T	Agriplex mid density markers	Agriplex mid density markers	C/T
1	32486630	2	S100K-SNP-SB01-032486630-C-T-02	ICRISAT	BI/ICRISAT	C/T
1	328467	2	S100K-SNP-SB01-000328467-A-C	Agriplex mid density markers	Agriplex mid density markers	A/C
1	328467	2	S100K-SNP-SB01-000328467-A-C-02	ICRISAT	BI/ICRISAT	A/C
1	35051215	2	S100K-SNP-SB01-035051215-T-C	Agriplex mid density markers	Agriplex mid density markers	T/C
1	35051215	2	S100K-SNP-SB01-035051215-T-C-02	ICRISAT	BI/ICRISAT	T/C
1	35278816	2	S100K-SNP-SB01-035278816-A-G	Agriplex mid density markers	Agriplex mid density markers	A/G
1	35278816	2	S100K-SNP-SB01-035278816-A-G-02	ICRISAT	BI/ICRISAT	A/G
1	3558947	2	S100K-SNP-SB01-003558947-C-T	Agriplex mid density markers	Agriplex mid density markers	C/T
1	3558947	2	S100K-SNP-SB01-003558947-C-T-02	ICRISAT	BI/ICRISAT	C/T
1	3718398	2	S100K-SNP-SB01-003718398-G-C	Agriplex mid density markers	Agriplex mid density markers	G/C
1	3718398	2	S100K-SNP-SB01-003718398-G-C-02	ICRISAT	BI/ICRISAT	G/C
1	3751888	2	S100K-SNP-SB01-003751888-C-T	Agriplex mid density markers	Agriplex mid density markers	C/T
1	3751888	2	S100K-SNP-SB01-003751888-C-T-02	ICRISAT	BI/ICRISAT	C/T
1	3910367	2	S100K-SNP-SB01-003910367-G-A	Agriplex mid density markers	Agriplex mid density markers	G/A
1	3910367	2	S100K-SNP-SB01-003910367-G-A-02	ICRISAT	BI/ICRISAT	G/A
1	402592	2	S100K-SNP-SB01-000402592-C-A	Agriplex mid density markers	Agriplex mid density markers	C/A
1	402592	2	S100K-SNP-SB01-000402592-C-A-02	ICRISAT	BI/ICRISAT	C/A
1	4043395	2	S100K-SNP-SB01-004043395-G-C	Agriplex mid density markers	Agriplex mid density markers	G/C
1	4043395	2	S100K-SNP-SB01-004043395-G-C-02	ICRISAT	BI/ICRISAT	G/C
1	4119014	2	S100K-SNP-SB01-004119014-A-G	Agriplex mid density markers	Agriplex mid density markers	A/G
1	4119014	2	S100K-SNP-SB01-004119014-A-G-02	ICRISAT	BI/ICRISAT	A/G
1	4412676	2	S100K-SNP-SB01-004412676-A-T	Agriplex mid density markers	Agriplex mid density markers	A/T
1	4412676	2	S100K-SNP-SB01-004412676-A-T-02	ICRISAT	BI/ICRISAT	A/T
1	4583054	2	S100K-SNP-SB01-004583054-T-G	Agriplex mid density markers	Agriplex mid density markers	T/G
1	4583054	2	S100K-SNP-SB01-004583054-T-G-02	ICRISAT	BI/ICRISAT	T/G
1	45968653	2	S100K-SNP-SB01-045968653-T-C	Agriplex mid density markers	Agriplex mid density markers	T/C
1	45968653	2	S100K-SNP-SB01-045968653-T-C-02	ICRISAT	BI/ICRISAT	T/C
1	4778713	3	S100K-SNP-SB01-004778713-G-A	Plant height	AAU-SLU Biotech/Sida	G/A
1	4778713	3	S100K-SNP-SB01-004778713-G-A-02	Agriplex mid density markers	Agriplex mid density markers	G/A
1	4778713	3	S100K-SNP-SB01-004778713-G-A-03	ICRISAT	BI/ICRISAT	G/A
1	4943775	2	S100K-SNP-SB01-004943775-G-A	Agriplex mid density markers	Agriplex mid density markers	G/A
1	4943775	2	S100K-SNP-SB01-004943775-G-A-02	ICRISAT	BI/ICRISAT	G/A
1	50298049	2	S100K-SNP-SB01-050298049-T-G	Agriplex mid density markers	Agriplex mid density markers	T/G
1	50298049	2	S100K-SNP-SB01-050298049-T-G-02	ICRISAT	BI/ICRISAT	T/G
1	50780871	2	S100K-SNP-SB01-050780871-C-T	Agriplex mid density markers	Agriplex mid density markers	C/T
1	50780871	2	S100K-SNP-SB01-050780871-C-T-02	ICRISAT	BI/ICRISAT	C/T
1	50829052	2	S100K-SNP-SB01-050829052-C-T	Agriplex mid density markers	Agriplex mid density markers	C/T
1	50829052	2	S100K-SNP-SB01-050829052-C-T-02	ICRISAT	BI/ICRISAT	C/T
1	50829957	2	S100K-SNP-SB01-050829957-T-C	Agriplex mid density markers	Agriplex mid density markers	T/C
1	50829957	2	S100K-SNP-SB01-050829957-T-C-02	ICRISAT	BI/ICRISAT	T/C
1	51015562	2	S100K-SNP-SB01-051015562-T-C	Agriplex mid density markers	Agriplex mid density markers	T/C
1	51015562	2	S100K-SNP-SB01-051015562-T-C-02	ICRISAT	BI/ICRISAT	T/C
1	51093816	2	S100K-SNP-SB01-051093816-G-T	Agriplex mid density markers	Agriplex mid density markers	G/T
1	51093816	2	S100K-SNP-SB01-051093816-G-T-02	ICRISAT	BI/ICRISAT	G/T
1	51320909	2	S100K-SNP-SB01-051320909-G-C	Agriplex mid density markers	Agriplex mid density markers	G/C
1	51320909	2	S100K-SNP-SB01-051320909-G-C-02	ICRISAT	BI/ICRISAT	G/C
1	51357274	2	S100K-SNP-SB01-051357274-G-A	Agriplex mid density markers	Agriplex mid density markers	G/A
1	51357274	2	S100K-SNP-SB01-051357274-G-A-02	ICRISAT	BI/ICRISAT	G/A
1	51456072	2	S100K-SNP-SB01-051456072-T-C	Agriplex mid density markers	Agriplex mid density markers	T/C
1	51456072	2	S100K-SNP-SB01-051456072-T-C-02	ICRISAT	BI/ICRISAT	T/C
1	51888194	2	S100K-SNP-SB01-051888194-G-T	Agriplex mid density markers	Agriplex mid density markers	G/T
1	51888194	2	S100K-SNP-SB01-051888194-G-T-02	ICRISAT	BI/ICRISAT	G/T
1	52223324	2	S100K-SNP-SB01-052223324-G-C	Agriplex mid density markers	Agriplex mid density markers	G/C
1	52223324	2	S100K-SNP-SB01-052223324-G-C-02	ICRISAT	BI/ICRISAT	G/C
1	52747335	2	S100K-SNP-SB01-052747335-C-T	Agriplex mid density markers	Agriplex mid density markers	C/T
1	52747335	2	S100K-SNP-SB01-052747335-C-T-02	ICRISAT	BI/ICRISAT	C/T
1	52747860	2	S100K-SNP-SB01-052747860-A-G	Agriplex mid density markers	Agriplex mid density markers	A/G
1	52747860	2	S100K-SNP-SB01-052747860-A-G-02	ICRISAT	BI/ICRISAT	A/G
1	53059558	2	S100K-SNP-SB01-053059558-T-C	Agriplex mid density markers	Agriplex mid density markers	T/C
1	53059558	2	S100K-SNP-SB01-053059558-T-C-02	ICRISAT	BI/ICRISAT	T/C
1	53106539	2	S100K-SNP-SB01-053106539-T-C	Agriplex mid density markers	Agriplex mid density markers	T/C
1	53106539	2	S100K-SNP-SB01-053106539-T-C-02	ICRISAT	BI/ICRISAT	T/C
1	53393766	2	S100K-SNP-SB01-053393766-T-C	Agriplex mid density markers	Agriplex mid density markers	T/C
1	53393766	2	S100K-SNP-SB01-053393766-T-C-02	ICRISAT	BI/ICRISAT	T/C
1	53456591	2	S100K-SNP-SB01-053456591-C-G	Agriplex mid density markers	Agriplex mid density markers	C/G
1	53456591	2	S100K-SNP-SB01-053456591-C-G-02	ICRISAT	BI/ICRISAT	C/G
1	53472226	2	S100K-SNP-SB01-053472226-G-A	Agriplex mid density markers	Agriplex mid density markers	G/A
1	53472226	2	S100K-SNP-SB01-053472226-G-A-02	ICRISAT	BI/ICRISAT	G/A
1	544090	2	S100K-SNP-SB01-000544090-NA-NA	SeedWeight1_G	Mural_etal_UB	-/-
1	544090	2	S100K-SNP-SB01-000544090-C-T	Filler Markers	BI/ICRISAT	C/T
1	55109970	2	S100K-SNP-SB01-055109970-T-G	Agriplex mid density markers	Agriplex mid density markers	T/G
1	55109970	2	S100K-SNP-SB01-055109970-T-G-02	ICRISAT	BI/ICRISAT	T/G
1	55219762	2	S100K-SNP-SB01-055219762-G-A	Agriplex mid density markers	Agriplex mid density markers	G/A
1	55219762	2	S100K-SNP-SB01-055219762-G-A-02	ICRISAT	BI/ICRISAT	G/A
1	55305415	2	S100K-SNP-SB01-055305415-T-C	Agriplex mid density markers	Agriplex mid density markers	T/C
1	55305415	2	S100K-SNP-SB01-055305415-T-C-02	ICRISAT	BI/ICRISAT	T/C
1	55376924	2	S100K-SNP-SB01-055376924-G-A	Agriplex mid density markers	Agriplex mid density markers	G/A
1	55376924	2	S100K-SNP-SB01-055376924-G-A-02	ICRISAT	BI/ICRISAT	G/A
1	55513841	2	S100K-SNP-SB01-055513841-C-A	Agriplex mid density markers	Agriplex mid density markers	C/A
1	55513841	2	S100K-SNP-SB01-055513841-C-A-02	ICRISAT	BI/ICRISAT	C/A
1	55816748	2	S100K-SNP-SB01-055816748-C-G	Agriplex mid density markers	Agriplex mid density markers	C/G
1	55816748	2	S100K-SNP-SB01-055816748-C-G-02	ICRISAT	BI/ICRISAT	C/G
1	55830089	2	S100K-SNP-SB01-055830089-T-C	Agriplex mid density markers	Agriplex mid density markers	T/C
1	55830089	2	S100K-SNP-SB01-055830089-T-C-02	ICRISAT	BI/ICRISAT	T/C
1	56200183	2	S100K-SNP-SB01-056200183-G-A	Agriplex mid density markers	Agriplex mid density markers	G/A
1	56200183	2	S100K-SNP-SB01-056200183-G-A-02	ICRISAT	BI/ICRISAT	G/A
1	56463015	2	S100K-SNP-SB01-056463015-G-T	Agriplex mid density markers	Agriplex mid density markers	G/T
1	56463015	2	S100K-SNP-SB01-056463015-G-T-02	ICRISAT	BI/ICRISAT	G/T
1	56504908	2	S100K-SNP-SB01-056504908-C-T	Agriplex mid density markers	Agriplex mid density markers	C/T
1	56504908	2	S100K-SNP-SB01-056504908-C-T-02	ICRISAT	BI/ICRISAT	C/T
1	57491270	2	S100K-SNP-SB01-057491270-G-T	Agriplex mid density markers	Agriplex mid density markers	G/T
1	57491270	2	S100K-SNP-SB01-057491270-G-T-02	ICRISAT	BI/ICRISAT	G/T
1	5771152	2	S100K-SNP-SB01-005771152-C-T	Agriplex mid density markers	Agriplex mid density markers	C/T
1	5771152	2	S100K-SNP-SB01-005771152-C-T-02	ICRISAT	BI/ICRISAT	C/T
1	57883020	2	S100K-SNP-SB01-057883020-C-A	Agriplex mid density markers	Agriplex mid density markers	C/A
1	57883020	2	S100K-SNP-SB01-057883020-C-A-02	ICRISAT	BI/ICRISAT	C/A
1	57941991	2	S100K-SNP-SB01-057941991-A-G	Agriplex mid density markers	Agriplex mid density markers	A/G
1	57941991	2	S100K-SNP-SB01-057941991-A-G-02	ICRISAT	BI/ICRISAT	A/G
1	57949163	2	S100K-SNP-SB01-057949163-G-A	Agriplex mid density markers	Agriplex mid density markers	G/A
1	57949163	2	S100K-SNP-SB01-057949163-G-A-02	ICRISAT	BI/ICRISAT	G/A
1	58037903	2	S100K-SNP-SB01-058037903-A-G	Agriplex mid density markers	Agriplex mid density markers	A/G
1	58037903	2	S100K-SNP-SB01-058037903-A-G-02	ICRISAT	BI/ICRISAT	A/G
1	58169716	2	S100K-SNP-SB01-058169716-C-T	Agriplex mid density markers	Agriplex mid density markers	C/T
1	58169716	2	S100K-SNP-SB01-058169716-C-T-02	ICRISAT	BI/ICRISAT	C/T
1	58263019	2	S100K-SNP-SB01-058263019-G-C	Agriplex mid density markers	Agriplex mid density markers	G/C
1	58263019	2	S100K-SNP-SB01-058263019-G-C-02	ICRISAT	BI/ICRISAT	G/C
1	58396849	3	S100K-SNP-SB01-058396849-T-A	Agriplex mid density markers	Agriplex mid density markers	T/A
1	58396849	3	S100K-SNP-SB01-058396849-NA-NA	Tannins_D	Mural_etal_UB	-/-
1	58396849	3	S100K-SNP-SB01-058396849-T-A-02	ICRISAT	BI/ICRISAT	T/A
1	58615333	2	S100K-SNP-SB01-058615333-A-G	Agriplex mid density markers	Agriplex mid density markers	A/G
1	58615333	2	S100K-SNP-SB01-058615333-A-G-02	ICRISAT	BI/ICRISAT	A/G
1	58766380	2	S100K-SNP-SB01-058766380-C-T	Agriplex mid density markers	Agriplex mid density markers	C/T
1	58766380	2	S100K-SNP-SB01-058766380-C-T-02	ICRISAT	BI/ICRISAT	C/T
1	58989013	2	S100K-SNP-SB01-058989013-C-T	Agriplex mid density markers	Agriplex mid density markers	C/T
1	58989013	2	S100K-SNP-SB01-058989013-C-T-02	ICRISAT	BI/ICRISAT	C/T
1	59433026	2	S100K-SNP-SB01-059433026-G-T	Agriplex mid density markers	Agriplex mid density markers	G/T
1	59433026	2	S100K-SNP-SB01-059433026-G-T-02	ICRISAT	BI/ICRISAT	G/T
1	59458791	2	S100K-SNP-SB01-059458791-A-G	Agriplex mid density markers	Agriplex mid density markers	A/G
1	59458791	2	S100K-SNP-SB01-059458791-A-G-02	ICRISAT	BI/ICRISAT	A/G
1	59687975	2	S100K-SNP-SB01-059687975-A-G	Agriplex mid density markers	Agriplex mid density markers	A/G
1	59687975	2	S100K-SNP-SB01-059687975-A-G-02	ICRISAT	BI/ICRISAT	A/G
1	59700201	2	S100K-SNP-SB01-059700201-T-C	Agriplex mid density markers	Agriplex mid density markers	T/C
1	59700201	2	S100K-SNP-SB01-059700201-T-C-02	ICRISAT	BI/ICRISAT	T/C
1	59823957	2	S100K-SNP-SB01-059823957-G-C	Agriplex mid density markers	Agriplex mid density markers	G/C
1	59823957	2	S100K-SNP-SB01-059823957-G-C-02	ICRISAT	BI/ICRISAT	G/C
1	60147635	2	S100K-SNP-SB01-060147635-A-G	Agriplex mid density markers	Agriplex mid density markers	A/G
1	60147635	2	S100K-SNP-SB01-060147635-A-G-02	ICRISAT	BI/ICRISAT	A/G
1	60150466	2	S100K-SNP-SB01-060150466-A-G	Agriplex mid density markers	Agriplex mid density markers	A/G
1	60150466	2	S100K-SNP-SB01-060150466-A-G-02	ICRISAT	BI/ICRISAT	A/G
1	60644333	2	S100K-SNP-SB01-060644333-G-A	Agriplex mid density markers	Agriplex mid density markers	G/A
1	60644333	2	S100K-SNP-SB01-060644333-G-A-02	ICRISAT	BI/ICRISAT	G/A
1	60657131	2	S100K-SNP-SB01-060657131-T-C	Agriplex mid density markers	Agriplex mid density markers	T/C
1	60657131	2	S100K-SNP-SB01-060657131-T-C-02	ICRISAT	BI/ICRISAT	T/C
1	60885424	2	S100K-SNP-SB01-060885424-C-T	Agriplex mid density markers	Agriplex mid density markers	C/T
1	60885424	2	S100K-SNP-SB01-060885424-C-T-02	ICRISAT	BI/ICRISAT	C/T
1	61158547	2	S100K-SNP-SB01-061158547-T-C	Agriplex mid density markers	Agriplex mid density markers	T/C
1	61158547	2	S100K-SNP-SB01-061158547-T-C-02	ICRISAT	BI/ICRISAT	T/C
1	61245742	2	S100K-SNP-SB01-061245742-A-T	Agriplex mid density markers	Agriplex mid density markers	A/T
1	61245742	2	S100K-SNP-SB01-061245742-A-T-02	ICRISAT	BI/ICRISAT	A/T
1	61250358	2	S100K-SNP-SB01-061250358-A-G	Agriplex mid density markers	Agriplex mid density markers	A/G
1	61250358	2	S100K-SNP-SB01-061250358-A-G-02	ICRISAT	BI/ICRISAT	A/G
1	61255078	2	S100K-SNP-SB01-061255078-G-A	Agriplex mid density markers	Agriplex mid density markers	G/A
1	61255078	2	S100K-SNP-SB01-061255078-G-A-02	ICRISAT	BI/ICRISAT	G/A
1	61289282	2	S100K-SNP-SB01-061289282-G-C	Agriplex mid density markers	Agriplex mid density markers	G/C
1	61289282	2	S100K-SNP-SB01-061289282-G-C-02	ICRISAT	BI/ICRISAT	G/C
1	6131258	2	S100K-SNP-SB01-006131258-G-A	Agriplex mid density markers	Agriplex mid density markers	G/A
1	6131258	2	S100K-SNP-SB01-006131258-G-A-02	ICRISAT	BI/ICRISAT	G/A
1	61354706	2	S100K-SNP-SB01-061354706-C-G	Agriplex mid density markers	Agriplex mid density markers	C/G
1	61354706	2	S100K-SNP-SB01-061354706-C-G-02	ICRISAT	BI/ICRISAT	C/G
1	61639729	2	S100K-SNP-SB01-061639729-C-T	Agriplex mid density markers	Agriplex mid density markers	C/T
1	61639729	2	S100K-SNP-SB01-061639729-C-T-02	ICRISAT	BI/ICRISAT	C/T
1	61874941	2	S100K-SNP-SB01-061874941-G-A	Agriplex mid density markers	Agriplex mid density markers	G/A
1	61874941	2	S100K-SNP-SB01-061874941-G-A-02	ICRISAT	BI/ICRISAT	G/A
1	62465759	2	S100K-SNP-SB01-062465759-A-T	Agriplex mid density markers	Agriplex mid density markers	A/T
1	62465759	2	S100K-SNP-SB01-062465759-A-T-02	ICRISAT	BI/ICRISAT	A/T
1	62663034	2	S100K-SNP-SB01-062663034-A-G	ICRISAT	BI/ICRISAT	A/G
1	62663034	2	S100K-SNP-SB01-062663034-A-G-02	Fertility restoration gene	ICRISAT/EiB	A/G
1	62670578	2	S100K-SNP-SB01-062670578-C-T	Agriplex mid density markers	Agriplex mid density markers	C/T
1	62670578	2	S100K-SNP-SB01-062670578-C-T-02	ICRISAT	BI/ICRISAT	C/T
1	62758221	2	S100K-SNP-SB01-062758221-G-T	Agriplex mid density markers	Agriplex mid density markers	G/T
1	62758221	2	S100K-SNP-SB01-062758221-G-T-02	ICRISAT	BI/ICRISAT	G/T
1	62992453	2	S100K-SNP-SB01-062992453-A-G	Agriplex mid density markers	Agriplex mid density markers	A/G
1	62992453	2	S100K-SNP-SB01-062992453-A-G-02	ICRISAT	BI/ICRISAT	A/G
1	63399217	2	S100K-SNP-SB01-063399217-C-A	Agriplex mid density markers	Agriplex mid density markers	C/A
1	63399217	2	S100K-SNP-SB01-063399217-C-A-02	ICRISAT	BI/ICRISAT	C/A
1	63672106	2	S100K-SNP-SB01-063672106-A-G	Agriplex mid density markers	Agriplex mid density markers	A/G
1	63672106	2	S100K-SNP-SB01-063672106-A-G-02	ICRISAT	BI/ICRISAT	A/G
1	63955927	2	S100K-SNP-SB01-063955927-C-T	Agriplex mid density markers	Agriplex mid density markers	C/T
1	63955927	2	S100K-SNP-SB01-063955927-C-T-02	ICRISAT	BI/ICRISAT	C/T
1	64013631	2	S100K-SNP-SB01-064013631-A-T	Agriplex mid density markers	Agriplex mid density markers	A/T
1	64013631	2	S100K-SNP-SB01-064013631-A-T-02	ICRISAT	BI/ICRISAT	A/T
1	64159639	2	S100K-SNP-SB01-064159639-G-T	Agriplex mid density markers	Agriplex mid density markers	G/T
1	64159639	2	S100K-SNP-SB01-064159639-G-T-02	ICRISAT	BI/ICRISAT	G/T
1	64361145	2	S100K-SNP-SB01-064361145-T-C	Agriplex mid density markers	Agriplex mid density markers	T/C
1	64361145	2	S100K-SNP-SB01-064361145-T-C-02	ICRISAT	BI/ICRISAT	T/C
1	64361916	2	S100K-SNP-SB01-064361916-G-A	Agriplex mid density markers	Agriplex mid density markers	G/A
1	64361916	2	S100K-SNP-SB01-064361916-G-A-02	ICRISAT	BI/ICRISAT	G/A
1	65144480	2	S100K-SNP-SB01-065144480-G-T	Agriplex mid density markers	Agriplex mid density markers	G/T
1	65144480	2	S100K-SNP-SB01-065144480-G-T-02	ICRISAT	BI/ICRISAT	G/T
1	6518631	2	S100K-SNP-SB01-006518631-A-C	Agriplex mid density markers	Agriplex mid density markers	A/C
1	6518631	2	S100K-SNP-SB01-006518631-A-C-02	ICRISAT	BI/ICRISAT	A/C
1	65255277	2	S100K-SNP-SB01-065255277-G-C	Agriplex mid density markers	Agriplex mid density markers	G/C
1	65255277	2	S100K-SNP-SB01-065255277-G-C-02	ICRISAT	BI/ICRISAT	G/C
1	65451869	2	S100K-SNP-SB01-065451869-G-T	Agriplex mid density markers	Agriplex mid density markers	G/T
1	65451869	2	S100K-SNP-SB01-065451869-G-T-02	ICRISAT	BI/ICRISAT	G/T
1	65670435	2	S100K-SNP-SB01-065670435-A-G	Agriplex mid density markers	Agriplex mid density markers	A/G
1	65670435	2	S100K-SNP-SB01-065670435-A-G-02	ICRISAT	BI/ICRISAT	A/G
1	65756223	2	S100K-SNP-SB01-065756223-T-G	Agriplex mid density markers	Agriplex mid density markers	T/G
1	65756223	2	S100K-SNP-SB01-065756223-T-G-02	ICRISAT	BI/ICRISAT	T/G
1	66235048	2	S100K-SNP-SB01-066235048-T-C	Agriplex mid density markers	Agriplex mid density markers	T/C
1	66235048	2	S100K-SNP-SB01-066235048-T-C-02	ICRISAT	BI/ICRISAT	T/C
1	66385266	2	S100K-SNP-SB01-066385266-T-C	Agriplex mid density markers	Agriplex mid density markers	T/C
1	66385266	2	S100K-SNP-SB01-066385266-T-C-02	ICRISAT	BI/ICRISAT	T/C
1	66504156	2	S100K-SNP-SB01-066504156-G-A	Agriplex mid density markers	Agriplex mid density markers	G/A
1	66504156	2	S100K-SNP-SB01-066504156-G-A-02	ICRISAT	BI/ICRISAT	G/A
1	66565171	2	S100K-SNP-SB01-066565171-G-A	Agriplex mid density markers	Agriplex mid density markers	G/A
1	66565171	2	S100K-SNP-SB01-066565171-G-A-02	ICRISAT	BI/ICRISAT	G/A
1	6666029	2	S100K-SNP-SB01-006666029-T-G	Agriplex mid density markers	Agriplex mid density markers	T/G
1	6666029	2	S100K-SNP-SB01-006666029-T-G-02	ICRISAT	BI/ICRISAT	T/G
1	66753557	2	S100K-SNP-SB01-066753557-G-A	Agriplex mid density markers	Agriplex mid density markers	G/A
1	66753557	2	S100K-SNP-SB01-066753557-G-A-02	ICRISAT	BI/ICRISAT	G/A
1	66827763	2	S100K-SNP-SB01-066827763-A-G	Agriplex mid density markers	Agriplex mid density markers	A/G
1	66827763	2	S100K-SNP-SB01-066827763-A-G-02	ICRISAT	BI/ICRISAT	A/G
1	66996364	2	S100K-SNP-SB01-066996364-C-T	Agriplex mid density markers	Agriplex mid density markers	C/T
1	66996364	2	S100K-SNP-SB01-066996364-C-T-02	ICRISAT	BI/ICRISAT	C/T
1	67094005	2	S100K-SNP-SB01-067094005-T-A	Agriplex mid density markers	Agriplex mid density markers	T/A
1	67094005	2	S100K-SNP-SB01-067094005-T-A-02	ICRISAT	BI/ICRISAT	T/A
1	67257998	2	S100K-SNP-SB01-067257998-C-T	Agriplex mid density markers	Agriplex mid density markers	C/T
1	67257998	2	S100K-SNP-SB01-067257998-C-T-02	ICRISAT	BI/ICRISAT	C/T
1	67400001	2	S100K-SNP-SB01-067400001-G-C	Agriplex mid density markers	Agriplex mid density markers	G/C
1	67400001	2	S100K-SNP-SB01-067400001-G-C-02	ICRISAT	BI/ICRISAT	G/C
1	67493247	2	S100K-SNP-SB01-067493247-T-A	Agriplex mid density markers	Agriplex mid density markers	T/A
1	67493247	2	S100K-SNP-SB01-067493247-T-A-02	ICRISAT	BI/ICRISAT	T/A
1	67610072	2	S100K-SNP-SB01-067610072-T-G	Agriplex mid density markers	Agriplex mid density markers	T/G
1	67610072	2	S100K-SNP-SB01-067610072-T-G-02	ICRISAT	BI/ICRISAT	T/G
1	68089858	2	S100K-SNP-SB01-068089858-C-T	Agriplex mid density markers	Agriplex mid density markers	C/T
1	68089858	2	S100K-SNP-SB01-068089858-C-T-02	ICRISAT	BI/ICRISAT	C/T
1	68096207	2	S100K-SNP-SB01-068096207-C-A	Agriplex mid density markers	Agriplex mid density markers	C/A
1	68096207	2	S100K-SNP-SB01-068096207-C-A-02	ICRISAT	BI/ICRISAT	C/A
1	68188211	2	S100K-SNP-SB01-068188211-A-G	Agriplex mid density markers	Agriplex mid density markers	A/G
1	68188211	2	S100K-SNP-SB01-068188211-A-G-02	ICRISAT	BI/ICRISAT	A/G
1	68245228	2	S100K-SNP-SB01-068245228-G-T	Agriplex mid density markers	Agriplex mid density markers	G/T
1	68245228	2	S100K-SNP-SB01-068245228-G-T-02	ICRISAT	BI/ICRISAT	G/T
1	68817204	2	S100K-SNP-SB01-068817204-C-T	Agriplex mid density markers	Agriplex mid density markers	C/T
1	68817204	2	S100K-SNP-SB01-068817204-C-T-02	ICRISAT	BI/ICRISAT	C/T
1	6889520	2	S100K-SNP-SB01-006889520-T-C	Agriplex mid density markers	Agriplex mid density markers	T/C
1	6889520	2	S100K-SNP-SB01-006889520-T-C-02	ICRISAT	BI/ICRISAT	T/C
1	69080916	2	S100K-SNP-SB01-069080916-C-T	Agriplex mid density markers	Agriplex mid density markers	C/T
1	69080916	2	S100K-SNP-SB01-069080916-C-T-02	ICRISAT	BI/ICRISAT	C/T
1	69919377	2	S100K-SNP-SB01-069919377-T-C	Agriplex mid density markers	Agriplex mid density markers	T/C
1	69919377	2	S100K-SNP-SB01-069919377-T-C-02	ICRISAT	BI/ICRISAT	T/C
1	7026140	2	S100K-SNP-SB01-007026140-G-C	Agriplex mid density markers	Agriplex mid density markers	G/C
1	7026140	2	S100K-SNP-SB01-007026140-G-C-02	ICRISAT	BI/ICRISAT	G/C
1	70812416	2	S100K-SNP-SB01-070812416-T-C	Agriplex mid density markers	Agriplex mid density markers	T/C
1	70812416	2	S100K-SNP-SB01-070812416-T-C-02	ICRISAT	BI/ICRISAT	T/C
1	70890586	2	S100K-SNP-SB01-070890586-C-T	Agriplex mid density markers	Agriplex mid density markers	C/T
1	70890586	2	S100K-SNP-SB01-070890586-C-T-02	ICRISAT	BI/ICRISAT	C/T
1	71004786	2	S100K-SNP-SB01-071004786-C-G	Agriplex mid density markers	Agriplex mid density markers	C/G
1	71004786	2	S100K-SNP-SB01-071004786-C-G-02	ICRISAT	BI/ICRISAT	C/G
1	71516550	2	S100K-SNP-SB01-071516550-T-C	Agriplex mid density markers	Agriplex mid density markers	T/C
1	71516550	2	S100K-SNP-SB01-071516550-T-C-02	ICRISAT	BI/ICRISAT	T/C
1	71607735	2	S100K-SNP-SB01-071607735-G-A	Agriplex mid density markers	Agriplex mid density markers	G/A
1	71607735	2	S100K-SNP-SB01-071607735-G-A-02	ICRISAT	BI/ICRISAT	G/A
1	71822175	2	S100K-SNP-SB01-071822175-T-C	Agriplex mid density markers	Agriplex mid density markers	T/C
1	71822175	2	S100K-SNP-SB01-071822175-T-C-02	ICRISAT	BI/ICRISAT	T/C
1	71823019	2	S100K-SNP-SB01-071823019-G-A	Agriplex mid density markers	Agriplex mid density markers	G/A
1	71823019	2	S100K-SNP-SB01-071823019-G-A-02	ICRISAT	BI/ICRISAT	G/A
1	72171167	2	S100K-SNP-SB01-072171167-C-T	Agriplex mid density markers	Agriplex mid density markers	C/T
1	72171167	2	S100K-SNP-SB01-072171167-C-T-02	ICRISAT	BI/ICRISAT	C/T
1	72623579	2	S100K-SNP-SB01-072623579-T-C	Agriplex mid density markers	Agriplex mid density markers	T/C
1	72623579	2	S100K-SNP-SB01-072623579-T-C-02	ICRISAT	BI/ICRISAT	T/C
1	72692082	2	S100K-SNP-SB01-072692082-T-A	Agriplex mid density markers	Agriplex mid density markers	T/A
1	72692082	2	S100K-SNP-SB01-072692082-T-A-02	ICRISAT	BI/ICRISAT	T/A
1	72766589	2	S100K-SNP-SB01-072766589-G-C	Agriplex mid density markers	Agriplex mid density markers	G/C
1	72766589	2	S100K-SNP-SB01-072766589-G-C-02	ICRISAT	BI/ICRISAT	G/C
1	72952996	2	S100K-SNP-SB01-072952996-C-T	Agriplex mid density markers	Agriplex mid density markers	C/T
1	72952996	2	S100K-SNP-SB01-072952996-C-T-02	ICRISAT	BI/ICRISAT	C/T
1	73062334	2	S100K-SNP-SB01-073062334-A-G	Agriplex mid density markers	Agriplex mid density markers	A/G
1	73062334	2	S100K-SNP-SB01-073062334-A-G-02	ICRISAT	BI/ICRISAT	A/G
1	7327681	2	S100K-SNP-SB01-007327681-T-A	Agriplex mid density markers	Agriplex mid density markers	T/A
1	7327681	2	S100K-SNP-SB01-007327681-T-A-02	ICRISAT	BI/ICRISAT	T/A
1	73644644	3	S100K-SNP-SB01-073644644-A-G	Agriplex mid density markers	Agriplex mid density markers	A/G
1	73644644	3	S100K-SNP-SB01-073644644-NA-NA	SeedDeterioration_Q	Mural_etal_UB	-/-
1	73644644	3	S100K-SNP-SB01-073644644-A-G-02	ICRISAT	BI/ICRISAT	A/G
1	7375009	2	S100K-SNP-SB01-007375009-C-T	Agriplex mid density markers	Agriplex mid density markers	C/T
1	7375009	2	S100K-SNP-SB01-007375009-C-T-02	ICRISAT	BI/ICRISAT	C/T
1	73835707	2	S100K-SNP-SB01-073835707-C-G	Agriplex mid density markers	Agriplex mid density markers	C/G
1	73835707	2	S100K-SNP-SB01-073835707-C-G-02	ICRISAT	BI/ICRISAT	C/G
1	74280158	2	S100K-SNP-SB01-074280158-T-G	Agriplex mid density markers	Agriplex mid density markers	T/G
1	74280158	2	S100K-SNP-SB01-074280158-T-G-02	ICRISAT	BI/ICRISAT	T/G
1	74580234	2	S100K-SNP-SB01-074580234-C-A	Agriplex mid density markers	Agriplex mid density markers	C/A
1	74580234	2	S100K-SNP-SB01-074580234-C-A-02	ICRISAT	BI/ICRISAT	C/A
1	74788741	2	S100K-SNP-SB01-074788741-A-G	Agriplex mid density markers	Agriplex mid density markers	A/G
1	74788741	2	S100K-SNP-SB01-074788741-A-G-02	ICRISAT	BI/ICRISAT	A/G
1	7532439	2	S100K-SNP-SB01-007532439-C-T	Agriplex mid density markers	Agriplex mid density markers	C/T
1	7532439	2	S100K-SNP-SB01-007532439-C-T-02	ICRISAT	BI/ICRISAT	C/T
1	75386873	2	S100K-SNP-SB01-075386873-C-T	Agriplex mid density markers	Agriplex mid density markers	C/T
1	75386873	2	S100K-SNP-SB01-075386873-C-T-02	ICRISAT	BI/ICRISAT	C/T
1	75620010	2	S100K-SNP-SB01-075620010-C-T	Agriplex mid density markers	Agriplex mid density markers	C/T
1	75620010	2	S100K-SNP-SB01-075620010-C-T-02	ICRISAT	BI/ICRISAT	C/T
1	75797128	2	S100K-SNP-SB01-075797128-G-C	Agriplex mid density markers	Agriplex mid density markers	G/C
1	75797128	2	S100K-SNP-SB01-075797128-G-C-02	ICRISAT	BI/ICRISAT	G/C
1	75978543	2	S100K-SNP-SB01-075978543-T-C	Agriplex mid density markers	Agriplex mid density markers	T/C
1	75978543	2	S100K-SNP-SB01-075978543-T-C-02	ICRISAT	BI/ICRISAT	T/C
1	76002582	2	S100K-SNP-SB01-076002582-C-A	Agriplex mid density markers	Agriplex mid density markers	C/A
1	76002582	2	S100K-SNP-SB01-076002582-C-A-02	ICRISAT	BI/ICRISAT	C/A
1	76258479	2	S100K-SNP-SB01-076258479-A-G	Agriplex mid density markers	Agriplex mid density markers	A/G
1	76258479	2	S100K-SNP-SB01-076258479-A-G-02	ICRISAT	BI/ICRISAT	A/G
1	7640553	2	S100K-SNP-SB01-007640553-A-C	Agriplex mid density markers	Agriplex mid density markers	A/C
1	7640553	2	S100K-SNP-SB01-007640553-A-C-02	ICRISAT	BI/ICRISAT	A/C
1	76494959	2	S100K-SNP-SB01-076494959-C-G	Agriplex mid density markers	Agriplex mid density markers	C/G
1	76494959	2	S100K-SNP-SB01-076494959-C-G-02	ICRISAT	BI/ICRISAT	C/G
1	76994951	2	S100K-SNP-SB01-076994951-G-C	Agriplex mid density markers	Agriplex mid density markers	G/C
1	76994951	2	S100K-SNP-SB01-076994951-G-C-02	ICRISAT	BI/ICRISAT	G/C
1	77252048	2	S100K-SNP-SB01-077252048-T-G	Agriplex mid density markers	Agriplex mid density markers	T/G
1	77252048	2	S100K-SNP-SB01-077252048-T-G-02	ICRISAT	BI/ICRISAT	T/G
1	7738853	3	S100K-SNP-SB01-007738853-C-T	Agriplex mid density markers	Agriplex mid density markers	C/T
1	7738853	3	S100K-SNP-SB01-007738853-C-T-02	ICRISAT	BI/ICRISAT	C/T
1	7738853	3	S100K-SNP-SB01-007738853-C-T-03	Quality Control	ICRISAT/EiB	C/T
1	778962	2	S100K-SNP-SB01-000778962-A-G	Agriplex mid density markers	Agriplex mid density markers	A/G
1	778962	2	S100K-SNP-SB01-000778962-A-G-02	ICRISAT	BI/ICRISAT	A/G
1	77966174	2	S100K-SNP-SB01-077966174-C-T	Agriplex mid density markers	Agriplex mid density markers	C/T
1	77966174	2	S100K-SNP-SB01-077966174-C-T-02	ICRISAT	BI/ICRISAT	C/T
1	78063951	2	S100K-SNP-SB01-078063951-G-A	Agriplex mid density markers	Agriplex mid density markers	G/A
1	78063951	2	S100K-SNP-SB01-078063951-G-A-02	ICRISAT	BI/ICRISAT	G/A
1	78275181	2	S100K-SNP-SB01-078275181-C-T	Agriplex mid density markers	Agriplex mid density markers	C/T
1	78275181	2	S100K-SNP-SB01-078275181-C-T-02	ICRISAT	BI/ICRISAT	C/T
1	78319943	2	S100K-SNP-SB01-078319943-C-T	Agriplex mid density markers	Agriplex mid density markers	C/T
1	78319943	2	S100K-SNP-SB01-078319943-C-T-02	ICRISAT	BI/ICRISAT	C/T
1	78496212	2	S100K-SNP-SB01-078496212-G-T	Agriplex mid density markers	Agriplex mid density markers	G/T
1	78496212	2	S100K-SNP-SB01-078496212-G-T-02	ICRISAT	BI/ICRISAT	G/T
1	78619135	2	S100K-SNP-SB01-078619135-G-A	Agriplex mid density markers	Agriplex mid density markers	G/A
1	78619135	2	S100K-SNP-SB01-078619135-G-A-02	ICRISAT	BI/ICRISAT	G/A
1	78630283	2	S100K-SNP-SB01-078630283-A-T	ICRISAT	BI/ICRISAT	A/T
1	78630283	2	S100K-SNP-SB01-078630283-T-A	Quality Control	ICRISAT/EiB	T/A
1	78805128	2	S100K-SNP-SB01-078805128-A-G	Agriplex mid density markers	Agriplex mid density markers	A/G
1	78805128	2	S100K-SNP-SB01-078805128-A-G-02	ICRISAT	BI/ICRISAT	A/G
1	78944590	2	S100K-SNP-SB01-078944590-G-A	Agriplex mid density markers	Agriplex mid density markers	G/A
1	78944590	2	S100K-SNP-SB01-078944590-G-A-02	ICRISAT	BI/ICRISAT	G/A
1	79472365	2	S100K-SNP-SB01-079472365-C-T	Agriplex mid density markers	Agriplex mid density markers	C/T
1	79472365	2	S100K-SNP-SB01-079472365-C-T-02	ICRISAT	BI/ICRISAT	C/T
1	7953720	2	S100K-SNP-SB01-007953720-A-G	Agriplex mid density markers	Agriplex mid density markers	A/G
1	7953720	2	S100K-SNP-SB01-007953720-A-G-02	ICRISAT	BI/ICRISAT	A/G
1	79576288	2	S100K-SNP-SB01-079576288-T-C	Agriplex mid density markers	Agriplex mid density markers	T/C
1	79576288	2	S100K-SNP-SB01-079576288-T-C-02	ICRISAT	BI/ICRISAT	T/C
1	7960014	2	S100K-SNP-SB01-007960014-G-A	Agriplex mid density markers	Agriplex mid density markers	G/A
1	7960014	2	S100K-SNP-SB01-007960014-G-A-02	ICRISAT	BI/ICRISAT	G/A
1	79621658	2	S100K-SNP-SB01-079621658-T-C	Agriplex mid density markers	Agriplex mid density markers	T/C
1	79621658	2	S100K-SNP-SB01-079621658-T-C-02	ICRISAT	BI/ICRISAT	T/C
1	79657462	2	S100K-SNP-SB01-079657462-A-G	Agriplex mid density markers	Agriplex mid density markers	A/G
1	79657462	2	S100K-SNP-SB01-079657462-A-G-02	ICRISAT	BI/ICRISAT	A/G
1	80207929	2	S100K-SNP-SB01-080207929-T-C	Agriplex mid density markers	Agriplex mid density markers	T/C
1	80207929	2	S100K-SNP-SB01-080207929-T-C-02	ICRISAT	BI/ICRISAT	T/C
1	80353845	2	S100K-SNP-SB01-080353845-T-A	Agriplex mid density markers	Agriplex mid density markers	T/A
1	80353845	2	S100K-SNP-SB01-080353845-T-A-02	ICRISAT	BI/ICRISAT	T/A
1	80524874	2	S100K-SNP-SB01-080524874-C-G	Agriplex mid density markers	Agriplex mid density markers	C/G
1	80524874	2	S100K-SNP-SB01-080524874-C-G-02	ICRISAT	BI/ICRISAT	C/G
1	80660369	2	S100K-SNP-SB01-080660369-T-C	Agriplex mid density markers	Agriplex mid density markers	T/C
1	80660369	2	S100K-SNP-SB01-080660369-T-C-02	ICRISAT	BI/ICRISAT	T/C
1	8130800	2	S100K-SNP-SB01-008130800-T-A	Agriplex mid density markers	Agriplex mid density markers	T/A
1	8130800	2	S100K-SNP-SB01-008130800-T-A-02	ICRISAT	BI/ICRISAT	T/A
1	825853	2	S100K-SNP-SB01-000825853-C-A	Agriplex mid density markers	Agriplex mid density markers	C/A
1	825853	2	S100K-SNP-SB01-000825853-C-A-02	ICRISAT	BI/ICRISAT	C/A
1	9038904	2	S100K-SNP-SB01-009038904-C-T	Agriplex mid density markers	Agriplex mid density markers	C/T
1	9038904	2	S100K-SNP-SB01-009038904-C-T-02	ICRISAT	BI/ICRISAT	C/T
1	9142676	2	S100K-SNP-SB01-009142676-T-C	Agriplex mid density markers	Agriplex mid density markers	T/C
1	9142676	2	S100K-SNP-SB01-009142676-T-C-02	ICRISAT	BI/ICRISAT	T/C
1	9225461	2	S100K-SNP-SB01-009225461-A-C	Agriplex mid density markers	Agriplex mid density markers	A/C
1	9225461	2	S100K-SNP-SB01-009225461-A-C-02	ICRISAT	BI/ICRISAT	A/C
1	9366502	2	S100K-SNP-SB01-009366502-T-C	Agriplex mid density markers	Agriplex mid density markers	T/C
1	9366502	2	S100K-SNP-SB01-009366502-T-C-02	ICRISAT	BI/ICRISAT	T/C
1	9751972	2	S100K-SNP-SB01-009751972-C-T	ICRISAT	BI/ICRISAT	C/T
1	9751972	2	S100K-SNP-SB01-009751972-C-T-02	Quality Control	ICRISAT/EiB	C/T
1	9881464	2	S100K-SNP-SB01-009881464-C-T	Agriplex mid density markers	Agriplex mid density markers	C/T
1	9881464	2	S100K-SNP-SB01-009881464-C-T-02	ICRISAT	BI/ICRISAT	C/T
10	10169416	2	S100K-SNP-SB10-010169416-C-A	Agriplex mid density markers	Agriplex mid density markers	C/A
10	10169416	2	S100K-SNP-SB10-010169416-C-A-02	ICRISAT	BI/ICRISAT	C/A
10	10481751	2	S100K-SNP-SB10-010481751-T-A	Agriplex mid density markers	Agriplex mid density markers	T/A
10	10481751	2	S100K-SNP-SB10-010481751-T-A-02	ICRISAT	BI/ICRISAT	T/A
10	10654517	2	S100K-SNP-SB10-010654517-A-G	Agriplex mid density markers	Agriplex mid density markers	A/G
10	10654517	2	S100K-SNP-SB10-010654517-A-G-02	ICRISAT	BI/ICRISAT	A/G
10	10690326	2	S100K-SNP-SB10-010690326-C-G	Agriplex mid density markers	Agriplex mid density markers	C/G
10	10690326	2	S100K-SNP-SB10-010690326-C-G-02	ICRISAT	BI/ICRISAT	C/G
10	1099668	2	S100K-SNP-SB10-001099668-C-T	Agriplex mid density markers	Agriplex mid density markers	C/T
10	1099668	2	S100K-SNP-SB10-001099668-C-T-02	ICRISAT	BI/ICRISAT	C/T
10	11001368	2	S100K-SNP-SB10-011001368-C-T	Agriplex mid density markers	Agriplex mid density markers	C/T
10	11001368	2	S100K-SNP-SB10-011001368-C-T-02	ICRISAT	BI/ICRISAT	C/T
10	11007660	2	S100K-SNP-SB10-011007660-C-T	Agriplex mid density markers	Agriplex mid density markers	C/T
10	11007660	2	S100K-SNP-SB10-011007660-C-T-02	ICRISAT	BI/ICRISAT	C/T
10	11113367	2	S100K-SNP-SB10-011113367-A-C	Agriplex mid density markers	Agriplex mid density markers	A/C
10	11113367	2	S100K-SNP-SB10-011113367-A-C-02	ICRISAT	BI/ICRISAT	A/C
10	11562266	2	S100K-SNP-SB10-011562266-C-T	Agriplex mid density markers	Agriplex mid density markers	C/T
10	11562266	2	S100K-SNP-SB10-011562266-C-T-02	ICRISAT	BI/ICRISAT	C/T
10	12258891	2	S100K-SNP-SB10-012258891-G-C	Agriplex mid density markers	Agriplex mid density markers	G/C
10	12258891	2	S100K-SNP-SB10-012258891-G-C-02	ICRISAT	BI/ICRISAT	G/C
10	12294048	2	S100K-SNP-SB10-012294048-T-G	Agriplex mid density markers	Agriplex mid density markers	T/G
10	12294048	2	S100K-SNP-SB10-012294048-T-G-02	ICRISAT	BI/ICRISAT	T/G
10	12320475	2	S100K-SNP-SB10-012320475-T-C	Agriplex mid density markers	Agriplex mid density markers	T/C
10	12320475	2	S100K-SNP-SB10-012320475-T-C-02	ICRISAT	BI/ICRISAT	T/C
10	1280555	2	S100K-SNP-SB10-001280555-G-A	Agriplex mid density markers	Agriplex mid density markers	G/A
10	1280555	2	S100K-SNP-SB10-001280555-G-A-02	ICRISAT	BI/ICRISAT	G/A
10	13680629	2	S100K-SNP-SB10-013680629-T-C	Agriplex mid density markers	Agriplex mid density markers	T/C
10	13680629	2	S100K-SNP-SB10-013680629-T-C-02	ICRISAT	BI/ICRISAT	T/C
10	13903186	2	S100K-SNP-SB10-013903186-G-C	Agriplex mid density markers	Agriplex mid density markers	G/C
10	13903186	2	S100K-SNP-SB10-013903186-G-C-02	ICRISAT	BI/ICRISAT	G/C
10	1493293	2	S100K-SNP-SB10-001493293-G-A	Agriplex mid density markers	Agriplex mid density markers	G/A
10	1493293	2	S100K-SNP-SB10-001493293-G-A-02	ICRISAT	BI/ICRISAT	G/A
10	15045057	2	S100K-SNP-SB10-015045057-G-C	Agriplex mid density markers	Agriplex mid density markers	G/C
10	15045057	2	S100K-SNP-SB10-015045057-G-C-02	ICRISAT	BI/ICRISAT	G/C
10	15778385	2	S100K-SNP-SB10-015778385-A-G	Agriplex mid density markers	Agriplex mid density markers	A/G
10	15778385	2	S100K-SNP-SB10-015778385-A-G-02	ICRISAT	BI/ICRISAT	A/G
10	1744527	2	S100K-SNP-SB10-001744527-G-C	Agriplex mid density markers	Agriplex mid density markers	G/C
10	1744527	2	S100K-SNP-SB10-001744527-G-C-02	ICRISAT	BI/ICRISAT	G/C
10	17467837	2	S100K-SNP-SB10-017467837-A-G	Agriplex mid density markers	Agriplex mid density markers	A/G
10	17467837	2	S100K-SNP-SB10-017467837-A-G-02	ICRISAT	BI/ICRISAT	A/G
10	17629879	2	S100K-SNP-SB10-017629879-C-A	Agriplex mid density markers	Agriplex mid density markers	C/A
10	17629879	2	S100K-SNP-SB10-017629879-C-A-02	ICRISAT	BI/ICRISAT	C/A
10	17655615	2	S100K-SNP-SB10-017655615-A-G	Agriplex mid density markers	Agriplex mid density markers	A/G
10	17655615	2	S100K-SNP-SB10-017655615-A-G-02	ICRISAT	BI/ICRISAT	A/G
10	18068593	2	S100K-SNP-SB10-018068593-G-T	Agriplex mid density markers	Agriplex mid density markers	G/T
10	18068593	2	S100K-SNP-SB10-018068593-G-T-02	ICRISAT	BI/ICRISAT	G/T
10	18073035	2	S100K-SNP-SB10-018073035-A-T	Agriplex mid density markers	Agriplex mid density markers	A/T
10	18073035	2	S100K-SNP-SB10-018073035-A-T-02	ICRISAT	BI/ICRISAT	A/T
10	18312546	2	S100K-SNP-SB10-018312546-C-A	Agriplex mid density markers	Agriplex mid density markers	C/A
10	18312546	2	S100K-SNP-SB10-018312546-C-A-02	ICRISAT	BI/ICRISAT	C/A
10	18388467	2	S100K-SNP-SB10-018388467-T-C	Agriplex mid density markers	Agriplex mid density markers	T/C
10	18388467	2	S100K-SNP-SB10-018388467-T-C-02	ICRISAT	BI/ICRISAT	T/C
10	18671648	2	S100K-SNP-SB10-018671648-C-T	Agriplex mid density markers	Agriplex mid density markers	C/T
10	18671648	2	S100K-SNP-SB10-018671648-C-T-02	ICRISAT	BI/ICRISAT	C/T
10	19641192	2	S100K-SNP-SB10-019641192-C-T	Agriplex mid density markers	Agriplex mid density markers	C/T
10	19641192	2	S100K-SNP-SB10-019641192-C-T-02	ICRISAT	BI/ICRISAT	C/T
10	1981147	2	S100K-SNP-SB10-001981147-C-T	Agriplex mid density markers	Agriplex mid density markers	C/T
10	1981147	2	S100K-SNP-SB10-001981147-C-T-02	ICRISAT	BI/ICRISAT	C/T
10	20044781	2	S100K-SNP-SB10-020044781-A-T	Agriplex mid density markers	Agriplex mid density markers	A/T
10	20044781	2	S100K-SNP-SB10-020044781-A-T-02	ICRISAT	BI/ICRISAT	A/T
10	20239343	2	S100K-SNP-SB10-020239343-A-C	Agriplex mid density markers	Agriplex mid density markers	A/C
10	20239343	2	S100K-SNP-SB10-020239343-A-C-02	ICRISAT	BI/ICRISAT	A/C
10	21052619	2	S100K-SNP-SB10-021052619-T-A	Agriplex mid density markers	Agriplex mid density markers	T/A
10	21052619	2	S100K-SNP-SB10-021052619-T-A-02	ICRISAT	BI/ICRISAT	T/A
10	21129436	2	S100K-SNP-SB10-021129436-A-G	Agriplex mid density markers	Agriplex mid density markers	A/G
10	21129436	2	S100K-SNP-SB10-021129436-A-G-02	ICRISAT	BI/ICRISAT	A/G
10	21661770	2	S100K-SNP-SB10-021661770-A-G	Agriplex mid density markers	Agriplex mid density markers	A/G
10	21661770	2	S100K-SNP-SB10-021661770-A-G-02	ICRISAT	BI/ICRISAT	A/G
10	21830917	2	S100K-SNP-SB10-021830917-C-G	Agriplex mid density markers	Agriplex mid density markers	C/G
10	21830917	2	S100K-SNP-SB10-021830917-C-G-02	ICRISAT	BI/ICRISAT	C/G
10	2186456	2	S100K-SNP-SB10-002186456-G-C	Agriplex mid density markers	Agriplex mid density markers	G/C
10	2186456	2	S100K-SNP-SB10-002186456-G-C-02	ICRISAT	BI/ICRISAT	G/C
10	21876054	2	S100K-SNP-SB10-021876054-T-C	Agriplex mid density markers	Agriplex mid density markers	T/C
10	21876054	2	S100K-SNP-SB10-021876054-T-C-02	ICRISAT	BI/ICRISAT	T/C
10	23206881	2	S100K-SNP-SB10-023206881-C-G	Agriplex mid density markers	Agriplex mid density markers	C/G
10	23206881	2	S100K-SNP-SB10-023206881-C-G-02	ICRISAT	BI/ICRISAT	C/G
10	2395657	2	S100K-SNP-SB10-002395657-C-A	Agriplex mid density markers	Agriplex mid density markers	C/A
10	2395657	2	S100K-SNP-SB10-002395657-C-A-02	ICRISAT	BI/ICRISAT	C/A
10	24402884	2	S100K-SNP-SB10-024402884-A-G	Agriplex mid density markers	Agriplex mid density markers	A/G
10	24402884	2	S100K-SNP-SB10-024402884-A-G-02	ICRISAT	BI/ICRISAT	A/G
10	25842062	2	S100K-SNP-SB10-025842062-A-G	Agriplex mid density markers	Agriplex mid density markers	A/G
10	25842062	2	S100K-SNP-SB10-025842062-A-G-02	ICRISAT	BI/ICRISAT	A/G
10	2640803	2	S100K-SNP-SB10-002640803-C-T	Agriplex mid density markers	Agriplex mid density markers	C/T
10	2640803	2	S100K-SNP-SB10-002640803-C-T-02	ICRISAT	BI/ICRISAT	C/T
10	3233078	2	S100K-SNP-SB10-003233078-T-G	Agriplex mid density markers	Agriplex mid density markers	T/G
10	3233078	2	S100K-SNP-SB10-003233078-T-G-02	ICRISAT	BI/ICRISAT	T/G
10	3291260	2	S100K-SNP-SB10-003291260-C-G	Agriplex mid density markers	Agriplex mid density markers	C/G
10	3291260	2	S100K-SNP-SB10-003291260-C-G-02	ICRISAT	BI/ICRISAT	C/G
10	3316533	2	S100K-SNP-SB10-003316533-A-G	Agriplex mid density markers	Agriplex mid density markers	A/G
10	3316533	2	S100K-SNP-SB10-003316533-A-G-02	ICRISAT	BI/ICRISAT	A/G
10	33271371	2	S100K-SNP-SB10-033271371-T-A	Agriplex mid density markers	Agriplex mid density markers	T/A
10	33271371	2	S100K-SNP-SB10-033271371-T-A-02	ICRISAT	BI/ICRISAT	T/A
10	3628821	2	S100K-SNP-SB10-003628821-T-C	Agriplex mid density markers	Agriplex mid density markers	T/C
10	3628821	2	S100K-SNP-SB10-003628821-T-C-02	ICRISAT	BI/ICRISAT	T/C
10	38891445	2	S100K-SNP-SB10-038891445-A-C	Agriplex mid density markers	Agriplex mid density markers	A/C
10	38891445	2	S100K-SNP-SB10-038891445-A-C-02	ICRISAT	BI/ICRISAT	A/C
10	40201117	2	S100K-SNP-SB10-040201117-T-C	Agriplex mid density markers	Agriplex mid density markers	T/C
10	40201117	2	S100K-SNP-SB10-040201117-T-C-02	ICRISAT	BI/ICRISAT	T/C
10	4030750	2	S100K-SNP-SB10-004030750-C-T	Agriplex mid density markers	Agriplex mid density markers	C/T
10	4030750	2	S100K-SNP-SB10-004030750-C-T-02	ICRISAT	BI/ICRISAT	C/T
10	4058551	2	S100K-SNP-SB10-004058551-C-T	Agriplex mid density markers	Agriplex mid density markers	C/T
10	4058551	2	S100K-SNP-SB10-004058551-C-T-02	ICRISAT	BI/ICRISAT	C/T
10	4109725	2	S100K-SNP-SB10-004109725-C-T	Agriplex mid density markers	Agriplex mid density markers	C/T
10	4109725	2	S100K-SNP-SB10-004109725-C-T-02	ICRISAT	BI/ICRISAT	C/T
10	41667577	2	S100K-SNP-SB10-041667577-T-G	Agriplex mid density markers	Agriplex mid density markers	T/G
10	41667577	2	S100K-SNP-SB10-041667577-T-G-02	ICRISAT	BI/ICRISAT	T/G
10	4328072	2	S100K-SNP-SB10-004328072-C-T	Agriplex mid density markers	Agriplex mid density markers	C/T
10	4328072	2	S100K-SNP-SB10-004328072-C-T-02	ICRISAT	BI/ICRISAT	C/T
10	45829247	2	S100K-SNP-SB10-045829247-G-A	Agriplex mid density markers	Agriplex mid density markers	G/A
10	45829247	2	S100K-SNP-SB10-045829247-G-A-02	ICRISAT	BI/ICRISAT	G/A
10	45995646	2	S100K-SNP-SB10-045995646-T-C	Agriplex mid density markers	Agriplex mid density markers	T/C
10	45995646	2	S100K-SNP-SB10-045995646-T-C-02	ICRISAT	BI/ICRISAT	T/C
10	46020547	2	S100K-SNP-SB10-046020547-G-A	Agriplex mid density markers	Agriplex mid density markers	G/A
10	46020547	2	S100K-SNP-SB10-046020547-G-A-02	ICRISAT	BI/ICRISAT	G/A
10	46046605	2	S100K-SNP-SB10-046046605-T-C	Agriplex mid density markers	Agriplex mid density markers	T/C
10	46046605	2	S100K-SNP-SB10-046046605-T-C-02	ICRISAT	BI/ICRISAT	T/C
10	46073766	2	S100K-SNP-SB10-046073766-T-G	Agriplex mid density markers	Agriplex mid density markers	T/G
10	46073766	2	S100K-SNP-SB10-046073766-T-G-02	ICRISAT	BI/ICRISAT	T/G
10	46110504	2	S100K-SNP-SB10-046110504-A-G	Agriplex mid density markers	Agriplex mid density markers	A/G
10	46110504	2	S100K-SNP-SB10-046110504-A-G-02	ICRISAT	BI/ICRISAT	A/G
10	47071511	2	S100K-SNP-SB10-047071511-A-G	Agriplex mid density markers	Agriplex mid density markers	A/G
10	47071511	2	S100K-SNP-SB10-047071511-A-G-02	ICRISAT	BI/ICRISAT	A/G
10	47188252	2	S100K-SNP-SB10-047188252-C-G	Agriplex mid density markers	Agriplex mid density markers	C/G
10	47188252	2	S100K-SNP-SB10-047188252-C-G-02	ICRISAT	BI/ICRISAT	C/G
10	47361152	2	S100K-SNP-SB10-047361152-A-G	Agriplex mid density markers	Agriplex mid density markers	A/G
10	47361152	2	S100K-SNP-SB10-047361152-A-G-02	ICRISAT	BI/ICRISAT	A/G
10	47393530	2	S100K-SNP-SB10-047393530-A-C	Agriplex mid density markers	Agriplex mid density markers	A/C
10	47393530	2	S100K-SNP-SB10-047393530-A-C-02	ICRISAT	BI/ICRISAT	A/C
10	47747794	2	S100K-SNP-SB10-047747794-G-C	ICRISAT	BI/ICRISAT	G/C
10	47747794	2	S100K-SNP-SB10-047747794-C-G	Shoot fly resistance	ICRISAT/EiB	C/G
10	47747820	2	S100K-SNP-SB10-047747820-A-G	ICRISAT	BI/ICRISAT	A/G
10	47747820	2	S100K-SNP-SB10-047747820-G-A	Shoot fly resistance	ICRISAT/EiB	G/A
10	47750259	2	S100K-SNP-SB10-047750259-C-T	ICRISAT	BI/ICRISAT	C/T
10	47750259	2	S100K-SNP-SB10-047750259-T-C	Shoot fly resistance	ICRISAT/EiB	T/C
10	4789680	2	S100K-SNP-SB10-004789680-C-T	Agriplex mid density markers	Agriplex mid density markers	C/T
10	4789680	2	S100K-SNP-SB10-004789680-C-T-02	ICRISAT	BI/ICRISAT	C/T
10	4811956	2	S100K-SNP-SB10-004811956-T-C	Agriplex mid density markers	Agriplex mid density markers	T/C
10	4811956	2	S100K-SNP-SB10-004811956-T-C-02	ICRISAT	BI/ICRISAT	T/C
10	48208212	2	S100K-SNP-SB10-048208212-A-C	Agriplex mid density markers	Agriplex mid density markers	A/C
10	48208212	2	S100K-SNP-SB10-048208212-A-C-02	ICRISAT	BI/ICRISAT	A/C
10	49144697	3	S100K-SNP-SB10-049144697-T-C	Agriplex mid density markers	Agriplex mid density markers	T/C
10	49144697	3	S100K-SNP-SB10-049144697-T-C-02	ICRISAT	BI/ICRISAT	T/C
10	49144697	3	S100K-SNP-SB10-049144697-C-T	Quality Control	ICRISAT/EiB	C/T
10	49639804	2	S100K-SNP-SB10-049639804-G-C	Agriplex mid density markers	Agriplex mid density markers	G/C
10	49639804	2	S100K-SNP-SB10-049639804-G-C-02	ICRISAT	BI/ICRISAT	G/C
10	49923377	2	S100K-SNP-SB10-049923377-G-T	Agriplex mid density markers	Agriplex mid density markers	G/T
10	49923377	2	S100K-SNP-SB10-049923377-G-T-02	ICRISAT	BI/ICRISAT	G/T
10	50362913	2	S100K-SNP-SB10-050362913-C-T	Agriplex mid density markers	Agriplex mid density markers	C/T
10	50362913	2	S100K-SNP-SB10-050362913-C-T-02	ICRISAT	BI/ICRISAT	C/T
10	5055017	2	S100K-SNP-SB10-005055017-A-G	Agriplex mid density markers	Agriplex mid density markers	A/G
10	5055017	2	S100K-SNP-SB10-005055017-A-G-02	ICRISAT	BI/ICRISAT	A/G
10	51415321	2	S100K-SNP-SB10-051415321-G-A	Agriplex mid density markers	Agriplex mid density markers	G/A
10	51415321	2	S100K-SNP-SB10-051415321-G-A-02	ICRISAT	BI/ICRISAT	G/A
10	51779766	2	S100K-SNP-SB10-051779766-C-A	Agriplex mid density markers	Agriplex mid density markers	C/A
10	51779766	2	S100K-SNP-SB10-051779766-C-A-02	ICRISAT	BI/ICRISAT	C/A
10	51937712	2	S100K-SNP-SB10-051937712-G-C	Agriplex mid density markers	Agriplex mid density markers	G/C
10	51937712	2	S100K-SNP-SB10-051937712-G-C-02	ICRISAT	BI/ICRISAT	G/C
10	52084581	2	S100K-SNP-SB10-052084581-C-T	Agriplex mid density markers	Agriplex mid density markers	C/T
10	52084581	2	S100K-SNP-SB10-052084581-C-T-02	ICRISAT	BI/ICRISAT	C/T
10	52234429	2	S100K-SNP-SB10-052234429-A-G	Agriplex mid density markers	Agriplex mid density markers	A/G
10	52234429	2	S100K-SNP-SB10-052234429-A-G-02	ICRISAT	BI/ICRISAT	A/G
10	52241482	2	S100K-SNP-SB10-052241482-G-C	ICRISAT	BI/ICRISAT	G/C
10	52241482	2	S100K-SNP-SB10-052241482-C-G	Fertility restoration gene	ICRISAT/EiB	C/G
10	52527172	2	S100K-SNP-SB10-052527172-G-A	Agriplex mid density markers	Agriplex mid density markers	G/A
10	52527172	2	S100K-SNP-SB10-052527172-G-A-02	ICRISAT	BI/ICRISAT	G/A
10	52577265	2	S100K-SNP-SB10-052577265-T-A	Agriplex mid density markers	Agriplex mid density markers	T/A
10	52577265	2	S100K-SNP-SB10-052577265-T-A-02	ICRISAT	BI/ICRISAT	T/A
10	52878053	2	S100K-SNP-SB10-052878053-C-T	Agriplex mid density markers	Agriplex mid density markers	C/T
10	52878053	2	S100K-SNP-SB10-052878053-C-T-02	ICRISAT	BI/ICRISAT	C/T
10	52924958	2	S100K-SNP-SB10-052924958-G-C	Agriplex mid density markers	Agriplex mid density markers	G/C
10	52924958	2	S100K-SNP-SB10-052924958-G-C-02	ICRISAT	BI/ICRISAT	G/C
10	52969580	2	S100K-SNP-SB10-052969580-A-C	Agriplex mid density markers	Agriplex mid density markers	A/C
10	52969580	2	S100K-SNP-SB10-052969580-A-C-02	ICRISAT	BI/ICRISAT	A/C
10	53018027	2	S100K-SNP-SB10-053018027-G-A	Agriplex mid density markers	Agriplex mid density markers	G/A
10	53018027	2	S100K-SNP-SB10-053018027-G-A-02	ICRISAT	BI/ICRISAT	G/A
10	53069219	2	S100K-SNP-SB10-053069219-T-C	Agriplex mid density markers	Agriplex mid density markers	T/C
10	53069219	2	S100K-SNP-SB10-053069219-T-C-02	ICRISAT	BI/ICRISAT	T/C
10	53091752	2	S100K-SNP-SB10-053091752-G-A	Agriplex mid density markers	Agriplex mid density markers	G/A
10	53091752	2	S100K-SNP-SB10-053091752-G-A-02	ICRISAT	BI/ICRISAT	G/A
10	53235767	2	S100K-SNP-SB10-053235767-A-G	Agriplex mid density markers	Agriplex mid density markers	A/G
10	53235767	2	S100K-SNP-SB10-053235767-A-G-02	ICRISAT	BI/ICRISAT	A/G
10	53260155	2	S100K-SNP-SB10-053260155-G-A	Agriplex mid density markers	Agriplex mid density markers	G/A
10	53260155	2	S100K-SNP-SB10-053260155-G-A-02	ICRISAT	BI/ICRISAT	G/A
10	53287916	2	S100K-SNP-SB10-053287916-A-G	Agriplex mid density markers	Agriplex mid density markers	A/G
10	53287916	2	S100K-SNP-SB10-053287916-A-G-02	ICRISAT	BI/ICRISAT	A/G
10	53353591	3	S100K-SNP-SB10-053353591-G-A	Agriplex mid density markers	Agriplex mid density markers	G/A
10	53353591	3	S100K-SNP-SB10-053353591-G-A-02	ICRISAT	BI/ICRISAT	G/A
10	53353591	3	S100K-SNP-SB10-053353591-G-A-03	Quality Control	ICRISAT/EiB	G/A
10	53394524	2	S100K-SNP-SB10-053394524-A-C	Agriplex mid density markers	Agriplex mid density markers	A/C
10	53394524	2	S100K-SNP-SB10-053394524-A-C-02	ICRISAT	BI/ICRISAT	A/C
10	53616305	2	S100K-SNP-SB10-053616305-C-A	Agriplex mid density markers	Agriplex mid density markers	C/A
10	53616305	2	S100K-SNP-SB10-053616305-C-A-02	ICRISAT	BI/ICRISAT	C/A
10	53951438	2	S100K-SNP-SB10-053951438-C-A	Agriplex mid density markers	Agriplex mid density markers	C/A
10	53951438	2	S100K-SNP-SB10-053951438-C-A-02	ICRISAT	BI/ICRISAT	C/A
10	53963219	2	S100K-SNP-SB10-053963219-C-T	Agriplex mid density markers	Agriplex mid density markers	C/T
10	53963219	2	S100K-SNP-SB10-053963219-C-T-02	ICRISAT	BI/ICRISAT	C/T
10	54283242	2	S100K-SNP-SB10-054283242-G-C	Agriplex mid density markers	Agriplex mid density markers	G/C
10	54283242	2	S100K-SNP-SB10-054283242-G-C-02	ICRISAT	BI/ICRISAT	G/C
10	54440902	2	S100K-SNP-SB10-054440902-T-C	Agriplex mid density markers	Agriplex mid density markers	T/C
10	54440902	2	S100K-SNP-SB10-054440902-T-C-02	ICRISAT	BI/ICRISAT	T/C
10	54883896	2	S100K-SNP-SB10-054883896-G-A	Agriplex mid density markers	Agriplex mid density markers	G/A
10	54883896	2	S100K-SNP-SB10-054883896-G-A-02	ICRISAT	BI/ICRISAT	G/A
10	54918679	2	S100K-SNP-SB10-054918679-G-C	Agriplex mid density markers	Agriplex mid density markers	G/C
10	54918679	2	S100K-SNP-SB10-054918679-G-C-02	ICRISAT	BI/ICRISAT	G/C
10	54952555	2	S100K-SNP-SB10-054952555-C-T	Agriplex mid density markers	Agriplex mid density markers	C/T
10	54952555	2	S100K-SNP-SB10-054952555-C-T-02	ICRISAT	BI/ICRISAT	C/T
10	55090047	2	S100K-SNP-SB10-055090047-C-T	Agriplex mid density markers	Agriplex mid density markers	C/T
10	55090047	2	S100K-SNP-SB10-055090047-C-T-02	ICRISAT	BI/ICRISAT	C/T
10	55364827	2	S100K-SNP-SB10-055364827-A-G	Agriplex mid density markers	Agriplex mid density markers	A/G
10	55364827	2	S100K-SNP-SB10-055364827-A-G-02	ICRISAT	BI/ICRISAT	A/G
10	55375263	2	S100K-SNP-SB10-055375263-C-T	Agriplex mid density markers	Agriplex mid density markers	C/T
10	55375263	2	S100K-SNP-SB10-055375263-C-T-02	ICRISAT	BI/ICRISAT	C/T
10	5550715	2	S100K-SNP-SB10-005550715-T-C	Agriplex mid density markers	Agriplex mid density markers	T/C
10	5550715	2	S100K-SNP-SB10-005550715-T-C-02	ICRISAT	BI/ICRISAT	T/C
10	55586987	2	S100K-SNP-SB10-055586987-C-A	Agriplex mid density markers	Agriplex mid density markers	C/A
10	55586987	2	S100K-SNP-SB10-055586987-C-A-02	ICRISAT	BI/ICRISAT	C/A
10	55748370	2	S100K-SNP-SB10-055748370-G-C	Agriplex mid density markers	Agriplex mid density markers	G/C
10	55748370	2	S100K-SNP-SB10-055748370-G-C-02	ICRISAT	BI/ICRISAT	G/C
10	55843962	2	S100K-SNP-SB10-055843962-A-T	Agriplex mid density markers	Agriplex mid density markers	A/T
10	55843962	2	S100K-SNP-SB10-055843962-A-T-02	ICRISAT	BI/ICRISAT	A/T
10	55971740	2	S100K-SNP-SB10-055971740-T-C	Agriplex mid density markers	Agriplex mid density markers	T/C
10	55971740	2	S100K-SNP-SB10-055971740-T-C-02	ICRISAT	BI/ICRISAT	T/C
10	55990186	2	S100K-SNP-SB10-055990186-G-C	Agriplex mid density markers	Agriplex mid density markers	G/C
10	55990186	2	S100K-SNP-SB10-055990186-G-C-02	ICRISAT	BI/ICRISAT	G/C
10	5628553	2	S100K-SNP-SB10-005628553-A-G	Agriplex mid density markers	Agriplex mid density markers	A/G
10	5628553	2	S100K-SNP-SB10-005628553-A-G-02	ICRISAT	BI/ICRISAT	A/G
10	56387382	2	S100K-SNP-SB10-056387382-C-G	Agriplex mid density markers	Agriplex mid density markers	C/G
10	56387382	2	S100K-SNP-SB10-056387382-C-G-02	ICRISAT	BI/ICRISAT	C/G
10	56540746	2	S100K-SNP-SB10-056540746-G-A	Agriplex mid density markers	Agriplex mid density markers	G/A
10	56540746	2	S100K-SNP-SB10-056540746-G-A-02	ICRISAT	BI/ICRISAT	G/A
10	56744957	2	S100K-SNP-SB10-056744957-C-G	Agriplex mid density markers	Agriplex mid density markers	C/G
10	56744957	2	S100K-SNP-SB10-056744957-C-G-02	ICRISAT	BI/ICRISAT	C/G
10	56873383	2	S100K-SNP-SB10-056873383-G-A	Agriplex mid density markers	Agriplex mid density markers	G/A
10	56873383	2	S100K-SNP-SB10-056873383-G-A-02	ICRISAT	BI/ICRISAT	G/A
10	56885748	2	S100K-SNP-SB10-056885748-A-G	Agriplex mid density markers	Agriplex mid density markers	A/G
10	56885748	2	S100K-SNP-SB10-056885748-A-G-02	ICRISAT	BI/ICRISAT	A/G
10	56885983	2	S100K-SNP-SB10-056885983-G-T	Agriplex mid density markers	Agriplex mid density markers	G/T
10	56885983	2	S100K-SNP-SB10-056885983-G-T-02	ICRISAT	BI/ICRISAT	G/T
10	56998184	2	S100K-SNP-SB10-056998184-T-A	Agriplex mid density markers	Agriplex mid density markers	T/A
10	56998184	2	S100K-SNP-SB10-056998184-T-A-02	ICRISAT	BI/ICRISAT	T/A
10	57104374	2	S100K-SNP-SB10-057104374-C-A	Agriplex mid density markers	Agriplex mid density markers	C/A
10	57104374	2	S100K-SNP-SB10-057104374-C-A-02	ICRISAT	BI/ICRISAT	C/A
10	57232334	2	S100K-SNP-SB10-057232334-T-C	Agriplex mid density markers	Agriplex mid density markers	T/C
10	57232334	2	S100K-SNP-SB10-057232334-T-C-02	ICRISAT	BI/ICRISAT	T/C
10	57295952	2	S100K-SNP-SB10-057295952-A-T	Agriplex mid density markers	Agriplex mid density markers	A/T
10	57295952	2	S100K-SNP-SB10-057295952-A-T-02	ICRISAT	BI/ICRISAT	A/T
10	57306778	2	S100K-SNP-SB10-057306778-C-G	Agriplex mid density markers	Agriplex mid density markers	C/G
10	57306778	2	S100K-SNP-SB10-057306778-C-G-02	ICRISAT	BI/ICRISAT	C/G
10	57740844	2	S100K-SNP-SB10-057740844-C-T	Agriplex mid density markers	Agriplex mid density markers	C/T
10	57740844	2	S100K-SNP-SB10-057740844-C-T-02	ICRISAT	BI/ICRISAT	C/T
10	57750536	2	S100K-SNP-SB10-057750536-A-T	Agriplex mid density markers	Agriplex mid density markers	A/T
10	57750536	2	S100K-SNP-SB10-057750536-A-T-02	ICRISAT	BI/ICRISAT	A/T
10	57794335	2	S100K-SNP-SB10-057794335-C-T	Agriplex mid density markers	Agriplex mid density markers	C/T
10	57794335	2	S100K-SNP-SB10-057794335-C-T-02	ICRISAT	BI/ICRISAT	C/T
10	57850287	2	S100K-SNP-SB10-057850287-C-T	Agriplex mid density markers	Agriplex mid density markers	C/T
10	57850287	2	S100K-SNP-SB10-057850287-C-T-02	ICRISAT	BI/ICRISAT	C/T
10	57870372	2	S100K-SNP-SB10-057870372-G-T	Agriplex mid density markers	Agriplex mid density markers	G/T
10	57870372	2	S100K-SNP-SB10-057870372-G-T-02	ICRISAT	BI/ICRISAT	G/T
10	57873298	2	S100K-SNP-SB10-057873298-C-T	Agriplex mid density markers	Agriplex mid density markers	C/T
10	57873298	2	S100K-SNP-SB10-057873298-C-T-02	ICRISAT	BI/ICRISAT	C/T
10	58031253	3	S100K-SNP-SB10-058031253-NA-NA	Shoot fly resistance	ICRISAT/EiB	-/-
10	58031253	3	S100K-SNP-SB10-058031253-C-G	Agriplex mid density markers	Agriplex mid density markers	C/G
10	58031253	3	S100K-SNP-SB10-058031253-C-G-02	Shoot fly resistance	ICRISAT/EiB	C/G
10	58057862	2	S100K-SNP-SB10-058057862-T-C	Agriplex mid density markers	Agriplex mid density markers	T/C
10	58057862	2	S100K-SNP-SB10-058057862-T-C-02	ICRISAT	BI/ICRISAT	T/C
10	58070085	2	S100K-SNP-SB10-058070085-C-T	Agriplex mid density markers	Agriplex mid density markers	C/T
10	58070085	2	S100K-SNP-SB10-058070085-C-T-02	ICRISAT	BI/ICRISAT	C/T
10	58553403	2	S100K-SNP-SB10-058553403-A-T	Agriplex mid density markers	Agriplex mid density markers	A/T
10	58553403	2	S100K-SNP-SB10-058553403-A-T-02	ICRISAT	BI/ICRISAT	A/T
10	5865655	2	S100K-SNP-SB10-005865655-A-C	Agriplex mid density markers	Agriplex mid density markers	A/C
10	5865655	2	S100K-SNP-SB10-005865655-A-C-02	ICRISAT	BI/ICRISAT	A/C
10	58729267	2	S100K-SNP-SB10-058729267-G-A	Agriplex mid density markers	Agriplex mid density markers	G/A
10	58729267	2	S100K-SNP-SB10-058729267-G-A-02	ICRISAT	BI/ICRISAT	G/A
10	58739997	2	S100K-SNP-SB10-058739997-G-C	Agriplex mid density markers	Agriplex mid density markers	G/C
10	58739997	2	S100K-SNP-SB10-058739997-G-C-02	ICRISAT	BI/ICRISAT	G/C
10	58806668	2	S100K-SNP-SB10-058806668-A-C	Agriplex mid density markers	Agriplex mid density markers	A/C
10	58806668	2	S100K-SNP-SB10-058806668-A-C-02	ICRISAT	BI/ICRISAT	A/C
10	58946084	2	S100K-SNP-SB10-058946084-A-C	Agriplex mid density markers	Agriplex mid density markers	A/C
10	58946084	2	S100K-SNP-SB10-058946084-A-C-02	ICRISAT	BI/ICRISAT	A/C
10	58947252	2	S100K-SNP-SB10-058947252-C-T	Agriplex mid density markers	Agriplex mid density markers	C/T
10	58947252	2	S100K-SNP-SB10-058947252-C-T-02	ICRISAT	BI/ICRISAT	C/T
10	59035419	2	S100K-SNP-SB10-059035419-G-A	Agriplex mid density markers	Agriplex mid density markers	G/A
10	59035419	2	S100K-SNP-SB10-059035419-G-A-02	ICRISAT	BI/ICRISAT	G/A
10	59121067	2	S100K-SNP-SB10-059121067-C-A	Agriplex mid density markers	Agriplex mid density markers	C/A
10	59121067	2	S100K-SNP-SB10-059121067-C-A-02	ICRISAT	BI/ICRISAT	C/A
10	59293078	2	S100K-SNP-SB10-059293078-T-C	Agriplex mid density markers	Agriplex mid density markers	T/C
10	59293078	2	S100K-SNP-SB10-059293078-T-C-02	ICRISAT	BI/ICRISAT	T/C
10	59476916	2	S100K-SNP-SB10-059476916-C-T	Agriplex mid density markers	Agriplex mid density markers	C/T
10	59476916	2	S100K-SNP-SB10-059476916-C-T-02	ICRISAT	BI/ICRISAT	C/T
10	59598154	2	S100K-SNP-SB10-059598154-G-A	Agriplex mid density markers	Agriplex mid density markers	G/A
10	59598154	2	S100K-SNP-SB10-059598154-G-A-02	ICRISAT	BI/ICRISAT	G/A
10	59627499	2	S100K-SNP-SB10-059627499-G-C	Agriplex mid density markers	Agriplex mid density markers	G/C
10	59627499	2	S100K-SNP-SB10-059627499-G-C-02	ICRISAT	BI/ICRISAT	G/C
10	59672314	2	S100K-SNP-SB10-059672314-A-T	Agriplex mid density markers	Agriplex mid density markers	A/T
10	59672314	2	S100K-SNP-SB10-059672314-A-T-02	ICRISAT	BI/ICRISAT	A/T
10	59690880	2	S100K-SNP-SB10-059690880-G-A	ICRISAT	BI/ICRISAT	G/A
10	59690880	2	S100K-SNP-SB10-059690880-G-A-02	Shoot fly resistance	ICRISAT/EiB	G/A
10	59708582	2	S100K-SNP-SB10-059708582-T-G	Agriplex mid density markers	Agriplex mid density markers	T/G
10	59708582	2	S100K-SNP-SB10-059708582-T-G-02	ICRISAT	BI/ICRISAT	T/G
10	59773490	2	S100K-SNP-SB10-059773490-G-A	Agriplex mid density markers	Agriplex mid density markers	G/A
10	59773490	2	S100K-SNP-SB10-059773490-G-A-02	ICRISAT	BI/ICRISAT	G/A
10	60053791	2	S100K-SNP-SB10-060053791-C-T	Agriplex mid density markers	Agriplex mid density markers	C/T
10	60053791	2	S100K-SNP-SB10-060053791-C-T-02	ICRISAT	BI/ICRISAT	C/T
10	6011948	2	S100K-SNP-SB10-006011948-G-C	Agriplex mid density markers	Agriplex mid density markers	G/C
10	6011948	2	S100K-SNP-SB10-006011948-G-C-02	ICRISAT	BI/ICRISAT	G/C
10	6015658	2	S100K-SNP-SB10-006015658-A-G	Agriplex mid density markers	Agriplex mid density markers	A/G
10	6015658	2	S100K-SNP-SB10-006015658-A-G-02	ICRISAT	BI/ICRISAT	A/G
10	6027541	2	S100K-SNP-SB10-006027541-A-G	Agriplex mid density markers	Agriplex mid density markers	A/G
10	6027541	2	S100K-SNP-SB10-006027541-A-G-02	ICRISAT	BI/ICRISAT	A/G
10	60330859	2	S100K-SNP-SB10-060330859-T-A	Agriplex mid density markers	Agriplex mid density markers	T/A
10	60330859	2	S100K-SNP-SB10-060330859-T-A-02	ICRISAT	BI/ICRISAT	T/A
10	6047480	2	S100K-SNP-SB10-006047480-C-G	Panicle weight	AAU-SLU Biotech/Sida	C/G
10	6047480	2	S100K-SNP-SB10-006047480-C-G-02	Grain yield	AAU-SLU Biotech/Sida	C/G
10	6052501	2	S100K-SNP-SB10-006052501-C-T	Agriplex mid density markers	Agriplex mid density markers	C/T
10	6052501	2	S100K-SNP-SB10-006052501-C-T-02	ICRISAT	BI/ICRISAT	C/T
10	60572192	2	S100K-SNP-SB10-060572192-T-C	Agriplex mid density markers	Agriplex mid density markers	T/C
10	60572192	2	S100K-SNP-SB10-060572192-T-C-02	ICRISAT	BI/ICRISAT	T/C
10	60770004	2	S100K-SNP-SB10-060770004-T-C	Agriplex mid density markers	Agriplex mid density markers	T/C
10	60770004	2	S100K-SNP-SB10-060770004-T-C-02	ICRISAT	BI/ICRISAT	T/C
10	60919657	3	S100K-SNP-SB10-060919657-NA-NA	Shoot fly resistance	ICRISAT/EiB	-/-
10	60919657	3	S100K-SNP-SB10-060919657-T-C	Agriplex mid density markers	Agriplex mid density markers	T/C
10	60919657	3	S100K-SNP-SB10-060919657-C-T	Shoot fly resistance	ICRISAT/EiB	C/T
10	6285658	2	S100K-SNP-SB10-006285658-A-T	Agriplex mid density markers	Agriplex mid density markers	A/T
10	6285658	2	S100K-SNP-SB10-006285658-A-T-02	ICRISAT	BI/ICRISAT	A/T
10	635046	2	S100K-SNP-SB10-000635046-A-T	Agriplex mid density markers	Agriplex mid density markers	A/T
10	635046	2	S100K-SNP-SB10-000635046-A-T-02	ICRISAT	BI/ICRISAT	A/T
10	666136	2	S100K-SNP-SB10-000666136-G-C	Agriplex mid density markers	Agriplex mid density markers	G/C
10	666136	2	S100K-SNP-SB10-000666136-G-C-02	ICRISAT	BI/ICRISAT	G/C
10	670699	2	S100K-SNP-SB10-000670699-C-T	Agriplex mid density markers	Agriplex mid density markers	C/T
10	670699	2	S100K-SNP-SB10-000670699-C-T-02	ICRISAT	BI/ICRISAT	C/T
10	6938695	2	S100K-SNP-SB10-006938695-C-T	Agriplex mid density markers	Agriplex mid density markers	C/T
10	6938695	2	S100K-SNP-SB10-006938695-C-T-02	ICRISAT	BI/ICRISAT	C/T
10	7171689	2	S100K-SNP-SB10-007171689-T-G	Agriplex mid density markers	Agriplex mid density markers	T/G
10	7171689	2	S100K-SNP-SB10-007171689-T-G-02	ICRISAT	BI/ICRISAT	T/G
10	7262590	2	S100K-SNP-SB10-007262590-T-C	Agriplex mid density markers	Agriplex mid density markers	T/C
10	7262590	2	S100K-SNP-SB10-007262590-T-C-02	ICRISAT	BI/ICRISAT	T/C
10	7264843	2	S100K-SNP-SB10-007264843-A-G	Agriplex mid density markers	Agriplex mid density markers	A/G
10	7264843	2	S100K-SNP-SB10-007264843-A-G-02	ICRISAT	BI/ICRISAT	A/G
10	7463503	2	S100K-SNP-SB10-007463503-G-A	Agriplex mid density markers	Agriplex mid density markers	G/A
10	7463503	2	S100K-SNP-SB10-007463503-G-A-02	ICRISAT	BI/ICRISAT	G/A
10	753930	2	S100K-SNP-SB10-000753930-G-A	Agriplex mid density markers	Agriplex mid density markers	G/A
10	753930	2	S100K-SNP-SB10-000753930-G-A-02	ICRISAT	BI/ICRISAT	G/A
10	7557386	2	S100K-SNP-SB10-007557386-G-T	Agriplex mid density markers	Agriplex mid density markers	G/T
10	7557386	2	S100K-SNP-SB10-007557386-G-T-02	ICRISAT	BI/ICRISAT	G/T
10	767828	2	S100K-SNP-SB10-000767828-G-C	Agriplex mid density markers	Agriplex mid density markers	G/C
10	767828	2	S100K-SNP-SB10-000767828-G-C-02	ICRISAT	BI/ICRISAT	G/C
10	7769111	2	S100K-SNP-SB10-007769111-T-C	Agriplex mid density markers	Agriplex mid density markers	T/C
10	7769111	2	S100K-SNP-SB10-007769111-T-C-02	ICRISAT	BI/ICRISAT	T/C
10	7855143	2	S100K-SNP-SB10-007855143-C-T	Agriplex mid density markers	Agriplex mid density markers	C/T
10	7855143	2	S100K-SNP-SB10-007855143-C-T-02	ICRISAT	BI/ICRISAT	C/T
10	7858623	2	S100K-SNP-SB10-007858623-G-A	Agriplex mid density markers	Agriplex mid density markers	G/A
10	7858623	2	S100K-SNP-SB10-007858623-G-A-02	ICRISAT	BI/ICRISAT	G/A
10	7917193	2	S100K-SNP-SB10-007917193-A-G	Agriplex mid density markers	Agriplex mid density markers	A/G
10	7917193	2	S100K-SNP-SB10-007917193-A-G-02	ICRISAT	BI/ICRISAT	A/G
10	7944484	2	S100K-SNP-SB10-007944484-T-G	Agriplex mid density markers	Agriplex mid density markers	T/G
10	7944484	2	S100K-SNP-SB10-007944484-T-G-02	ICRISAT	BI/ICRISAT	T/G
10	8032074	2	S100K-SNP-SB10-008032074-A-C	Agriplex mid density markers	Agriplex mid density markers	A/C
10	8032074	2	S100K-SNP-SB10-008032074-A-C-02	ICRISAT	BI/ICRISAT	A/C
10	8233027	2	S100K-SNP-SB10-008233027-A-G	Agriplex mid density markers	Agriplex mid density markers	A/G
10	8233027	2	S100K-SNP-SB10-008233027-A-G-02	ICRISAT	BI/ICRISAT	A/G
10	8233615	2	S100K-SNP-SB10-008233615-G-T	Agriplex mid density markers	Agriplex mid density markers	G/T
10	8233615	2	S100K-SNP-SB10-008233615-G-T-02	ICRISAT	BI/ICRISAT	G/T
10	8265302	2	S100K-SNP-SB10-008265302-A-G	Agriplex mid density markers	Agriplex mid density markers	A/G
10	8265302	2	S100K-SNP-SB10-008265302-A-G-02	ICRISAT	BI/ICRISAT	A/G
10	8575442	2	S100K-SNP-SB10-008575442-T-C	Agriplex mid density markers	Agriplex mid density markers	T/C
10	8575442	2	S100K-SNP-SB10-008575442-T-C-02	ICRISAT	BI/ICRISAT	T/C
10	8753539	2	S100K-SNP-SB10-008753539-C-G	Agriplex mid density markers	Agriplex mid density markers	C/G
10	8753539	2	S100K-SNP-SB10-008753539-C-G-02	ICRISAT	BI/ICRISAT	C/G
10	8964377	2	S100K-SNP-SB10-008964377-T-G	Agriplex mid density markers	Agriplex mid density markers	T/G
10	8964377	2	S100K-SNP-SB10-008964377-T-G-02	ICRISAT	BI/ICRISAT	T/G
10	9044465	2	S100K-SNP-SB10-009044465-A-G	Agriplex mid density markers	Agriplex mid density markers	A/G
10	9044465	2	S100K-SNP-SB10-009044465-A-G-02	ICRISAT	BI/ICRISAT	A/G
10	9239499	2	S100K-SNP-SB10-009239499-C-T	Agriplex mid density markers	Agriplex mid density markers	C/T
10	9239499	2	S100K-SNP-SB10-009239499-C-T-02	ICRISAT	BI/ICRISAT	C/T
10	9280539	2	S100K-SNP-SB10-009280539-T-A	Agriplex mid density markers	Agriplex mid density markers	T/A
10	9280539	2	S100K-SNP-SB10-009280539-T-A-02	ICRISAT	BI/ICRISAT	T/A
10	9282679	2	S100K-SNP-SB10-009282679-G-C	Agriplex mid density markers	Agriplex mid density markers	G/C
10	9282679	2	S100K-SNP-SB10-009282679-G-C-02	ICRISAT	BI/ICRISAT	G/C
10	9650899	2	S100K-SNP-SB10-009650899-C-A	Agriplex mid density markers	Agriplex mid density markers	C/A
10	9650899	2	S100K-SNP-SB10-009650899-C-A-02	ICRISAT	BI/ICRISAT	C/A
10	9810491	2	S100K-SNP-SB10-009810491-C-G	Agriplex mid density markers	Agriplex mid density markers	C/G
10	9810491	2	S100K-SNP-SB10-009810491-C-G-02	ICRISAT	BI/ICRISAT	C/G
10	9992998	2	S100K-SNP-SB10-009992998-C-T	Agriplex mid density markers	Agriplex mid density markers	C/T
10	9992998	2	S100K-SNP-SB10-009992998-C-T-02	ICRISAT	BI/ICRISAT	C/T
2	10074229	2	S100K-SNP-SB02-010074229-G-A	Agriplex mid density markers	Agriplex mid density markers	G/A
2	10074229	2	S100K-SNP-SB02-010074229-G-A-02	ICRISAT	BI/ICRISAT	G/A
2	10144841	2	S100K-SNP-SB02-010144841-C-G	Agriplex mid density markers	Agriplex mid density markers	C/G
2	10144841	2	S100K-SNP-SB02-010144841-C-G-02	ICRISAT	BI/ICRISAT	C/G
2	10289495	2	S100K-SNP-SB02-010289495-T-A	Agriplex mid density markers	Agriplex mid density markers	T/A
2	10289495	2	S100K-SNP-SB02-010289495-T-A-02	ICRISAT	BI/ICRISAT	T/A
2	10295078	2	S100K-SNP-SB02-010295078-T-C	Agriplex mid density markers	Agriplex mid density markers	T/C
2	10295078	2	S100K-SNP-SB02-010295078-T-C-02	ICRISAT	BI/ICRISAT	T/C
2	10331565	2	S100K-SNP-SB02-010331565-T-C	Agriplex mid density markers	Agriplex mid density markers	T/C
2	10331565	2	S100K-SNP-SB02-010331565-T-C-02	ICRISAT	BI/ICRISAT	T/C
2	10517472	2	S100K-SNP-SB02-010517472-A-T	Agriplex mid density markers	Agriplex mid density markers	A/T
2	10517472	2	S100K-SNP-SB02-010517472-A-T-02	ICRISAT	BI/ICRISAT	A/T
2	1055876	2	S100K-SNP-SB02-001055876-T-G	Agriplex mid density markers	Agriplex mid density markers	T/G
2	1055876	2	S100K-SNP-SB02-001055876-T-G-02	ICRISAT	BI/ICRISAT	T/G
2	10687296	2	S100K-SNP-SB02-010687296-A-T	Agriplex mid density markers	Agriplex mid density markers	A/T
2	10687296	2	S100K-SNP-SB02-010687296-A-T-02	ICRISAT	BI/ICRISAT	A/T
2	10821575	2	S100K-SNP-SB02-010821575-G-A	Agriplex mid density markers	Agriplex mid density markers	G/A
2	10821575	2	S100K-SNP-SB02-010821575-G-A-02	ICRISAT	BI/ICRISAT	G/A
2	11090424	2	S100K-SNP-SB02-011090424-C-A	Agriplex mid density markers	Agriplex mid density markers	C/A
2	11090424	2	S100K-SNP-SB02-011090424-C-A-02	ICRISAT	BI/ICRISAT	C/A
2	11317066	2	S100K-SNP-SB02-011317066-T-C	Agriplex mid density markers	Agriplex mid density markers	T/C
2	11317066	2	S100K-SNP-SB02-011317066-T-C-02	ICRISAT	BI/ICRISAT	T/C
2	11431335	2	S100K-SNP-SB02-011431335-C-A	Agriplex mid density markers	Agriplex mid density markers	C/A
2	11431335	2	S100K-SNP-SB02-011431335-C-A-02	ICRISAT	BI/ICRISAT	C/A
2	11656286	2	S100K-SNP-SB02-011656286-C-T	Agriplex mid density markers	Agriplex mid density markers	C/T
2	11656286	2	S100K-SNP-SB02-011656286-C-T-02	ICRISAT	BI/ICRISAT	C/T
2	11765687	2	S100K-SNP-SB02-011765687-A-T	Agriplex mid density markers	Agriplex mid density markers	A/T
2	11765687	2	S100K-SNP-SB02-011765687-A-T-02	ICRISAT	BI/ICRISAT	A/T
2	11786205	2	S100K-SNP-SB02-011786205-A-G	Agriplex mid density markers	Agriplex mid density markers	A/G
2	11786205	2	S100K-SNP-SB02-011786205-A-G-02	ICRISAT	BI/ICRISAT	A/G
2	12203631	2	S100K-SNP-SB02-012203631-A-T	Agriplex mid density markers	Agriplex mid density markers	A/T
2	12203631	2	S100K-SNP-SB02-012203631-A-T-02	ICRISAT	BI/ICRISAT	A/T
2	12411222	2	S100K-SNP-SB02-012411222-T-C	Agriplex mid density markers	Agriplex mid density markers	T/C
2	12411222	2	S100K-SNP-SB02-012411222-T-C-02	ICRISAT	BI/ICRISAT	T/C
2	1408287	2	S100K-SNP-SB02-001408287-T-C	Agriplex mid density markers	Agriplex mid density markers	T/C
2	1408287	2	S100K-SNP-SB02-001408287-T-C-02	ICRISAT	BI/ICRISAT	T/C
2	1415713	2	S100K-SNP-SB02-001415713-C-T	Agriplex mid density markers	Agriplex mid density markers	C/T
2	1415713	2	S100K-SNP-SB02-001415713-C-T-02	ICRISAT	BI/ICRISAT	C/T
2	14172689	2	S100K-SNP-SB02-014172689-C-G	Agriplex mid density markers	Agriplex mid density markers	C/G
2	14172689	2	S100K-SNP-SB02-014172689-C-G-02	ICRISAT	BI/ICRISAT	C/G
2	14749096	2	S100K-SNP-SB02-014749096-G-C	Agriplex mid density markers	Agriplex mid density markers	G/C
2	14749096	2	S100K-SNP-SB02-014749096-G-C-02	ICRISAT	BI/ICRISAT	G/C
2	14776073	2	S100K-SNP-SB02-014776073-G-A	Agriplex mid density markers	Agriplex mid density markers	G/A
2	14776073	2	S100K-SNP-SB02-014776073-G-A-02	ICRISAT	BI/ICRISAT	G/A
2	16648922	2	S100K-SNP-SB02-016648922-G-T	Agriplex mid density markers	Agriplex mid density markers	G/T
2	16648922	2	S100K-SNP-SB02-016648922-G-T-02	ICRISAT	BI/ICRISAT	G/T
2	16852931	2	S100K-SNP-SB02-016852931-T-G	Agriplex mid density markers	Agriplex mid density markers	T/G
2	16852931	2	S100K-SNP-SB02-016852931-T-G-02	ICRISAT	BI/ICRISAT	T/G
2	17293213	2	S100K-SNP-SB02-017293213-T-G	Agriplex mid density markers	Agriplex mid density markers	T/G
2	17293213	2	S100K-SNP-SB02-017293213-T-G-02	ICRISAT	BI/ICRISAT	T/G
2	17641207	2	S100K-SNP-SB02-017641207-T-A	Agriplex mid density markers	Agriplex mid density markers	T/A
2	17641207	2	S100K-SNP-SB02-017641207-T-A-02	ICRISAT	BI/ICRISAT	T/A
2	17710088	2	S100K-SNP-SB02-017710088-T-A	Agriplex mid density markers	Agriplex mid density markers	T/A
2	17710088	2	S100K-SNP-SB02-017710088-T-A-02	ICRISAT	BI/ICRISAT	T/A
2	17760736	2	S100K-SNP-SB02-017760736-G-A	Agriplex mid density markers	Agriplex mid density markers	G/A
2	17760736	2	S100K-SNP-SB02-017760736-G-A-02	ICRISAT	BI/ICRISAT	G/A
2	17975913	2	S100K-SNP-SB02-017975913-G-A	Agriplex mid density markers	Agriplex mid density markers	G/A
2	17975913	2	S100K-SNP-SB02-017975913-G-A-02	ICRISAT	BI/ICRISAT	G/A
2	1829560	2	S100K-SNP-SB02-001829560-G-A	Agriplex mid density markers	Agriplex mid density markers	G/A
2	1829560	2	S100K-SNP-SB02-001829560-G-A-02	ICRISAT	BI/ICRISAT	G/A
2	18316316	2	S100K-SNP-SB02-018316316-A-G	Agriplex mid density markers	Agriplex mid density markers	A/G
2	18316316	2	S100K-SNP-SB02-018316316-A-G-02	ICRISAT	BI/ICRISAT	A/G
2	18921102	2	S100K-SNP-SB02-018921102-T-C	Agriplex mid density markers	Agriplex mid density markers	T/C
2	18921102	2	S100K-SNP-SB02-018921102-T-C-02	ICRISAT	BI/ICRISAT	T/C
2	18990434	2	S100K-SNP-SB02-018990434-A-G	Agriplex mid density markers	Agriplex mid density markers	A/G
2	18990434	2	S100K-SNP-SB02-018990434-A-G-02	ICRISAT	BI/ICRISAT	A/G
2	19788757	2	S100K-SNP-SB02-019788757-C-T	Agriplex mid density markers	Agriplex mid density markers	C/T
2	19788757	2	S100K-SNP-SB02-019788757-C-T-02	ICRISAT	BI/ICRISAT	C/T
2	1991240	2	S100K-SNP-SB02-001991240-T-C	Agriplex mid density markers	Agriplex mid density markers	T/C
2	1991240	2	S100K-SNP-SB02-001991240-T-C-02	ICRISAT	BI/ICRISAT	T/C
2	20099761	2	S100K-SNP-SB02-020099761-C-T	Agriplex mid density markers	Agriplex mid density markers	C/T
2	20099761	2	S100K-SNP-SB02-020099761-C-T-02	ICRISAT	BI/ICRISAT	C/T
2	20171454	2	S100K-SNP-SB02-020171454-C-G	Agriplex mid density markers	Agriplex mid density markers	C/G
2	20171454	2	S100K-SNP-SB02-020171454-C-G-02	ICRISAT	BI/ICRISAT	C/G
2	20563273	2	S100K-SNP-SB02-020563273-T-G	Agriplex mid density markers	Agriplex mid density markers	T/G
2	20563273	2	S100K-SNP-SB02-020563273-T-G-02	ICRISAT	BI/ICRISAT	T/G
2	20573567	2	S100K-SNP-SB02-020573567-A-T	Agriplex mid density markers	Agriplex mid density markers	A/T
2	20573567	2	S100K-SNP-SB02-020573567-A-T-02	ICRISAT	BI/ICRISAT	A/T
2	20700849	2	S100K-SNP-SB02-020700849-G-C	Agriplex mid density markers	Agriplex mid density markers	G/C
2	20700849	2	S100K-SNP-SB02-020700849-G-C-02	ICRISAT	BI/ICRISAT	G/C
2	21781371	2	S100K-SNP-SB02-021781371-C-T	Agriplex mid density markers	Agriplex mid density markers	C/T
2	21781371	2	S100K-SNP-SB02-021781371-C-T-02	ICRISAT	BI/ICRISAT	C/T
2	22756856	2	S100K-SNP-SB02-022756856-T-C	Agriplex mid density markers	Agriplex mid density markers	T/C
2	22756856	2	S100K-SNP-SB02-022756856-T-C-02	ICRISAT	BI/ICRISAT	T/C
2	23010733	2	S100K-SNP-SB02-023010733-G-A	Agriplex mid density markers	Agriplex mid density markers	G/A
2	23010733	2	S100K-SNP-SB02-023010733-G-A-02	ICRISAT	BI/ICRISAT	G/A
2	23048781	2	S100K-SNP-SB02-023048781-G-C	Agriplex mid density markers	Agriplex mid density markers	G/C
2	23048781	2	S100K-SNP-SB02-023048781-G-C-02	ICRISAT	BI/ICRISAT	G/C
2	2382977	2	S100K-SNP-SB02-002382977-C-A	Agriplex mid density markers	Agriplex mid density markers	C/A
2	2382977	2	S100K-SNP-SB02-002382977-C-A-02	ICRISAT	BI/ICRISAT	C/A
2	23857220	2	S100K-SNP-SB02-023857220-T-A	Agriplex mid density markers	Agriplex mid density markers	T/A
2	23857220	2	S100K-SNP-SB02-023857220-T-A-02	ICRISAT	BI/ICRISAT	T/A
2	2521455	2	S100K-SNP-SB02-002521455-T-C	Agriplex mid density markers	Agriplex mid density markers	T/C
2	2521455	2	S100K-SNP-SB02-002521455-T-C-02	ICRISAT	BI/ICRISAT	T/C
2	2728844	2	S100K-SNP-SB02-002728844-T-A	Agriplex mid density markers	Agriplex mid density markers	T/A
2	2728844	2	S100K-SNP-SB02-002728844-T-A-02	ICRISAT	BI/ICRISAT	T/A
2	27766598	2	S100K-SNP-SB02-027766598-G-A	Agriplex mid density markers	Agriplex mid density markers	G/A
2	27766598	2	S100K-SNP-SB02-027766598-G-A-02	ICRISAT	BI/ICRISAT	G/A
2	2781003	2	S100K-SNP-SB02-002781003-G-C	Agriplex mid density markers	Agriplex mid density markers	G/C
2	2781003	2	S100K-SNP-SB02-002781003-G-C-02	ICRISAT	BI/ICRISAT	G/C
2	3042598	2	S100K-SNP-SB02-003042598-G-C	Agriplex mid density markers	Agriplex mid density markers	G/C
2	3042598	2	S100K-SNP-SB02-003042598-G-C-02	ICRISAT	BI/ICRISAT	G/C
2	3147710	2	S100K-SNP-SB02-003147710-G-T	Agriplex mid density markers	Agriplex mid density markers	G/T
2	3147710	2	S100K-SNP-SB02-003147710-G-T-02	ICRISAT	BI/ICRISAT	G/T
2	3272882	2	S100K-SNP-SB02-003272882-C-G	Agriplex mid density markers	Agriplex mid density markers	C/G
2	3272882	2	S100K-SNP-SB02-003272882-C-G-02	ICRISAT	BI/ICRISAT	C/G
2	3467457	2	S100K-SNP-SB02-003467457-T-C	Agriplex mid density markers	Agriplex mid density markers	T/C
2	3467457	2	S100K-SNP-SB02-003467457-T-C-02	ICRISAT	BI/ICRISAT	T/C
2	3711510	2	S100K-SNP-SB02-003711510-T-A	Agriplex mid density markers	Agriplex mid density markers	T/A
2	3711510	2	S100K-SNP-SB02-003711510-T-A-02	ICRISAT	BI/ICRISAT	T/A
2	388603	2	S100K-SNP-SB02-000388603-C-T	Agriplex mid density markers	Agriplex mid density markers	C/T
2	388603	2	S100K-SNP-SB02-000388603-C-T-02	ICRISAT	BI/ICRISAT	C/T
2	3937345	2	S100K-SNP-SB02-003937345-G-A	Agriplex mid density markers	Agriplex mid density markers	G/A
2	3937345	2	S100K-SNP-SB02-003937345-G-A-02	ICRISAT	BI/ICRISAT	G/A
2	4135291	2	S100K-SNP-SB02-004135291-T-C	Agriplex mid density markers	Agriplex mid density markers	T/C
2	4135291	2	S100K-SNP-SB02-004135291-T-C-02	ICRISAT	BI/ICRISAT	T/C
2	4286577	2	S100K-SNP-SB02-004286577-A-G	Agriplex mid density markers	Agriplex mid density markers	A/G
2	4286577	2	S100K-SNP-SB02-004286577-A-G-02	ICRISAT	BI/ICRISAT	A/G
2	45977261	2	S100K-SNP-SB02-045977261-A-G	Agriplex mid density markers	Agriplex mid density markers	A/G
2	45977261	2	S100K-SNP-SB02-045977261-A-G-02	ICRISAT	BI/ICRISAT	A/G
2	4635532	2	S100K-SNP-SB02-004635532-T-A	Agriplex mid density markers	Agriplex mid density markers	T/A
2	4635532	2	S100K-SNP-SB02-004635532-T-A-02	ICRISAT	BI/ICRISAT	T/A
2	46793058	2	S100K-SNP-SB02-046793058-A-T	Agriplex mid density markers	Agriplex mid density markers	A/T
2	46793058	2	S100K-SNP-SB02-046793058-A-T-02	ICRISAT	BI/ICRISAT	A/T
2	46861490	2	S100K-SNP-SB02-046861490-T-C	Agriplex mid density markers	Agriplex mid density markers	T/C
2	46861490	2	S100K-SNP-SB02-046861490-T-C-02	ICRISAT	BI/ICRISAT	T/C
2	46939184	2	S100K-SNP-SB02-046939184-A-G	Agriplex mid density markers	Agriplex mid density markers	A/G
2	46939184	2	S100K-SNP-SB02-046939184-A-G-02	ICRISAT	BI/ICRISAT	A/G
2	47150048	3	S100K-SNP-SB02-047150048-A-G	Agriplex mid density markers	Agriplex mid density markers	A/G
2	47150048	3	S100K-SNP-SB02-047150048-A-G-02	ICRISAT	BI/ICRISAT	A/G
2	47150048	3	S100K-SNP-SB02-047150048-A-G-03	Quality Control	ICRISAT/EiB	A/G
2	47294140	2	S100K-SNP-SB02-047294140-G-A	Agriplex mid density markers	Agriplex mid density markers	G/A
2	47294140	2	S100K-SNP-SB02-047294140-G-A-02	ICRISAT	BI/ICRISAT	G/A
2	49314529	2	S100K-SNP-SB02-049314529-A-G	Agriplex mid density markers	Agriplex mid density markers	A/G
2	49314529	2	S100K-SNP-SB02-049314529-A-G-02	ICRISAT	BI/ICRISAT	A/G
2	49535651	2	S100K-SNP-SB02-049535651-G-A	Agriplex mid density markers	Agriplex mid density markers	G/A
2	49535651	2	S100K-SNP-SB02-049535651-G-A-02	ICRISAT	BI/ICRISAT	G/A
2	50018400	2	S100K-SNP-SB02-050018400-G-A	Agriplex mid density markers	Agriplex mid density markers	G/A
2	50018400	2	S100K-SNP-SB02-050018400-G-A-02	ICRISAT	BI/ICRISAT	G/A
2	51634878	2	S100K-SNP-SB02-051634878-A-G	Agriplex mid density markers	Agriplex mid density markers	A/G
2	51634878	2	S100K-SNP-SB02-051634878-A-G-02	ICRISAT	BI/ICRISAT	A/G
2	52125078	2	S100K-SNP-SB02-052125078-G-T	Agriplex mid density markers	Agriplex mid density markers	G/T
2	52125078	2	S100K-SNP-SB02-052125078-G-T-02	ICRISAT	BI/ICRISAT	G/T
2	52127520	2	S100K-SNP-SB02-052127520-G-A	Agriplex mid density markers	Agriplex mid density markers	G/A
2	52127520	2	S100K-SNP-SB02-052127520-G-A-02	ICRISAT	BI/ICRISAT	G/A
2	52186362	2	S100K-SNP-SB02-052186362-A-G	Agriplex mid density markers	Agriplex mid density markers	A/G
2	52186362	2	S100K-SNP-SB02-052186362-A-G-02	ICRISAT	BI/ICRISAT	A/G
2	52558089	2	S100K-SNP-SB02-052558089-G-A	Agriplex mid density markers	Agriplex mid density markers	G/A
2	52558089	2	S100K-SNP-SB02-052558089-G-A-02	ICRISAT	BI/ICRISAT	G/A
2	5261280	2	S100K-SNP-SB02-005261280-T-C	Agriplex mid density markers	Agriplex mid density markers	T/C
2	5261280	2	S100K-SNP-SB02-005261280-T-C-02	ICRISAT	BI/ICRISAT	T/C
2	53326465	2	S100K-SNP-SB02-053326465-A-G	Agriplex mid density markers	Agriplex mid density markers	A/G
2	53326465	2	S100K-SNP-SB02-053326465-A-G-02	ICRISAT	BI/ICRISAT	A/G
2	5384574	2	S100K-SNP-SB02-005384574-C-T	Agriplex mid density markers	Agriplex mid density markers	C/T
2	5384574	2	S100K-SNP-SB02-005384574-C-T-02	ICRISAT	BI/ICRISAT	C/T
2	53886993	2	S100K-SNP-SB02-053886993-C-T	Agriplex mid density markers	Agriplex mid density markers	C/T
2	53886993	2	S100K-SNP-SB02-053886993-C-T-02	ICRISAT	BI/ICRISAT	C/T
2	55268019	2	S100K-SNP-SB02-055268019-A-G	Agriplex mid density markers	Agriplex mid density markers	A/G
2	55268019	2	S100K-SNP-SB02-055268019-A-G-02	ICRISAT	BI/ICRISAT	A/G
2	55351187	2	S100K-SNP-SB02-055351187-T-C	Agriplex mid density markers	Agriplex mid density markers	T/C
2	55351187	2	S100K-SNP-SB02-055351187-T-C-02	ICRISAT	BI/ICRISAT	T/C
2	55520157	2	S100K-SNP-SB02-055520157-C-T	Agriplex mid density markers	Agriplex mid density markers	C/T
2	55520157	2	S100K-SNP-SB02-055520157-C-T-02	ICRISAT	BI/ICRISAT	C/T
2	55790962	2	S100K-SNP-SB02-055790962-T-A	Agriplex mid density markers	Agriplex mid density markers	T/A
2	55790962	2	S100K-SNP-SB02-055790962-T-A-02	ICRISAT	BI/ICRISAT	T/A
2	56068692	2	S100K-SNP-SB02-056068692-A-C	Agriplex mid density markers	Agriplex mid density markers	A/C
2	56068692	2	S100K-SNP-SB02-056068692-A-C-02	ICRISAT	BI/ICRISAT	A/C
2	56332220	2	S100K-SNP-SB02-056332220-C-G	Agriplex mid density markers	Agriplex mid density markers	C/G
2	56332220	2	S100K-SNP-SB02-056332220-C-G-02	ICRISAT	BI/ICRISAT	C/G
2	5644126	2	S100K-SNP-SB02-005644126-T-C	Agriplex mid density markers	Agriplex mid density markers	T/C
2	5644126	2	S100K-SNP-SB02-005644126-T-C-02	ICRISAT	BI/ICRISAT	T/C
2	56563796	2	S100K-SNP-SB02-056563796-A-C	Agriplex mid density markers	Agriplex mid density markers	A/C
2	56563796	2	S100K-SNP-SB02-056563796-A-C-02	ICRISAT	BI/ICRISAT	A/C
2	56651906	2	S100K-SNP-SB02-056651906-C-T	Agriplex mid density markers	Agriplex mid density markers	C/T
2	56651906	2	S100K-SNP-SB02-056651906-C-T-02	ICRISAT	BI/ICRISAT	C/T
2	56904578	2	S100K-SNP-SB02-056904578-C-A	Agriplex mid density markers	Agriplex mid density markers	C/A
2	56904578	2	S100K-SNP-SB02-056904578-C-A-02	ICRISAT	BI/ICRISAT	C/A
2	56924165	2	S100K-SNP-SB02-056924165-G-C	Agriplex mid density markers	Agriplex mid density markers	G/C
2	56924165	2	S100K-SNP-SB02-056924165-G-C-02	ICRISAT	BI/ICRISAT	G/C
2	56957125	2	S100K-SNP-SB02-056957125-C-T	Agriplex mid density markers	Agriplex mid density markers	C/T
2	56957125	2	S100K-SNP-SB02-056957125-C-T-02	ICRISAT	BI/ICRISAT	C/T
2	57680557	2	S100K-SNP-SB02-057680557-T-G	Agriplex mid density markers	Agriplex mid density markers	T/G
2	57680557	2	S100K-SNP-SB02-057680557-T-G-02	ICRISAT	BI/ICRISAT	T/G
2	57728127	2	S100K-SNP-SB02-057728127-C-A	Agriplex mid density markers	Agriplex mid density markers	C/A
2	57728127	2	S100K-SNP-SB02-057728127-C-A-02	ICRISAT	BI/ICRISAT	C/A
2	57875126	2	S100K-SNP-SB02-057875126-C-T	Agriplex mid density markers	Agriplex mid density markers	C/T
2	57875126	2	S100K-SNP-SB02-057875126-C-T-02	ICRISAT	BI/ICRISAT	C/T
2	57981108	2	S100K-SNP-SB02-057981108-G-T	Agriplex mid density markers	Agriplex mid density markers	G/T
2	57981108	2	S100K-SNP-SB02-057981108-G-T-02	ICRISAT	BI/ICRISAT	G/T
2	58219774	2	S100K-SNP-SB02-058219774-G-A	Agriplex mid density markers	Agriplex mid density markers	G/A
2	58219774	2	S100K-SNP-SB02-058219774-G-A-02	ICRISAT	BI/ICRISAT	G/A
2	58220594	2	S100K-SNP-SB02-058220594-A-C	Agriplex mid density markers	Agriplex mid density markers	A/C
2	58220594	2	S100K-SNP-SB02-058220594-A-C-02	ICRISAT	BI/ICRISAT	A/C
2	583083	2	S100K-SNP-SB02-000583083-A-G	Agriplex mid density markers	Agriplex mid density markers	A/G
2	583083	2	S100K-SNP-SB02-000583083-A-G-02	ICRISAT	BI/ICRISAT	A/G
2	58331085	2	S100K-SNP-SB02-058331085-T-C	Agriplex mid density markers	Agriplex mid density markers	T/C
2	58331085	2	S100K-SNP-SB02-058331085-T-C-02	ICRISAT	BI/ICRISAT	T/C
2	58752330	2	S100K-SNP-SB02-058752330-T-A	Agriplex mid density markers	Agriplex mid density markers	T/A
2	58752330	2	S100K-SNP-SB02-058752330-T-A-02	ICRISAT	BI/ICRISAT	T/A
2	58861091	2	S100K-SNP-SB02-058861091-C-A	Agriplex mid density markers	Agriplex mid density markers	C/A
2	58861091	2	S100K-SNP-SB02-058861091-C-A-02	ICRISAT	BI/ICRISAT	C/A
2	58880705	2	S100K-SNP-SB02-058880705-A-G	Agriplex mid density markers	Agriplex mid density markers	A/G
2	58880705	2	S100K-SNP-SB02-058880705-A-G-02	ICRISAT	BI/ICRISAT	A/G
2	58992066	2	S100K-SNP-SB02-058992066-C-T	Agriplex mid density markers	Agriplex mid density markers	C/T
2	58992066	2	S100K-SNP-SB02-058992066-C-T-02	ICRISAT	BI/ICRISAT	C/T
2	59000770	3	S100K-SNP-SB02-059000770-NA-NA	Drought tolerance	ICRISAT/EiB	-/-
2	59000770	3	S100K-SNP-SB02-059000770-A-C	Agriplex mid density markers	Agriplex mid density markers	A/C
2	59000770	3	S100K-SNP-SB02-059000770-C-T	Post-flowering Drought tolerance	ICRISAT/EiB	C/T
2	59012234	2	S100K-SNP-SB02-059012234-T-C	Agriplex mid density markers	Agriplex mid density markers	T/C
2	59012234	2	S100K-SNP-SB02-059012234-T-C-02	ICRISAT	BI/ICRISAT	T/C
2	59030845	2	S100K-SNP-SB02-059030845-G-A	Agriplex mid density markers	Agriplex mid density markers	G/A
2	59030845	2	S100K-SNP-SB02-059030845-G-A-02	ICRISAT	BI/ICRISAT	G/A
2	59151234	2	S100K-SNP-SB02-059151234-T-C	Agriplex mid density markers	Agriplex mid density markers	T/C
2	59151234	2	S100K-SNP-SB02-059151234-T-C-02	ICRISAT	BI/ICRISAT	T/C
2	59198266	2	S100K-SNP-SB02-059198266-G-C	Agriplex mid density markers	Agriplex mid density markers	G/C
2	59198266	2	S100K-SNP-SB02-059198266-G-C-02	ICRISAT	BI/ICRISAT	G/C
2	59264062	2	S100K-SNP-SB02-059264062-G-C	Agriplex mid density markers	Agriplex mid density markers	G/C
2	59264062	2	S100K-SNP-SB02-059264062-G-C-02	ICRISAT	BI/ICRISAT	G/C
2	59577465	2	S100K-SNP-SB02-059577465-A-C	Agriplex mid density markers	Agriplex mid density markers	A/C
2	59577465	2	S100K-SNP-SB02-059577465-A-C-02	ICRISAT	BI/ICRISAT	A/C
2	59611033	2	S100K-SNP-SB02-059611033-A-G	Agriplex mid density markers	Agriplex mid density markers	A/G
2	59611033	2	S100K-SNP-SB02-059611033-A-G-02	ICRISAT	BI/ICRISAT	A/G
2	59718245	2	S100K-SNP-SB02-059718245-G-C	Agriplex mid density markers	Agriplex mid density markers	G/C
2	59718245	2	S100K-SNP-SB02-059718245-G-C-02	ICRISAT	BI/ICRISAT	G/C
2	59726888	2	S100K-SNP-SB02-059726888-A-T	Agriplex mid density markers	Agriplex mid density markers	A/T
2	59726888	2	S100K-SNP-SB02-059726888-A-T-02	ICRISAT	BI/ICRISAT	A/T
2	59734197	2	S100K-SNP-SB02-059734197-G-C	Agriplex mid density markers	Agriplex mid density markers	G/C
2	59734197	2	S100K-SNP-SB02-059734197-G-C-02	ICRISAT	BI/ICRISAT	G/C
2	59792649	2	S100K-SNP-SB02-059792649-G-A	Agriplex mid density markers	Agriplex mid density markers	G/A
2	59792649	2	S100K-SNP-SB02-059792649-G-A-02	ICRISAT	BI/ICRISAT	G/A
2	59821923	3	S100K-SNP-SB02-059821923-NA-NA	Drought tolerance	ICRISAT/EiB	-/-
2	59821923	3	S100K-SNP-SB02-059821923-T-G	Agriplex mid density markers	Agriplex mid density markers	T/G
2	59821923	3	S100K-SNP-SB02-059821923-G-A	Post-flowering Drought tolerance	ICRISAT/EiB	G/A
2	59822114	2	S100K-SNP-SB02-059822114-A-G	Agriplex mid density markers	Agriplex mid density markers	A/G
2	59822114	2	S100K-SNP-SB02-059822114-A-G-02	ICRISAT	BI/ICRISAT	A/G
2	60059537	2	S100K-SNP-SB02-060059537-A-G	Agriplex mid density markers	Agriplex mid density markers	A/G
2	60059537	2	S100K-SNP-SB02-060059537-A-G-02	ICRISAT	BI/ICRISAT	A/G
2	60098184	3	S100K-SNP-SB02-060098184-NA-NA	Drought tolerance	ICRISAT/EiB	-/-
2	60098184	3	S100K-SNP-SB02-060098184-T-G	Agriplex mid density markers	Agriplex mid density markers	T/G
2	60098184	3	S100K-SNP-SB02-060098184-G-A	Post-flowering Drought tolerance	ICRISAT/EiB	G/A
2	60131028	2	S100K-SNP-SB02-060131028-C-T	Agriplex mid density markers	Agriplex mid density markers	C/T
2	60131028	2	S100K-SNP-SB02-060131028-C-T-02	ICRISAT	BI/ICRISAT	C/T
2	6027251	2	S100K-SNP-SB02-006027251-C-G	Agriplex mid density markers	Agriplex mid density markers	C/G
2	6027251	2	S100K-SNP-SB02-006027251-C-G-02	ICRISAT	BI/ICRISAT	C/G
2	60383083	2	S100K-SNP-SB02-060383083-T-C	Agriplex mid density markers	Agriplex mid density markers	T/C
2	60383083	2	S100K-SNP-SB02-060383083-T-C-02	ICRISAT	BI/ICRISAT	T/C
2	60406949	2	S100K-SNP-SB02-060406949-C-A	Agriplex mid density markers	Agriplex mid density markers	C/A
2	60406949	2	S100K-SNP-SB02-060406949-C-A-02	ICRISAT	BI/ICRISAT	C/A
2	6045380	4	S100K-SNP-SB02-006045380-NA-NA	Fertility restoration	ICRISAT/EiB	-/-
2	6045380	4	S100K-SNP-SB02-006045380-G-A	Agriplex mid density markers	Agriplex mid density markers	G/A
2	6045380	4	S100K-SNP-SB02-006045380-G-A-02	ICRISAT	BI/ICRISAT	G/A
2	6045380	4	S100K-SNP-SB02-006045380-G-A-03	Fertility restoration gene	ICRISAT/EiB	G/A
2	60775899	2	S100K-SNP-SB02-060775899-G-A	Agriplex mid density markers	Agriplex mid density markers	G/A
2	60775899	2	S100K-SNP-SB02-060775899-G-A-02	ICRISAT	BI/ICRISAT	G/A
2	60853828	2	S100K-SNP-SB02-060853828-A-G	Agriplex mid density markers	Agriplex mid density markers	A/G
2	60853828	2	S100K-SNP-SB02-060853828-A-G-02	ICRISAT	BI/ICRISAT	A/G
2	60875810	2	S100K-SNP-SB02-060875810-C-A	Agriplex mid density markers	Agriplex mid density markers	C/A
2	60875810	2	S100K-SNP-SB02-060875810-C-A-02	ICRISAT	BI/ICRISAT	C/A
2	60921531	2	S100K-SNP-SB02-060921531-T-A	Agriplex mid density markers	Agriplex mid density markers	T/A
2	60921531	2	S100K-SNP-SB02-060921531-T-A-02	ICRISAT	BI/ICRISAT	T/A
2	60969241	2	S100K-SNP-SB02-060969241-T-G	Agriplex mid density markers	Agriplex mid density markers	T/G
2	60969241	2	S100K-SNP-SB02-060969241-T-G-02	ICRISAT	BI/ICRISAT	T/G
2	60973403	2	S100K-SNP-SB02-060973403-C-T	Agriplex mid density markers	Agriplex mid density markers	C/T
2	60973403	2	S100K-SNP-SB02-060973403-C-T-02	ICRISAT	BI/ICRISAT	C/T
2	61091644	2	S100K-SNP-SB02-061091644-G-C	Agriplex mid density markers	Agriplex mid density markers	G/C
2	61091644	2	S100K-SNP-SB02-061091644-G-C-02	ICRISAT	BI/ICRISAT	G/C
2	61118384	2	S100K-SNP-SB02-061118384-T-G	Agriplex mid density markers	Agriplex mid density markers	T/G
2	61118384	2	S100K-SNP-SB02-061118384-T-G-02	ICRISAT	BI/ICRISAT	T/G
2	61121980	2	S100K-SNP-SB02-061121980-T-C	Agriplex mid density markers	Agriplex mid density markers	T/C
2	61121980	2	S100K-SNP-SB02-061121980-T-C-02	ICRISAT	BI/ICRISAT	T/C
2	61130174	2	S100K-SNP-SB02-061130174-C-T	Agriplex mid density markers	Agriplex mid density markers	C/T
2	61130174	2	S100K-SNP-SB02-061130174-C-T-02	ICRISAT	BI/ICRISAT	C/T
2	61272138	2	S100K-SNP-SB02-061272138-C-T	Agriplex mid density markers	Agriplex mid density markers	C/T
2	61272138	2	S100K-SNP-SB02-061272138-C-T-02	ICRISAT	BI/ICRISAT	C/T
2	61543650	2	S100K-SNP-SB02-061543650-G-A	Agriplex mid density markers	Agriplex mid density markers	G/A
2	61543650	2	S100K-SNP-SB02-061543650-G-A-02	ICRISAT	BI/ICRISAT	G/A
2	61654770	2	S100K-SNP-SB02-061654770-T-A	Agriplex mid density markers	Agriplex mid density markers	T/A
2	61654770	2	S100K-SNP-SB02-061654770-T-A-02	ICRISAT	BI/ICRISAT	T/A
2	61698343	2	S100K-SNP-SB02-061698343-T-G	Agriplex mid density markers	Agriplex mid density markers	T/G
2	61698343	2	S100K-SNP-SB02-061698343-T-G-02	ICRISAT	BI/ICRISAT	T/G
2	61802625	2	S100K-SNP-SB02-061802625-T-C	Agriplex mid density markers	Agriplex mid density markers	T/C
2	61802625	2	S100K-SNP-SB02-061802625-T-C-02	ICRISAT	BI/ICRISAT	T/C
2	61811307	4	S100K-SNP-SB02-061811307-NA-NA	Drought/Fertility	ICRISAT/EiB	-/-
2	61811307	4	S100K-SNP-SB02-061811307-T-A	Agriplex mid density markers	Agriplex mid density markers	T/A
2	61811307	4	S100K-SNP-SB02-061811307-A-G	Post-flowering Drought tolerance	ICRISAT/EiB	A/G
2	61811307	4	S100K-SNP-SB02-061811307-A-G-02	Fertility restoration gene	ICRISAT/EiB	A/G
2	61999176	2	S100K-SNP-SB02-061999176-T-A	Agriplex mid density markers	Agriplex mid density markers	T/A
2	61999176	2	S100K-SNP-SB02-061999176-T-A-02	ICRISAT	BI/ICRISAT	T/A
2	62009910	2	S100K-SNP-SB02-062009910-C-G	Agriplex mid density markers	Agriplex mid density markers	C/G
2	62009910	2	S100K-SNP-SB02-062009910-C-G-02	ICRISAT	BI/ICRISAT	C/G
2	62014331	2	S100K-SNP-SB02-062014331-G-T	Agriplex mid density markers	Agriplex mid density markers	G/T
2	62014331	2	S100K-SNP-SB02-062014331-G-T-02	ICRISAT	BI/ICRISAT	G/T
2	6203646	2	S100K-SNP-SB02-006203646-A-G	Fresh shoot weight	AAU-SLU Biotech/Sida	A/G
2	6203646	2	S100K-SNP-SB02-006203646-A-G-02	Dry shoot weight	AAU-SLU Biotech/Sida	A/G
2	62062296	2	S100K-SNP-SB02-062062296-C-G	Agriplex mid density markers	Agriplex mid density markers	C/G
2	62062296	2	S100K-SNP-SB02-062062296-C-G-02	ICRISAT	BI/ICRISAT	C/G
2	62112649	2	S100K-SNP-SB02-062112649-A-G	Agriplex mid density markers	Agriplex mid density markers	A/G
2	62112649	2	S100K-SNP-SB02-062112649-A-G-02	ICRISAT	BI/ICRISAT	A/G
2	62132487	2	S100K-SNP-SB02-062132487-G-A	Agriplex mid density markers	Agriplex mid density markers	G/A
2	62132487	2	S100K-SNP-SB02-062132487-G-A-02	ICRISAT	BI/ICRISAT	G/A
2	62216434	2	S100K-SNP-SB02-062216434-G-A	Agriplex mid density markers	Agriplex mid density markers	G/A
2	62216434	2	S100K-SNP-SB02-062216434-G-A-02	ICRISAT	BI/ICRISAT	G/A
2	62230708	2	S100K-SNP-SB02-062230708-A-G	Agriplex mid density markers	Agriplex mid density markers	A/G
2	62230708	2	S100K-SNP-SB02-062230708-A-G-02	ICRISAT	BI/ICRISAT	A/G
2	6232488	2	S100K-SNP-SB02-006232488-C-T	Agriplex mid density markers	Agriplex mid density markers	C/T
2	6232488	2	S100K-SNP-SB02-006232488-C-T-02	ICRISAT	BI/ICRISAT	C/T
2	62350741	2	S100K-SNP-SB02-062350741-G-C	Agriplex mid density markers	Agriplex mid density markers	G/C
2	62350741	2	S100K-SNP-SB02-062350741-G-C-02	ICRISAT	BI/ICRISAT	G/C
2	62422104	2	S100K-SNP-SB02-062422104-G-C	Agriplex mid density markers	Agriplex mid density markers	G/C
2	62422104	2	S100K-SNP-SB02-062422104-G-C-02	ICRISAT	BI/ICRISAT	G/C
2	62691832	2	S100K-SNP-SB02-062691832-A-G	Agriplex mid density markers	Agriplex mid density markers	A/G
2	62691832	2	S100K-SNP-SB02-062691832-A-G-02	ICRISAT	BI/ICRISAT	A/G
2	62692570	2	S100K-SNP-SB02-062692570-A-T	Agriplex mid density markers	Agriplex mid density markers	A/T
2	62692570	2	S100K-SNP-SB02-062692570-A-T-02	ICRISAT	BI/ICRISAT	A/T
2	62726243	2	S100K-SNP-SB02-062726243-C-T	Agriplex mid density markers	Agriplex mid density markers	C/T
2	62726243	2	S100K-SNP-SB02-062726243-C-T-02	ICRISAT	BI/ICRISAT	C/T
2	62829762	2	S100K-SNP-SB02-062829762-G-C	Agriplex mid density markers	Agriplex mid density markers	G/C
2	62829762	2	S100K-SNP-SB02-062829762-G-C-02	ICRISAT	BI/ICRISAT	G/C
2	62878377	2	S100K-SNP-SB02-062878377-T-G	Agriplex mid density markers	Agriplex mid density markers	T/G
2	62878377	2	S100K-SNP-SB02-062878377-T-G-02	ICRISAT	BI/ICRISAT	T/G
2	62918770	2	S100K-SNP-SB02-062918770-G-C	Agriplex mid density markers	Agriplex mid density markers	G/C
2	62918770	2	S100K-SNP-SB02-062918770-G-C-02	ICRISAT	BI/ICRISAT	G/C
2	62972749	2	S100K-SNP-SB02-062972749-G-A	Agriplex mid density markers	Agriplex mid density markers	G/A
2	62972749	2	S100K-SNP-SB02-062972749-G-A-02	ICRISAT	BI/ICRISAT	G/A
2	62973742	2	S100K-SNP-SB02-062973742-A-C	Agriplex mid density markers	Agriplex mid density markers	A/C
2	62973742	2	S100K-SNP-SB02-062973742-A-C-02	ICRISAT	BI/ICRISAT	A/C
2	62993237	2	S100K-SNP-SB02-062993237-C-T	Agriplex mid density markers	Agriplex mid density markers	C/T
2	62993237	2	S100K-SNP-SB02-062993237-C-T-02	ICRISAT	BI/ICRISAT	C/T
2	62996588	2	S100K-SNP-SB02-062996588-T-G	Agriplex mid density markers	Agriplex mid density markers	T/G
2	62996588	2	S100K-SNP-SB02-062996588-T-G-02	ICRISAT	BI/ICRISAT	T/G
2	63059485	2	S100K-SNP-SB02-063059485-T-G	Agriplex mid density markers	Agriplex mid density markers	T/G
2	63059485	2	S100K-SNP-SB02-063059485-T-G-02	ICRISAT	BI/ICRISAT	T/G
2	63061898	2	S100K-SNP-SB02-063061898-A-C	Agriplex mid density markers	Agriplex mid density markers	A/C
2	63061898	2	S100K-SNP-SB02-063061898-A-C-02	ICRISAT	BI/ICRISAT	A/C
2	63140283	2	S100K-SNP-SB02-063140283-C-G	Agriplex mid density markers	Agriplex mid density markers	C/G
2	63140283	2	S100K-SNP-SB02-063140283-C-G-02	ICRISAT	BI/ICRISAT	C/G
2	63162315	2	S100K-SNP-SB02-063162315-A-G	Agriplex mid density markers	Agriplex mid density markers	A/G
2	63162315	2	S100K-SNP-SB02-063162315-A-G-02	ICRISAT	BI/ICRISAT	A/G
2	63192891	2	S100K-SNP-SB02-063192891-G-C	Agriplex mid density markers	Agriplex mid density markers	G/C
2	63192891	2	S100K-SNP-SB02-063192891-G-C-02	ICRISAT	BI/ICRISAT	G/C
2	63216470	2	S100K-SNP-SB02-063216470-A-G	Agriplex mid density markers	Agriplex mid density markers	A/G
2	63216470	2	S100K-SNP-SB02-063216470-A-G-02	ICRISAT	BI/ICRISAT	A/G
2	63356162	2	S100K-SNP-SB02-063356162-A-G	Agriplex mid density markers	Agriplex mid density markers	A/G
2	63356162	2	S100K-SNP-SB02-063356162-A-G-02	ICRISAT	BI/ICRISAT	A/G
2	63368936	2	S100K-SNP-SB02-063368936-A-C	Agriplex mid density markers	Agriplex mid density markers	A/C
2	63368936	2	S100K-SNP-SB02-063368936-A-C-02	ICRISAT	BI/ICRISAT	A/C
2	63466945	2	S100K-SNP-SB02-063466945-A-C	Agriplex mid density markers	Agriplex mid density markers	A/C
2	63466945	2	S100K-SNP-SB02-063466945-A-C-02	ICRISAT	BI/ICRISAT	A/C
2	63927796	2	S100K-SNP-SB02-063927796-A-T	Agriplex mid density markers	Agriplex mid density markers	A/T
2	63927796	2	S100K-SNP-SB02-063927796-A-T-02	ICRISAT	BI/ICRISAT	A/T
2	64234684	2	S100K-SNP-SB02-064234684-A-T	Agriplex mid density markers	Agriplex mid density markers	A/T
2	64234684	2	S100K-SNP-SB02-064234684-A-T-02	ICRISAT	BI/ICRISAT	A/T
2	64391996	2	S100K-SNP-SB02-064391996-A-G	Agriplex mid density markers	Agriplex mid density markers	A/G
2	64391996	2	S100K-SNP-SB02-064391996-A-G-02	ICRISAT	BI/ICRISAT	A/G
2	64562615	2	S100K-SNP-SB02-064562615-G-T	Agriplex mid density markers	Agriplex mid density markers	G/T
2	64562615	2	S100K-SNP-SB02-064562615-G-T-02	ICRISAT	BI/ICRISAT	G/T
2	6458993	2	S100K-SNP-SB02-006458993-A-G	Agriplex mid density markers	Agriplex mid density markers	A/G
2	6458993	2	S100K-SNP-SB02-006458993-A-G-02	ICRISAT	BI/ICRISAT	A/G
2	64909129	2	S100K-SNP-SB02-064909129-T-C	Agriplex mid density markers	Agriplex mid density markers	T/C
2	64909129	2	S100K-SNP-SB02-064909129-T-C-02	ICRISAT	BI/ICRISAT	T/C
2	6518297	2	S100K-SNP-SB02-006518297-G-T	Agriplex mid density markers	Agriplex mid density markers	G/T
2	6518297	2	S100K-SNP-SB02-006518297-G-T-02	ICRISAT	BI/ICRISAT	G/T
2	6542125	2	S100K-SNP-SB02-006542125-A-G	Agriplex mid density markers	Agriplex mid density markers	A/G
2	6542125	2	S100K-SNP-SB02-006542125-A-G-02	ICRISAT	BI/ICRISAT	A/G
2	65456299	2	S100K-SNP-SB02-065456299-C-G	Agriplex mid density markers	Agriplex mid density markers	C/G
2	65456299	2	S100K-SNP-SB02-065456299-C-G-02	ICRISAT	BI/ICRISAT	C/G
2	65540021	2	S100K-SNP-SB02-065540021-C-A	Agriplex mid density markers	Agriplex mid density markers	C/A
2	65540021	2	S100K-SNP-SB02-065540021-C-A-02	ICRISAT	BI/ICRISAT	C/A
2	65660828	2	S100K-SNP-SB02-065660828-C-A	Agriplex mid density markers	Agriplex mid density markers	C/A
2	65660828	2	S100K-SNP-SB02-065660828-C-A-02	ICRISAT	BI/ICRISAT	C/A
2	65774198	2	S100K-SNP-SB02-065774198-A-G	Agriplex mid density markers	Agriplex mid density markers	A/G
2	65774198	2	S100K-SNP-SB02-065774198-A-G-02	ICRISAT	BI/ICRISAT	A/G
2	65894368	2	S100K-SNP-SB02-065894368-G-A	Agriplex mid density markers	Agriplex mid density markers	G/A
2	65894368	2	S100K-SNP-SB02-065894368-G-A-02	ICRISAT	BI/ICRISAT	G/A
2	66011792	2	S100K-SNP-SB02-066011792-C-T	Agriplex mid density markers	Agriplex mid density markers	C/T
2	66011792	2	S100K-SNP-SB02-066011792-C-T-02	ICRISAT	BI/ICRISAT	C/T
2	66465051	2	S100K-SNP-SB02-066465051-G-C	Agriplex mid density markers	Agriplex mid density markers	G/C
2	66465051	2	S100K-SNP-SB02-066465051-G-C-02	ICRISAT	BI/ICRISAT	G/C
2	66955986	2	S100K-SNP-SB02-066955986-C-T	Agriplex mid density markers	Agriplex mid density markers	C/T
2	66955986	2	S100K-SNP-SB02-066955986-C-T-02	ICRISAT	BI/ICRISAT	C/T
2	67306935	3	S100K-SNP-SB02-067306935-NA-NA	Drought tolerance	ICRISAT/EiB	-/-
2	67306935	3	S100K-SNP-SB02-067306935-A-C	Agriplex mid density markers	Agriplex mid density markers	A/C
2	67306935	3	S100K-SNP-SB02-067306935-C-A	Post-flowering Drought tolerance	ICRISAT/EiB	C/A
2	67454195	2	S100K-SNP-SB02-067454195-G-T	Agriplex mid density markers	Agriplex mid density markers	G/T
2	67454195	2	S100K-SNP-SB02-067454195-G-T-02	ICRISAT	BI/ICRISAT	G/T
2	67571688	2	S100K-SNP-SB02-067571688-C-T	Agriplex mid density markers	Agriplex mid density markers	C/T
2	67571688	2	S100K-SNP-SB02-067571688-C-T-02	ICRISAT	BI/ICRISAT	C/T
2	67710384	3	S100K-SNP-SB02-067710384-NA-NA	Drought tolerance	ICRISAT/EiB	-/-
2	67710384	3	S100K-SNP-SB02-067710384-T-A	Agriplex mid density markers	Agriplex mid density markers	T/A
2	67710384	3	S100K-SNP-SB02-067710384-A-G	Post-flowering Drought tolerance	ICRISAT/EiB	A/G
2	6784211	2	S100K-SNP-SB02-006784211-C-T	Agriplex mid density markers	Agriplex mid density markers	C/T
2	6784211	2	S100K-SNP-SB02-006784211-C-T-02	ICRISAT	BI/ICRISAT	C/T
2	67844602	2	S100K-SNP-SB02-067844602-A-C	Agriplex mid density markers	Agriplex mid density markers	A/C
2	67844602	2	S100K-SNP-SB02-067844602-A-C-02	ICRISAT	BI/ICRISAT	A/C
2	68179736	2	S100K-SNP-SB02-068179736-T-G	Agriplex mid density markers	Agriplex mid density markers	T/G
2	68179736	2	S100K-SNP-SB02-068179736-T-G-02	ICRISAT	BI/ICRISAT	T/G
2	68273775	2	S100K-SNP-SB02-068273775-G-T	Agriplex mid density markers	Agriplex mid density markers	G/T
2	68273775	2	S100K-SNP-SB02-068273775-G-T-02	ICRISAT	BI/ICRISAT	G/T
2	68414902	2	S100K-SNP-SB02-068414902-T-A	Agriplex mid density markers	Agriplex mid density markers	T/A
2	68414902	2	S100K-SNP-SB02-068414902-T-A-02	ICRISAT	BI/ICRISAT	T/A
2	6843380	4	S100K-SNP-SB02-006843380-NA-NA	Fertility restoration	ICRISAT/EiB	-/-
2	6843380	4	S100K-SNP-SB02-006843380-A-G	Agriplex mid density markers	Agriplex mid density markers	A/G
2	6843380	4	S100K-SNP-SB02-006843380-A-G-02	ICRISAT	BI/ICRISAT	A/G
2	6843380	4	S100K-SNP-SB02-006843380-A-G-03	Fertility restoration gene	ICRISAT/EiB	A/G
2	68595249	2	S100K-SNP-SB02-068595249-G-C	Agriplex mid density markers	Agriplex mid density markers	G/C
2	68595249	2	S100K-SNP-SB02-068595249-G-C-02	ICRISAT	BI/ICRISAT	G/C
2	68829674	2	S100K-SNP-SB02-068829674-G-T	Agriplex mid density markers	Agriplex mid density markers	G/T
2	68829674	2	S100K-SNP-SB02-068829674-G-T-02	ICRISAT	BI/ICRISAT	G/T
2	69122029	2	S100K-SNP-SB02-069122029-T-G	Agriplex mid density markers	Agriplex mid density markers	T/G
2	69122029	2	S100K-SNP-SB02-069122029-T-G-02	ICRISAT	BI/ICRISAT	T/G
2	6921543	2	S100K-SNP-SB02-006921543-T-A	Agriplex mid density markers	Agriplex mid density markers	T/A
2	6921543	2	S100K-SNP-SB02-006921543-T-A-02	ICRISAT	BI/ICRISAT	T/A
2	69309355	2	S100K-SNP-SB02-069309355-G-A	Agriplex mid density markers	Agriplex mid density markers	G/A
2	69309355	2	S100K-SNP-SB02-069309355-G-A-02	ICRISAT	BI/ICRISAT	G/A
2	69970686	2	S100K-SNP-SB02-069970686-A-G	Agriplex mid density markers	Agriplex mid density markers	A/G
2	69970686	2	S100K-SNP-SB02-069970686-A-G-02	ICRISAT	BI/ICRISAT	A/G
2	70106486	2	S100K-SNP-SB02-070106486-C-T	Agriplex mid density markers	Agriplex mid density markers	C/T
2	70106486	2	S100K-SNP-SB02-070106486-C-T-02	ICRISAT	BI/ICRISAT	C/T
2	70202085	2	S100K-SNP-SB02-070202085-T-C	Agriplex mid density markers	Agriplex mid density markers	T/C
2	70202085	2	S100K-SNP-SB02-070202085-T-C-02	ICRISAT	BI/ICRISAT	T/C
2	70250459	2	S100K-SNP-SB02-070250459-G-T	Agriplex mid density markers	Agriplex mid density markers	G/T
2	70250459	2	S100K-SNP-SB02-070250459-G-T-02	ICRISAT	BI/ICRISAT	G/T
2	70331106	2	S100K-SNP-SB02-070331106-A-G	Agriplex mid density markers	Agriplex mid density markers	A/G
2	70331106	2	S100K-SNP-SB02-070331106-A-G-02	ICRISAT	BI/ICRISAT	A/G
2	70339174	2	S100K-SNP-SB02-070339174-C-A	Agriplex mid density markers	Agriplex mid density markers	C/A
2	70339174	2	S100K-SNP-SB02-070339174-C-A-02	ICRISAT	BI/ICRISAT	C/A
2	70348871	2	S100K-SNP-SB02-070348871-A-G	Agriplex mid density markers	Agriplex mid density markers	A/G
2	70348871	2	S100K-SNP-SB02-070348871-A-G-02	ICRISAT	BI/ICRISAT	A/G
2	70398364	2	S100K-SNP-SB02-070398364-A-T	Agriplex mid density markers	Agriplex mid density markers	A/T
2	70398364	2	S100K-SNP-SB02-070398364-A-T-02	ICRISAT	BI/ICRISAT	A/T
2	70563552	2	S100K-SNP-SB02-070563552-A-T	Agriplex mid density markers	Agriplex mid density markers	A/T
2	70563552	2	S100K-SNP-SB02-070563552-A-T-02	ICRISAT	BI/ICRISAT	A/T
2	70591486	2	S100K-SNP-SB02-070591486-C-T	Agriplex mid density markers	Agriplex mid density markers	C/T
2	70591486	2	S100K-SNP-SB02-070591486-C-T-02	ICRISAT	BI/ICRISAT	C/T
2	70670834	2	S100K-SNP-SB02-070670834-A-C	Agriplex mid density markers	Agriplex mid density markers	A/C
2	70670834	2	S100K-SNP-SB02-070670834-A-C-02	ICRISAT	BI/ICRISAT	A/C
2	71419274	3	S100K-SNP-SB02-071419274-NA-NA	Drought tolerance	ICRISAT/EiB	-/-
2	71419274	3	S100K-SNP-SB02-071419274-A-C	Agriplex mid density markers	Agriplex mid density markers	A/C
2	71419274	3	S100K-SNP-SB02-071419274-G-C	Post-flowering Drought tolerance	ICRISAT/EiB	G/C
2	71429368	2	S100K-SNP-SB02-071429368-G-T	Agriplex mid density markers	Agriplex mid density markers	G/T
2	71429368	2	S100K-SNP-SB02-071429368-G-T-02	ICRISAT	BI/ICRISAT	G/T
2	71468022	2	S100K-SNP-SB02-071468022-G-T	Agriplex mid density markers	Agriplex mid density markers	G/T
2	71468022	2	S100K-SNP-SB02-071468022-G-T-02	ICRISAT	BI/ICRISAT	G/T
2	71496345	2	S100K-SNP-SB02-071496345-T-C	Agriplex mid density markers	Agriplex mid density markers	T/C
2	71496345	2	S100K-SNP-SB02-071496345-T-C-02	ICRISAT	BI/ICRISAT	T/C
2	71570208	2	S100K-SNP-SB02-071570208-A-G	Agriplex mid density markers	Agriplex mid density markers	A/G
2	71570208	2	S100K-SNP-SB02-071570208-A-G-02	ICRISAT	BI/ICRISAT	A/G
2	71654434	2	S100K-SNP-SB02-071654434-C-T	Agriplex mid density markers	Agriplex mid density markers	C/T
2	71654434	2	S100K-SNP-SB02-071654434-C-T-02	ICRISAT	BI/ICRISAT	C/T
2	72113870	2	S100K-SNP-SB02-072113870-T-C	Agriplex mid density markers	Agriplex mid density markers	T/C
2	72113870	2	S100K-SNP-SB02-072113870-T-C-02	ICRISAT	BI/ICRISAT	T/C
2	72138198	2	S100K-SNP-SB02-072138198-G-T	Agriplex mid density markers	Agriplex mid density markers	G/T
2	72138198	2	S100K-SNP-SB02-072138198-G-T-02	ICRISAT	BI/ICRISAT	G/T
2	72138932	2	S100K-SNP-SB02-072138932-G-C	Agriplex mid density markers	Agriplex mid density markers	G/C
2	72138932	2	S100K-SNP-SB02-072138932-G-C-02	ICRISAT	BI/ICRISAT	G/C
2	72181200	2	S100K-SNP-SB02-072181200-A-C	Agriplex mid density markers	Agriplex mid density markers	A/C
2	72181200	2	S100K-SNP-SB02-072181200-A-C-02	ICRISAT	BI/ICRISAT	A/C
2	72190033	2	S100K-SNP-SB02-072190033-T-C	Agriplex mid density markers	Agriplex mid density markers	T/C
2	72190033	2	S100K-SNP-SB02-072190033-T-C-02	ICRISAT	BI/ICRISAT	T/C
2	72217463	2	S100K-SNP-SB02-072217463-G-C	Agriplex mid density markers	Agriplex mid density markers	G/C
2	72217463	2	S100K-SNP-SB02-072217463-G-C-02	ICRISAT	BI/ICRISAT	G/C
2	72283640	2	S100K-SNP-SB02-072283640-A-G	Agriplex mid density markers	Agriplex mid density markers	A/G
2	72283640	2	S100K-SNP-SB02-072283640-A-G-02	ICRISAT	BI/ICRISAT	A/G
2	72412281	2	S100K-SNP-SB02-072412281-G-A	Agriplex mid density markers	Agriplex mid density markers	G/A
2	72412281	2	S100K-SNP-SB02-072412281-G-A-02	ICRISAT	BI/ICRISAT	G/A
2	72569287	2	S100K-SNP-SB02-072569287-G-A	Agriplex mid density markers	Agriplex mid density markers	G/A
2	72569287	2	S100K-SNP-SB02-072569287-G-A-02	ICRISAT	BI/ICRISAT	G/A
2	72659075	2	S100K-SNP-SB02-072659075-G-A	Agriplex mid density markers	Agriplex mid density markers	G/A
2	72659075	2	S100K-SNP-SB02-072659075-G-A-02	ICRISAT	BI/ICRISAT	G/A
2	72882731	2	S100K-SNP-SB02-072882731-G-T	Agriplex mid density markers	Agriplex mid density markers	G/T
2	72882731	2	S100K-SNP-SB02-072882731-G-T-02	ICRISAT	BI/ICRISAT	G/T
2	73041735	2	S100K-SNP-SB02-073041735-G-T	Agriplex mid density markers	Agriplex mid density markers	G/T
2	73041735	2	S100K-SNP-SB02-073041735-G-T-02	ICRISAT	BI/ICRISAT	G/T
2	73160854	2	S100K-SNP-SB02-073160854-G-C	Agriplex mid density markers	Agriplex mid density markers	G/C
2	73160854	2	S100K-SNP-SB02-073160854-G-C-02	ICRISAT	BI/ICRISAT	G/C
2	73375802	2	S100K-SNP-SB02-073375802-A-T	Agriplex mid density markers	Agriplex mid density markers	A/T
2	73375802	2	S100K-SNP-SB02-073375802-A-T-02	ICRISAT	BI/ICRISAT	A/T
2	73437297	2	S100K-SNP-SB02-073437297-G-C	Agriplex mid density markers	Agriplex mid density markers	G/C
2	73437297	2	S100K-SNP-SB02-073437297-G-C-02	ICRISAT	BI/ICRISAT	G/C
2	73437505	2	S100K-SNP-SB02-073437505-C-T	Agriplex mid density markers	Agriplex mid density markers	C/T
2	73437505	2	S100K-SNP-SB02-073437505-C-T-02	ICRISAT	BI/ICRISAT	C/T
2	7347374	2	S100K-SNP-SB02-007347374-A-G	Agriplex mid density markers	Agriplex mid density markers	A/G
2	7347374	2	S100K-SNP-SB02-007347374-A-G-02	ICRISAT	BI/ICRISAT	A/G
2	73488546	2	S100K-SNP-SB02-073488546-A-C	Agriplex mid density markers	Agriplex mid density markers	A/C
2	73488546	2	S100K-SNP-SB02-073488546-A-C-02	ICRISAT	BI/ICRISAT	A/C
2	73638393	2	S100K-SNP-SB02-073638393-T-C	Agriplex mid density markers	Agriplex mid density markers	T/C
2	73638393	2	S100K-SNP-SB02-073638393-T-C-02	ICRISAT	BI/ICRISAT	T/C
2	73941818	2	S100K-SNP-SB02-073941818-G-A	Agriplex mid density markers	Agriplex mid density markers	G/A
2	73941818	2	S100K-SNP-SB02-073941818-G-A-02	ICRISAT	BI/ICRISAT	G/A
2	74017412	2	S100K-SNP-SB02-074017412-C-G	Agriplex mid density markers	Agriplex mid density markers	C/G
2	74017412	2	S100K-SNP-SB02-074017412-C-G-02	ICRISAT	BI/ICRISAT	C/G
2	74442614	2	S100K-SNP-SB02-074442614-G-A	Agriplex mid density markers	Agriplex mid density markers	G/A
2	74442614	2	S100K-SNP-SB02-074442614-G-A-02	ICRISAT	BI/ICRISAT	G/A
2	74592550	2	S100K-SNP-SB02-074592550-G-A	Days to flowering	Behera/AAU	G/A
2	74592550	2	S100K-SNP-SB02-074592550-G-A-02	Agriplex mid density markers	Agriplex mid density markers	G/A
2	74725744	2	S100K-SNP-SB02-074725744-G-A	Agriplex mid density markers	Agriplex mid density markers	G/A
2	74725744	2	S100K-SNP-SB02-074725744-G-A-02	ICRISAT	BI/ICRISAT	G/A
2	74755655	2	S100K-SNP-SB02-074755655-A-G	Agriplex mid density markers	Agriplex mid density markers	A/G
2	74755655	2	S100K-SNP-SB02-074755655-A-G-02	ICRISAT	BI/ICRISAT	A/G
2	74972257	2	S100K-SNP-SB02-074972257-C-A	Agriplex mid density markers	Agriplex mid density markers	C/A
2	74972257	2	S100K-SNP-SB02-074972257-C-A-02	ICRISAT	BI/ICRISAT	C/A
2	75155295	2	S100K-SNP-SB02-075155295-A-C	Agriplex mid density markers	Agriplex mid density markers	A/C
2	75155295	2	S100K-SNP-SB02-075155295-A-C-02	ICRISAT	BI/ICRISAT	A/C
2	75271667	2	S100K-SNP-SB02-075271667-T-G	Agriplex mid density markers	Agriplex mid density markers	T/G
2	75271667	2	S100K-SNP-SB02-075271667-T-G-02	ICRISAT	BI/ICRISAT	T/G
2	75294037	2	S100K-SNP-SB02-075294037-A-G	Agriplex mid density markers	Agriplex mid density markers	A/G
2	75294037	2	S100K-SNP-SB02-075294037-A-G-02	ICRISAT	BI/ICRISAT	A/G
2	75430273	2	S100K-SNP-SB02-075430273-T-G	Agriplex mid density markers	Agriplex mid density markers	T/G
2	75430273	2	S100K-SNP-SB02-075430273-T-G-02	ICRISAT	BI/ICRISAT	T/G
2	75431116	2	S100K-SNP-SB02-075431116-G-C	Agriplex mid density markers	Agriplex mid density markers	G/C
2	75431116	2	S100K-SNP-SB02-075431116-G-C-02	ICRISAT	BI/ICRISAT	G/C
2	75456079	2	S100K-SNP-SB02-075456079-A-G	Agriplex mid density markers	Agriplex mid density markers	A/G
2	75456079	2	S100K-SNP-SB02-075456079-A-G-02	ICRISAT	BI/ICRISAT	A/G
2	75563691	2	S100K-SNP-SB02-075563691-G-A	Agriplex mid density markers	Agriplex mid density markers	G/A
2	75563691	2	S100K-SNP-SB02-075563691-G-A-02	ICRISAT	BI/ICRISAT	G/A
2	75749557	2	S100K-SNP-SB02-075749557-A-T	Agriplex mid density markers	Agriplex mid density markers	A/T
2	75749557	2	S100K-SNP-SB02-075749557-A-T-02	ICRISAT	BI/ICRISAT	A/T
2	75800159	2	S100K-SNP-SB02-075800159-G-T	Agriplex mid density markers	Agriplex mid density markers	G/T
2	75800159	2	S100K-SNP-SB02-075800159-G-T-02	ICRISAT	BI/ICRISAT	G/T
2	75994648	2	S100K-SNP-SB02-075994648-G-C	Agriplex mid density markers	Agriplex mid density markers	G/C
2	75994648	2	S100K-SNP-SB02-075994648-G-C-02	ICRISAT	BI/ICRISAT	G/C
2	76427244	2	S100K-SNP-SB02-076427244-G-A	Agriplex mid density markers	Agriplex mid density markers	G/A
2	76427244	2	S100K-SNP-SB02-076427244-G-A-02	ICRISAT	BI/ICRISAT	G/A
2	76427402	2	S100K-SNP-SB02-076427402-G-C	Agriplex mid density markers	Agriplex mid density markers	G/C
2	76427402	2	S100K-SNP-SB02-076427402-G-C-02	ICRISAT	BI/ICRISAT	G/C
2	76427948	2	S100K-SNP-SB02-076427948-A-G	Agriplex mid density markers	Agriplex mid density markers	A/G
2	76427948	2	S100K-SNP-SB02-076427948-A-G-02	ICRISAT	BI/ICRISAT	A/G
2	76465347	2	S100K-SNP-SB02-076465347-C-T	Agriplex mid density markers	Agriplex mid density markers	C/T
2	76465347	2	S100K-SNP-SB02-076465347-C-T-02	ICRISAT	BI/ICRISAT	C/T
2	76684198	2	S100K-SNP-SB02-076684198-A-G	Agriplex mid density markers	Agriplex mid density markers	A/G
2	76684198	2	S100K-SNP-SB02-076684198-A-G-02	ICRISAT	BI/ICRISAT	A/G
2	76734948	2	S100K-SNP-SB02-076734948-G-A	Agriplex mid density markers	Agriplex mid density markers	G/A
2	76734948	2	S100K-SNP-SB02-076734948-G-A-02	ICRISAT	BI/ICRISAT	G/A
2	76796292	2	S100K-SNP-SB02-076796292-G-C	Agriplex mid density markers	Agriplex mid density markers	G/C
2	76796292	2	S100K-SNP-SB02-076796292-G-C-02	ICRISAT	BI/ICRISAT	G/C
2	76853498	2	S100K-SNP-SB02-076853498-G-A	Agriplex mid density markers	Agriplex mid density markers	G/A
2	76853498	2	S100K-SNP-SB02-076853498-G-A-02	ICRISAT	BI/ICRISAT	G/A
2	768663	2	S100K-SNP-SB02-000768663-A-G	Agriplex mid density markers	Agriplex mid density markers	A/G
2	768663	2	S100K-SNP-SB02-000768663-A-G-02	ICRISAT	BI/ICRISAT	A/G
2	76876734	2	S100K-SNP-SB02-076876734-A-G	Agriplex mid density markers	Agriplex mid density markers	A/G
2	76876734	2	S100K-SNP-SB02-076876734-A-G-02	ICRISAT	BI/ICRISAT	A/G
2	76919277	2	S100K-SNP-SB02-076919277-A-C	Agriplex mid density markers	Agriplex mid density markers	A/C
2	76919277	2	S100K-SNP-SB02-076919277-A-C-02	ICRISAT	BI/ICRISAT	A/C
2	77018405	2	S100K-SNP-SB02-077018405-A-G	Agriplex mid density markers	Agriplex mid density markers	A/G
2	77018405	2	S100K-SNP-SB02-077018405-A-G-02	ICRISAT	BI/ICRISAT	A/G
2	77184288	2	S100K-SNP-SB02-077184288-G-T	Agriplex mid density markers	Agriplex mid density markers	G/T
2	77184288	2	S100K-SNP-SB02-077184288-G-T-02	ICRISAT	BI/ICRISAT	G/T
2	7767275	2	S100K-SNP-SB02-007767275-C-A	Agriplex mid density markers	Agriplex mid density markers	C/A
2	7767275	2	S100K-SNP-SB02-007767275-C-A-02	ICRISAT	BI/ICRISAT	C/A
2	7983859	2	S100K-SNP-SB02-007983859-C-T	Tannins	Marla/KSU	C/T
2	7983859	2	S100K-SNP-SB02-007983859-T-C	Grain tannins - tan2d allele	ICRISAT/EiB	T/C
2	7983954	2	S100K-SNP-SB02-007983954-NA-CTCCC	Tannins	Marla/KSU	-/CTCCC
2	7983954	2	S100K-SNP-SB02-007983954-CTCCC-NA	Grain tannins - tan2a allele	ICRISAT/EiB	CTCCC/-
2	8164359	2	S100K-SNP-SB02-008164359-NA-NA	SeedNeutralFiber_T	Mural_etal_UB	-/-
2	8164359	2	S100K-SNP-SB02-008164359-G-T	Filler Markers	BI/ICRISAT	G/T
2	8262851	2	S100K-SNP-SB02-008262851-G-C	Agriplex mid density markers	Agriplex mid density markers	G/C
2	8262851	2	S100K-SNP-SB02-008262851-G-C-02	ICRISAT	BI/ICRISAT	G/C
2	8383750	2	S100K-SNP-SB02-008383750-C-T	Agriplex mid density markers	Agriplex mid density markers	C/T
2	8383750	2	S100K-SNP-SB02-008383750-C-T-02	ICRISAT	BI/ICRISAT	C/T
2	8423718	2	S100K-SNP-SB02-008423718-G-T	Agriplex mid density markers	Agriplex mid density markers	G/T
2	8423718	2	S100K-SNP-SB02-008423718-G-T-02	ICRISAT	BI/ICRISAT	G/T
2	8432703	2	S100K-SNP-SB02-008432703-G-A	Agriplex mid density markers	Agriplex mid density markers	G/A
2	8432703	2	S100K-SNP-SB02-008432703-G-A-02	ICRISAT	BI/ICRISAT	G/A
2	8445210	2	S100K-SNP-SB02-008445210-C-G	Agriplex mid density markers	Agriplex mid density markers	C/G
2	8445210	2	S100K-SNP-SB02-008445210-C-G-02	ICRISAT	BI/ICRISAT	C/G
2	8593095	2	S100K-SNP-SB02-008593095-G-C	Agriplex mid density markers	Agriplex mid density markers	G/C
2	8593095	2	S100K-SNP-SB02-008593095-G-C-02	ICRISAT	BI/ICRISAT	G/C
2	8672470	2	S100K-SNP-SB02-008672470-G-C	Agriplex mid density markers	Agriplex mid density markers	G/C
2	8672470	2	S100K-SNP-SB02-008672470-G-C-02	ICRISAT	BI/ICRISAT	G/C
2	8702160	2	S100K-SNP-SB02-008702160-A-G	Agriplex mid density markers	Agriplex mid density markers	A/G
2	8702160	2	S100K-SNP-SB02-008702160-A-G-02	ICRISAT	BI/ICRISAT	A/G
2	8707876	2	S100K-SNP-SB02-008707876-G-C	Agriplex mid density markers	Agriplex mid density markers	G/C
2	8707876	2	S100K-SNP-SB02-008707876-G-C-02	ICRISAT	BI/ICRISAT	G/C
2	8708044	2	S100K-SNP-SB02-008708044-C-T	Agriplex mid density markers	Agriplex mid density markers	C/T
2	8708044	2	S100K-SNP-SB02-008708044-C-T-02	ICRISAT	BI/ICRISAT	C/T
2	8715821	4	S100K-SNP-SB02-008715821-NA-NA	Fertility restoration	ICRISAT/EiB	-/-
2	8715821	4	S100K-SNP-SB02-008715821-A-G	Agriplex mid density markers	Agriplex mid density markers	A/G
2	8715821	4	S100K-SNP-SB02-008715821-A-G-02	ICRISAT	BI/ICRISAT	A/G
2	8715821	4	S100K-SNP-SB02-008715821-A-G-03	Fertility restoration gene	ICRISAT/EiB	A/G
2	8715911	2	S100K-SNP-SB02-008715911-T-G	Agriplex mid density markers	Agriplex mid density markers	T/G
2	8715911	2	S100K-SNP-SB02-008715911-T-G-02	ICRISAT	BI/ICRISAT	T/G
2	9277982	2	S100K-SNP-SB02-009277982-C-T	Agriplex mid density markers	Agriplex mid density markers	C/T
2	9277982	2	S100K-SNP-SB02-009277982-C-T-02	ICRISAT	BI/ICRISAT	C/T
2	9778303	2	S100K-SNP-SB02-009778303-C-G	Agriplex mid density markers	Agriplex mid density markers	C/G
2	9778303	2	S100K-SNP-SB02-009778303-C-G-02	ICRISAT	BI/ICRISAT	C/G
2	9809961	2	S100K-SNP-SB02-009809961-A-G	Agriplex mid density markers	Agriplex mid density markers	A/G
2	9809961	2	S100K-SNP-SB02-009809961-A-G-02	ICRISAT	BI/ICRISAT	A/G
2	9829260	2	S100K-SNP-SB02-009829260-A-G	Agriplex mid density markers	Agriplex mid density markers	A/G
2	9829260	2	S100K-SNP-SB02-009829260-A-G-02	ICRISAT	BI/ICRISAT	A/G
3	10151012	2	S100K-SNP-SB03-010151012-A-C	Agriplex mid density markers	Agriplex mid density markers	A/C
3	10151012	2	S100K-SNP-SB03-010151012-A-C-02	ICRISAT	BI/ICRISAT	A/C
3	10279790	2	S100K-SNP-SB03-010279790-G-C	Agriplex mid density markers	Agriplex mid density markers	G/C
3	10279790	2	S100K-SNP-SB03-010279790-G-C-02	ICRISAT	BI/ICRISAT	G/C
3	10338829	2	S100K-SNP-SB03-010338829-A-G	Agriplex mid density markers	Agriplex mid density markers	A/G
3	10338829	2	S100K-SNP-SB03-010338829-A-G-02	ICRISAT	BI/ICRISAT	A/G
3	10392390	2	S100K-SNP-SB03-010392390-C-G	Agriplex mid density markers	Agriplex mid density markers	C/G
3	10392390	2	S100K-SNP-SB03-010392390-C-G-02	ICRISAT	BI/ICRISAT	C/G
3	10430104	2	S100K-SNP-SB03-010430104-C-A	Agriplex mid density markers	Agriplex mid density markers	C/A
3	10430104	2	S100K-SNP-SB03-010430104-C-A-02	ICRISAT	BI/ICRISAT	C/A
3	10722262	2	S100K-SNP-SB03-010722262-C-G	Agriplex mid density markers	Agriplex mid density markers	C/G
3	10722262	2	S100K-SNP-SB03-010722262-C-G-02	ICRISAT	BI/ICRISAT	C/G
3	10955478	2	S100K-SNP-SB03-010955478-G-A	Agriplex mid density markers	Agriplex mid density markers	G/A
3	10955478	2	S100K-SNP-SB03-010955478-G-A-02	ICRISAT	BI/ICRISAT	G/A
3	1095824	2	S100K-SNP-SB03-001095824-T-C	Agriplex mid density markers	Agriplex mid density markers	T/C
3	1095824	2	S100K-SNP-SB03-001095824-T-C-02	ICRISAT	BI/ICRISAT	T/C
3	10971047	2	S100K-SNP-SB03-010971047-A-G	Agriplex mid density markers	Agriplex mid density markers	A/G
3	10971047	2	S100K-SNP-SB03-010971047-A-G-02	ICRISAT	BI/ICRISAT	A/G
3	11040115	2	S100K-SNP-SB03-011040115-A-G	Agriplex mid density markers	Agriplex mid density markers	A/G
3	11040115	2	S100K-SNP-SB03-011040115-A-G-02	ICRISAT	BI/ICRISAT	A/G
3	11276698	2	S100K-SNP-SB03-011276698-A-G	Agriplex mid density markers	Agriplex mid density markers	A/G
3	11276698	2	S100K-SNP-SB03-011276698-A-G-02	ICRISAT	BI/ICRISAT	A/G
3	11642347	2	S100K-SNP-SB03-011642347-G-A	Agriplex mid density markers	Agriplex mid density markers	G/A
3	11642347	2	S100K-SNP-SB03-011642347-G-A-02	ICRISAT	BI/ICRISAT	G/A
3	11649027	2	S100K-SNP-SB03-011649027-T-G	Agriplex mid density markers	Agriplex mid density markers	T/G
3	11649027	2	S100K-SNP-SB03-011649027-T-G-02	ICRISAT	BI/ICRISAT	T/G
3	116624	2	S100K-SNP-SB03-000116624-G-C	Agriplex mid density markers	Agriplex mid density markers	G/C
3	116624	2	S100K-SNP-SB03-000116624-G-C-02	ICRISAT	BI/ICRISAT	G/C
3	11682525	2	S100K-SNP-SB03-011682525-G-T	Agriplex mid density markers	Agriplex mid density markers	G/T
3	11682525	2	S100K-SNP-SB03-011682525-G-T-02	ICRISAT	BI/ICRISAT	G/T
3	116883	2	S100K-SNP-SB03-000116883-C-T	Agriplex mid density markers	Agriplex mid density markers	C/T
3	116883	2	S100K-SNP-SB03-000116883-C-T-02	ICRISAT	BI/ICRISAT	C/T
3	11734679	2	S100K-SNP-SB03-011734679-G-C	Agriplex mid density markers	Agriplex mid density markers	G/C
3	11734679	2	S100K-SNP-SB03-011734679-G-C-02	ICRISAT	BI/ICRISAT	G/C
3	11870179	2	S100K-SNP-SB03-011870179-G-A	Agriplex mid density markers	Agriplex mid density markers	G/A
3	11870179	2	S100K-SNP-SB03-011870179-G-A-02	ICRISAT	BI/ICRISAT	G/A
3	12301649	2	S100K-SNP-SB03-012301649-A-G	Agriplex mid density markers	Agriplex mid density markers	A/G
3	12301649	2	S100K-SNP-SB03-012301649-A-G-02	ICRISAT	BI/ICRISAT	A/G
3	12619687	2	S100K-SNP-SB03-012619687-C-T	Agriplex mid density markers	Agriplex mid density markers	C/T
3	12619687	2	S100K-SNP-SB03-012619687-C-T-02	ICRISAT	BI/ICRISAT	C/T
3	12821290	2	S100K-SNP-SB03-012821290-G-C	Agriplex mid density markers	Agriplex mid density markers	G/C
3	12821290	2	S100K-SNP-SB03-012821290-G-C-02	ICRISAT	BI/ICRISAT	G/C
3	13359317	2	S100K-SNP-SB03-013359317-G-T	Agriplex mid density markers	Agriplex mid density markers	G/T
3	13359317	2	S100K-SNP-SB03-013359317-G-T-02	ICRISAT	BI/ICRISAT	G/T
3	13426527	2	S100K-SNP-SB03-013426527-G-T	Agriplex mid density markers	Agriplex mid density markers	G/T
3	13426527	2	S100K-SNP-SB03-013426527-G-T-02	ICRISAT	BI/ICRISAT	G/T
3	13649684	2	S100K-SNP-SB03-013649684-G-A	Agriplex mid density markers	Agriplex mid density markers	G/A
3	13649684	2	S100K-SNP-SB03-013649684-G-A-02	ICRISAT	BI/ICRISAT	G/A
3	13769864	2	S100K-SNP-SB03-013769864-T-G	Agriplex mid density markers	Agriplex mid density markers	T/G
3	13769864	2	S100K-SNP-SB03-013769864-T-G-02	ICRISAT	BI/ICRISAT	T/G
3	14132758	2	S100K-SNP-SB03-014132758-T-A	Agriplex mid density markers	Agriplex mid density markers	T/A
3	14132758	2	S100K-SNP-SB03-014132758-T-A-02	ICRISAT	BI/ICRISAT	T/A
3	1486771	2	S100K-SNP-SB03-001486771-A-G	Agriplex mid density markers	Agriplex mid density markers	A/G
3	1486771	2	S100K-SNP-SB03-001486771-A-G-02	ICRISAT	BI/ICRISAT	A/G
3	15615228	2	S100K-SNP-SB03-015615228-G-A	Agriplex mid density markers	Agriplex mid density markers	G/A
3	15615228	2	S100K-SNP-SB03-015615228-G-A-02	ICRISAT	BI/ICRISAT	G/A
3	15675914	2	S100K-SNP-SB03-015675914-T-G	Agriplex mid density markers	Agriplex mid density markers	T/G
3	15675914	2	S100K-SNP-SB03-015675914-T-G-02	ICRISAT	BI/ICRISAT	T/G
3	15947278	2	S100K-SNP-SB03-015947278-T-C	Agriplex mid density markers	Agriplex mid density markers	T/C
3	15947278	2	S100K-SNP-SB03-015947278-T-C-02	ICRISAT	BI/ICRISAT	T/C
3	16372555	2	S100K-SNP-SB03-016372555-C-T	Agriplex mid density markers	Agriplex mid density markers	C/T
3	16372555	2	S100K-SNP-SB03-016372555-C-T-02	ICRISAT	BI/ICRISAT	C/T
3	16632442	2	S100K-SNP-SB03-016632442-A-C	Agriplex mid density markers	Agriplex mid density markers	A/C
3	16632442	2	S100K-SNP-SB03-016632442-A-C-02	ICRISAT	BI/ICRISAT	A/C
3	1739133	2	S100K-SNP-SB03-001739133-G-A	Agriplex mid density markers	Agriplex mid density markers	G/A
3	1739133	2	S100K-SNP-SB03-001739133-G-A-02	ICRISAT	BI/ICRISAT	G/A
3	19140853	2	S100K-SNP-SB03-019140853-T-G	Agriplex mid density markers	Agriplex mid density markers	T/G
3	19140853	2	S100K-SNP-SB03-019140853-T-G-02	ICRISAT	BI/ICRISAT	T/G
3	20013825	2	S100K-SNP-SB03-020013825-G-T	Agriplex mid density markers	Agriplex mid density markers	G/T
3	20013825	2	S100K-SNP-SB03-020013825-G-T-02	ICRISAT	BI/ICRISAT	G/T
3	2073442	2	S100K-SNP-SB03-002073442-A-T	Agriplex mid density markers	Agriplex mid density markers	A/T
3	2073442	2	S100K-SNP-SB03-002073442-A-T-02	ICRISAT	BI/ICRISAT	A/T
3	2190998	2	S100K-SNP-SB03-002190998-T-G	Agriplex mid density markers	Agriplex mid density markers	T/G
3	2190998	2	S100K-SNP-SB03-002190998-T-G-02	ICRISAT	BI/ICRISAT	T/G
3	26141400	2	S100K-SNP-SB03-026141400-A-G	Agriplex mid density markers	Agriplex mid density markers	A/G
3	26141400	2	S100K-SNP-SB03-026141400-A-G-02	ICRISAT	BI/ICRISAT	A/G
3	2643527	2	S100K-SNP-SB03-002643527-NA-NA	PanicleWidth2_I	Mural_etal_UB	-/-
3	2643527	2	S100K-SNP-SB03-002643527-A-T	Filler Markers	BI/ICRISAT	A/T
3	2931829	2	S100K-SNP-SB03-002931829-G-A	Agriplex mid density markers	Agriplex mid density markers	G/A
3	2931829	2	S100K-SNP-SB03-002931829-G-A-02	ICRISAT	BI/ICRISAT	G/A
3	2966074	2	S100K-SNP-SB03-002966074-C-G	Agriplex mid density markers	Agriplex mid density markers	C/G
3	2966074	2	S100K-SNP-SB03-002966074-C-G-02	ICRISAT	BI/ICRISAT	C/G
3	30310883	3	S100K-SNP-SB03-030310883-NA-NA	Fertility restoration	ICRISAT/EiB	-/-
3	30310883	3	S100K-SNP-SB03-030310883-T-G	Agriplex mid density markers	Agriplex mid density markers	T/G
3	30310883	3	S100K-SNP-SB03-030310883-G-T	Fertility restoration gene	ICRISAT/EiB	G/T
3	3087844	2	S100K-SNP-SB03-003087844-T-C	Agriplex mid density markers	Agriplex mid density markers	T/C
3	3087844	2	S100K-SNP-SB03-003087844-T-C-02	ICRISAT	BI/ICRISAT	T/C
3	3256114	2	S100K-SNP-SB03-003256114-G-A	Agriplex mid density markers	Agriplex mid density markers	G/A
3	3256114	2	S100K-SNP-SB03-003256114-G-A-02	ICRISAT	BI/ICRISAT	G/A
3	3386887	2	S100K-SNP-SB03-003386887-A-T	Agriplex mid density markers	Agriplex mid density markers	A/T
3	3386887	2	S100K-SNP-SB03-003386887-A-T-02	ICRISAT	BI/ICRISAT	A/T
3	3441687	2	S100K-SNP-SB03-003441687-C-T	Agriplex mid density markers	Agriplex mid density markers	C/T
3	3441687	2	S100K-SNP-SB03-003441687-C-T-02	ICRISAT	BI/ICRISAT	C/T
3	3702083	2	S100K-SNP-SB03-003702083-G-T	Agriplex mid density markers	Agriplex mid density markers	G/T
3	3702083	2	S100K-SNP-SB03-003702083-G-T-02	ICRISAT	BI/ICRISAT	G/T
3	3816915	2	S100K-SNP-SB03-003816915-T-G	Agriplex mid density markers	Agriplex mid density markers	T/G
3	3816915	2	S100K-SNP-SB03-003816915-T-G-02	ICRISAT	BI/ICRISAT	T/G
3	4244979	2	S100K-SNP-SB03-004244979-C-A	Agriplex mid density markers	Agriplex mid density markers	C/A
3	4244979	2	S100K-SNP-SB03-004244979-C-A-02	ICRISAT	BI/ICRISAT	C/A
3	45554013	2	S100K-SNP-SB03-045554013-A-G	Agriplex mid density markers	Agriplex mid density markers	A/G
3	45554013	2	S100K-SNP-SB03-045554013-A-G-02	ICRISAT	BI/ICRISAT	A/G
3	4555653	2	S100K-SNP-SB03-004555653-C-A	Agriplex mid density markers	Agriplex mid density markers	C/A
3	4555653	2	S100K-SNP-SB03-004555653-C-A-02	ICRISAT	BI/ICRISAT	C/A
3	45675466	2	S100K-SNP-SB03-045675466-T-C	Agriplex mid density markers	Agriplex mid density markers	T/C
3	45675466	2	S100K-SNP-SB03-045675466-T-C-02	ICRISAT	BI/ICRISAT	T/C
3	45681977	2	S100K-SNP-SB03-045681977-A-G	Agriplex mid density markers	Agriplex mid density markers	A/G
3	45681977	2	S100K-SNP-SB03-045681977-A-G-02	ICRISAT	BI/ICRISAT	A/G
3	46805444	2	S100K-SNP-SB03-046805444-T-C	Agriplex mid density markers	Agriplex mid density markers	T/C
3	46805444	2	S100K-SNP-SB03-046805444-T-C-02	ICRISAT	BI/ICRISAT	T/C
3	4733040	2	S100K-SNP-SB03-004733040-G-T	Agriplex mid density markers	Agriplex mid density markers	G/T
3	4733040	2	S100K-SNP-SB03-004733040-G-T-02	ICRISAT	BI/ICRISAT	G/T
3	4872727	2	S100K-SNP-SB03-004872727-G-A	Agriplex mid density markers	Agriplex mid density markers	G/A
3	4872727	2	S100K-SNP-SB03-004872727-G-A-02	ICRISAT	BI/ICRISAT	G/A
3	48913745	2	S100K-SNP-SB03-048913745-G-A	Agriplex mid density markers	Agriplex mid density markers	G/A
3	48913745	2	S100K-SNP-SB03-048913745-G-A-02	ICRISAT	BI/ICRISAT	G/A
3	4997348	2	S100K-SNP-SB03-004997348-T-C	Agriplex mid density markers	Agriplex mid density markers	T/C
3	4997348	2	S100K-SNP-SB03-004997348-T-C-02	ICRISAT	BI/ICRISAT	T/C
3	50721829	2	S100K-SNP-SB03-050721829-G-C	Agriplex mid density markers	Agriplex mid density markers	G/C
3	50721829	2	S100K-SNP-SB03-050721829-G-C-02	ICRISAT	BI/ICRISAT	G/C
3	51042434	2	S100K-SNP-SB03-051042434-G-A	Agriplex mid density markers	Agriplex mid density markers	G/A
3	51042434	2	S100K-SNP-SB03-051042434-G-A-02	ICRISAT	BI/ICRISAT	G/A
3	51320664	2	S100K-SNP-SB03-051320664-C-G	Agriplex mid density markers	Agriplex mid density markers	C/G
3	51320664	2	S100K-SNP-SB03-051320664-C-G-02	ICRISAT	BI/ICRISAT	C/G
3	51347860	2	S100K-SNP-SB03-051347860-G-A	Agriplex mid density markers	Agriplex mid density markers	G/A
3	51347860	2	S100K-SNP-SB03-051347860-G-A-02	ICRISAT	BI/ICRISAT	G/A
3	5137603	2	S100K-SNP-SB03-005137603-G-A	Agriplex mid density markers	Agriplex mid density markers	G/A
3	5137603	2	S100K-SNP-SB03-005137603-G-A-02	ICRISAT	BI/ICRISAT	G/A
3	5151643	2	S100K-SNP-SB03-005151643-A-T	Agriplex mid density markers	Agriplex mid density markers	A/T
3	5151643	2	S100K-SNP-SB03-005151643-A-T-02	ICRISAT	BI/ICRISAT	A/T
3	51905588	2	S100K-SNP-SB03-051905588-C-T	Agriplex mid density markers	Agriplex mid density markers	C/T
3	51905588	2	S100K-SNP-SB03-051905588-C-T-02	ICRISAT	BI/ICRISAT	C/T
3	52003891	2	S100K-SNP-SB03-052003891-A-G	Agriplex mid density markers	Agriplex mid density markers	A/G
3	52003891	2	S100K-SNP-SB03-052003891-A-G-02	ICRISAT	BI/ICRISAT	A/G
3	5202296	2	S100K-SNP-SB03-005202296-A-G	Agriplex mid density markers	Agriplex mid density markers	A/G
3	5202296	2	S100K-SNP-SB03-005202296-A-G-02	ICRISAT	BI/ICRISAT	A/G
3	52047978	2	S100K-SNP-SB03-052047978-G-A	Agriplex mid density markers	Agriplex mid density markers	G/A
3	52047978	2	S100K-SNP-SB03-052047978-G-A-02	ICRISAT	BI/ICRISAT	G/A
3	52169120	2	S100K-SNP-SB03-052169120-A-T	Agriplex mid density markers	Agriplex mid density markers	A/T
3	52169120	2	S100K-SNP-SB03-052169120-A-T-02	ICRISAT	BI/ICRISAT	A/T
3	52314137	2	S100K-SNP-SB03-052314137-G-A	Agriplex mid density markers	Agriplex mid density markers	G/A
3	52314137	2	S100K-SNP-SB03-052314137-G-A-02	ICRISAT	BI/ICRISAT	G/A
3	52629214	2	S100K-SNP-SB03-052629214-A-G	Agriplex mid density markers	Agriplex mid density markers	A/G
3	52629214	2	S100K-SNP-SB03-052629214-A-G-02	ICRISAT	BI/ICRISAT	A/G
3	52779518	2	S100K-SNP-SB03-052779518-G-A	Agriplex mid density markers	Agriplex mid density markers	G/A
3	52779518	2	S100K-SNP-SB03-052779518-G-A-02	ICRISAT	BI/ICRISAT	G/A
3	52787725	3	S100K-SNP-SB03-052787725-T-G	Agriplex mid density markers	Agriplex mid density markers	T/G
3	52787725	3	S100K-SNP-SB03-052787725-NA-NA	Indium_J	Mural_etal_UB	-/-
3	52787725	3	S100K-SNP-SB03-052787725-T-G-02	ICRISAT	BI/ICRISAT	T/G
3	52794964	2	S100K-SNP-SB03-052794964-C-T	Agriplex mid density markers	Agriplex mid density markers	C/T
3	52794964	2	S100K-SNP-SB03-052794964-C-T-02	ICRISAT	BI/ICRISAT	C/T
3	53295639	2	S100K-SNP-SB03-053295639-G-A	Agriplex mid density markers	Agriplex mid density markers	G/A
3	53295639	2	S100K-SNP-SB03-053295639-G-A-02	ICRISAT	BI/ICRISAT	G/A
3	53901112	2	S100K-SNP-SB03-053901112-A-G	Agriplex mid density markers	Agriplex mid density markers	A/G
3	53901112	2	S100K-SNP-SB03-053901112-A-G-02	ICRISAT	BI/ICRISAT	A/G
3	54098203	2	S100K-SNP-SB03-054098203-G-C	Agriplex mid density markers	Agriplex mid density markers	G/C
3	54098203	2	S100K-SNP-SB03-054098203-G-C-02	ICRISAT	BI/ICRISAT	G/C
3	54139465	2	S100K-SNP-SB03-054139465-A-C	Agriplex mid density markers	Agriplex mid density markers	A/C
3	54139465	2	S100K-SNP-SB03-054139465-A-C-02	ICRISAT	BI/ICRISAT	A/C
3	54150222	2	S100K-SNP-SB03-054150222-C-T	Agriplex mid density markers	Agriplex mid density markers	C/T
3	54150222	2	S100K-SNP-SB03-054150222-C-T-02	ICRISAT	BI/ICRISAT	C/T
3	54259972	2	S100K-SNP-SB03-054259972-A-G	Agriplex mid density markers	Agriplex mid density markers	A/G
3	54259972	2	S100K-SNP-SB03-054259972-A-G-02	ICRISAT	BI/ICRISAT	A/G
3	5443727	2	S100K-SNP-SB03-005443727-C-T	Agriplex mid density markers	Agriplex mid density markers	C/T
3	5443727	2	S100K-SNP-SB03-005443727-C-T-02	ICRISAT	BI/ICRISAT	C/T
3	54444829	2	S100K-SNP-SB03-054444829-A-G	Agriplex mid density markers	Agriplex mid density markers	A/G
3	54444829	2	S100K-SNP-SB03-054444829-A-G-02	ICRISAT	BI/ICRISAT	A/G
3	54474091	2	S100K-SNP-SB03-054474091-G-A	Agriplex mid density markers	Agriplex mid density markers	G/A
3	54474091	2	S100K-SNP-SB03-054474091-G-A-02	ICRISAT	BI/ICRISAT	G/A
3	54724099	2	S100K-SNP-SB03-054724099-C-G	Agriplex mid density markers	Agriplex mid density markers	C/G
3	54724099	2	S100K-SNP-SB03-054724099-C-G-02	ICRISAT	BI/ICRISAT	C/G
3	54789197	2	S100K-SNP-SB03-054789197-C-T	Agriplex mid density markers	Agriplex mid density markers	C/T
3	54789197	2	S100K-SNP-SB03-054789197-C-T-02	ICRISAT	BI/ICRISAT	C/T
3	55304645	2	S100K-SNP-SB03-055304645-T-C	Agriplex mid density markers	Agriplex mid density markers	T/C
3	55304645	2	S100K-SNP-SB03-055304645-T-C-02	ICRISAT	BI/ICRISAT	T/C
3	55432695	2	S100K-SNP-SB03-055432695-G-A	Agriplex mid density markers	Agriplex mid density markers	G/A
3	55432695	2	S100K-SNP-SB03-055432695-G-A-02	ICRISAT	BI/ICRISAT	G/A
3	55545771	2	S100K-SNP-SB03-055545771-A-G	Agriplex mid density markers	Agriplex mid density markers	A/G
3	55545771	2	S100K-SNP-SB03-055545771-A-G-02	ICRISAT	BI/ICRISAT	A/G
3	55899476	2	S100K-SNP-SB03-055899476-C-T	Agriplex mid density markers	Agriplex mid density markers	C/T
3	55899476	2	S100K-SNP-SB03-055899476-C-T-02	ICRISAT	BI/ICRISAT	C/T
3	56125216	2	S100K-SNP-SB03-056125216-T-C	Agriplex mid density markers	Agriplex mid density markers	T/C
3	56125216	2	S100K-SNP-SB03-056125216-T-C-02	ICRISAT	BI/ICRISAT	T/C
3	56161768	2	S100K-SNP-SB03-056161768-G-T	Agriplex mid density markers	Agriplex mid density markers	G/T
3	56161768	2	S100K-SNP-SB03-056161768-G-T-02	ICRISAT	BI/ICRISAT	G/T
3	56188180	2	S100K-SNP-SB03-056188180-C-G	Agriplex mid density markers	Agriplex mid density markers	C/G
3	56188180	2	S100K-SNP-SB03-056188180-C-G-02	ICRISAT	BI/ICRISAT	C/G
3	56294726	2	S100K-SNP-SB03-056294726-C-G	Agriplex mid density markers	Agriplex mid density markers	C/G
3	56294726	2	S100K-SNP-SB03-056294726-C-G-02	ICRISAT	BI/ICRISAT	C/G
3	5643185	2	S100K-SNP-SB03-005643185-T-A	Agriplex mid density markers	Agriplex mid density markers	T/A
3	5643185	2	S100K-SNP-SB03-005643185-T-A-02	ICRISAT	BI/ICRISAT	T/A
3	56526523	2	S100K-SNP-SB03-056526523-T-C	Agriplex mid density markers	Agriplex mid density markers	T/C
3	56526523	2	S100K-SNP-SB03-056526523-T-C-02	ICRISAT	BI/ICRISAT	T/C
3	56950540	2	S100K-SNP-SB03-056950540-T-G	Agriplex mid density markers	Agriplex mid density markers	T/G
3	56950540	2	S100K-SNP-SB03-056950540-T-G-02	ICRISAT	BI/ICRISAT	T/G
3	57149191	2	S100K-SNP-SB03-057149191-T-C	Agriplex mid density markers	Agriplex mid density markers	T/C
3	57149191	2	S100K-SNP-SB03-057149191-T-C-02	ICRISAT	BI/ICRISAT	T/C
3	57216109	2	S100K-SNP-SB03-057216109-C-G	Agriplex mid density markers	Agriplex mid density markers	C/G
3	57216109	2	S100K-SNP-SB03-057216109-C-G-02	ICRISAT	BI/ICRISAT	C/G
3	57238323	2	S100K-SNP-SB03-057238323-A-G	Agriplex mid density markers	Agriplex mid density markers	A/G
3	57238323	2	S100K-SNP-SB03-057238323-A-G-02	ICRISAT	BI/ICRISAT	A/G
3	57258203	2	S100K-SNP-SB03-057258203-T-C	Agriplex mid density markers	Agriplex mid density markers	T/C
3	57258203	2	S100K-SNP-SB03-057258203-T-C-02	ICRISAT	BI/ICRISAT	T/C
3	57291467	2	S100K-SNP-SB03-057291467-C-T	Agriplex mid density markers	Agriplex mid density markers	C/T
3	57291467	2	S100K-SNP-SB03-057291467-C-T-02	ICRISAT	BI/ICRISAT	C/T
3	57352586	2	S100K-SNP-SB03-057352586-G-T	Agriplex mid density markers	Agriplex mid density markers	G/T
3	57352586	2	S100K-SNP-SB03-057352586-G-T-02	ICRISAT	BI/ICRISAT	G/T
3	57493392	3	S100K-SNP-SB03-057493392-C-A	Agriplex mid density markers	Agriplex mid density markers	C/A
3	57493392	3	S100K-SNP-SB03-057493392-C-A-02	ICRISAT	BI/ICRISAT	C/A
3	57493392	3	S100K-SNP-SB03-057493392-C-A-03	Quality Control	ICRISAT/EiB	C/A
3	57544976	2	S100K-SNP-SB03-057544976-G-T	Agriplex mid density markers	Agriplex mid density markers	G/T
3	57544976	2	S100K-SNP-SB03-057544976-G-T-02	ICRISAT	BI/ICRISAT	G/T
3	57545093	2	S100K-SNP-SB03-057545093-C-G	Agriplex mid density markers	Agriplex mid density markers	C/G
3	57545093	2	S100K-SNP-SB03-057545093-C-G-02	ICRISAT	BI/ICRISAT	C/G
3	57615735	2	S100K-SNP-SB03-057615735-C-G	Agriplex mid density markers	Agriplex mid density markers	C/G
3	57615735	2	S100K-SNP-SB03-057615735-C-G-02	ICRISAT	BI/ICRISAT	C/G
3	57770470	2	S100K-SNP-SB03-057770470-C-T	Agriplex mid density markers	Agriplex mid density markers	C/T
3	57770470	2	S100K-SNP-SB03-057770470-C-T-02	ICRISAT	BI/ICRISAT	C/T
3	57901123	2	S100K-SNP-SB03-057901123-A-G	Agriplex mid density markers	Agriplex mid density markers	A/G
3	57901123	2	S100K-SNP-SB03-057901123-A-G-02	ICRISAT	BI/ICRISAT	A/G
3	57959805	2	S100K-SNP-SB03-057959805-G-A	Agriplex mid density markers	Agriplex mid density markers	G/A
3	57959805	2	S100K-SNP-SB03-057959805-G-A-02	ICRISAT	BI/ICRISAT	G/A
3	58246494	2	S100K-SNP-SB03-058246494-T-A	Agriplex mid density markers	Agriplex mid density markers	T/A
3	58246494	2	S100K-SNP-SB03-058246494-T-A-02	ICRISAT	BI/ICRISAT	T/A
3	58266487	2	S100K-SNP-SB03-058266487-A-G	Agriplex mid density markers	Agriplex mid density markers	A/G
3	58266487	2	S100K-SNP-SB03-058266487-A-G-02	ICRISAT	BI/ICRISAT	A/G
3	58433150	2	S100K-SNP-SB03-058433150-A-T	Agriplex mid density markers	Agriplex mid density markers	A/T
3	58433150	2	S100K-SNP-SB03-058433150-A-T-02	ICRISAT	BI/ICRISAT	A/T
3	58653318	2	S100K-SNP-SB03-058653318-A-G	Agriplex mid density markers	Agriplex mid density markers	A/G
3	58653318	2	S100K-SNP-SB03-058653318-A-G-02	ICRISAT	BI/ICRISAT	A/G
3	58661379	2	S100K-SNP-SB03-058661379-G-A	Agriplex mid density markers	Agriplex mid density markers	G/A
3	58661379	2	S100K-SNP-SB03-058661379-G-A-02	ICRISAT	BI/ICRISAT	G/A
3	58661467	2	S100K-SNP-SB03-058661467-T-G	Agriplex mid density markers	Agriplex mid density markers	T/G
3	58661467	2	S100K-SNP-SB03-058661467-T-G-02	ICRISAT	BI/ICRISAT	T/G
3	58666607	2	S100K-SNP-SB03-058666607-G-A	Agriplex mid density markers	Agriplex mid density markers	G/A
3	58666607	2	S100K-SNP-SB03-058666607-G-A-02	ICRISAT	BI/ICRISAT	G/A
3	58678154	2	S100K-SNP-SB03-058678154-A-G	Agriplex mid density markers	Agriplex mid density markers	A/G
3	58678154	2	S100K-SNP-SB03-058678154-A-G-02	ICRISAT	BI/ICRISAT	A/G
3	58682533	2	S100K-SNP-SB03-058682533-A-G	Agriplex mid density markers	Agriplex mid density markers	A/G
3	58682533	2	S100K-SNP-SB03-058682533-A-G-02	ICRISAT	BI/ICRISAT	A/G
3	58715211	2	S100K-SNP-SB03-058715211-G-A	Agriplex mid density markers	Agriplex mid density markers	G/A
3	58715211	2	S100K-SNP-SB03-058715211-G-A-02	ICRISAT	BI/ICRISAT	G/A
3	58848045	2	S100K-SNP-SB03-058848045-T-G	Agriplex mid density markers	Agriplex mid density markers	T/G
3	58848045	2	S100K-SNP-SB03-058848045-T-G-02	ICRISAT	BI/ICRISAT	T/G
3	58926088	2	S100K-SNP-SB03-058926088-C-T	Agriplex mid density markers	Agriplex mid density markers	C/T
3	58926088	2	S100K-SNP-SB03-058926088-C-T-02	ICRISAT	BI/ICRISAT	C/T
3	58933359	2	S100K-SNP-SB03-058933359-A-G	Agriplex mid density markers	Agriplex mid density markers	A/G
3	58933359	2	S100K-SNP-SB03-058933359-A-G-02	ICRISAT	BI/ICRISAT	A/G
3	58935213	2	S100K-SNP-SB03-058935213-T-A	Agriplex mid density markers	Agriplex mid density markers	T/A
3	58935213	2	S100K-SNP-SB03-058935213-T-A-02	ICRISAT	BI/ICRISAT	T/A
3	58939558	2	S100K-SNP-SB03-058939558-C-A	Agriplex mid density markers	Agriplex mid density markers	C/A
3	58939558	2	S100K-SNP-SB03-058939558-C-A-02	ICRISAT	BI/ICRISAT	C/A
3	58950239	2	S100K-SNP-SB03-058950239-A-G	Agriplex mid density markers	Agriplex mid density markers	A/G
3	58950239	2	S100K-SNP-SB03-058950239-A-G-02	ICRISAT	BI/ICRISAT	A/G
3	59206666	2	S100K-SNP-SB03-059206666-G-A	Agriplex mid density markers	Agriplex mid density markers	G/A
3	59206666	2	S100K-SNP-SB03-059206666-G-A-02	ICRISAT	BI/ICRISAT	G/A
3	59262459	2	S100K-SNP-SB03-059262459-G-C	Agriplex mid density markers	Agriplex mid density markers	G/C
3	59262459	2	S100K-SNP-SB03-059262459-G-C-02	ICRISAT	BI/ICRISAT	G/C
3	59293895	2	S100K-SNP-SB03-059293895-T-C	Agriplex mid density markers	Agriplex mid density markers	T/C
3	59293895	2	S100K-SNP-SB03-059293895-T-C-02	ICRISAT	BI/ICRISAT	T/C
3	59352048	2	S100K-SNP-SB03-059352048-T-C	Agriplex mid density markers	Agriplex mid density markers	T/C
3	59352048	2	S100K-SNP-SB03-059352048-T-C-02	ICRISAT	BI/ICRISAT	T/C
3	59421327	2	S100K-SNP-SB03-059421327-G-C	Agriplex mid density markers	Agriplex mid density markers	G/C
3	59421327	2	S100K-SNP-SB03-059421327-G-C-02	ICRISAT	BI/ICRISAT	G/C
3	59501629	2	S100K-SNP-SB03-059501629-T-C	Agriplex mid density markers	Agriplex mid density markers	T/C
3	59501629	2	S100K-SNP-SB03-059501629-T-C-02	ICRISAT	BI/ICRISAT	T/C
3	59618632	2	S100K-SNP-SB03-059618632-A-G	Agriplex mid density markers	Agriplex mid density markers	A/G
3	59618632	2	S100K-SNP-SB03-059618632-A-G-02	ICRISAT	BI/ICRISAT	A/G
3	59634905	2	S100K-SNP-SB03-059634905-C-T	Agriplex mid density markers	Agriplex mid density markers	C/T
3	59634905	2	S100K-SNP-SB03-059634905-C-T-02	ICRISAT	BI/ICRISAT	C/T
3	59637582	2	S100K-SNP-SB03-059637582-T-A	Agriplex mid density markers	Agriplex mid density markers	T/A
3	59637582	2	S100K-SNP-SB03-059637582-T-A-02	ICRISAT	BI/ICRISAT	T/A
3	59723404	2	S100K-SNP-SB03-059723404-C-A	Agriplex mid density markers	Agriplex mid density markers	C/A
3	59723404	2	S100K-SNP-SB03-059723404-C-A-02	ICRISAT	BI/ICRISAT	C/A
3	59803663	2	S100K-SNP-SB03-059803663-A-G	Agriplex mid density markers	Agriplex mid density markers	A/G
3	59803663	2	S100K-SNP-SB03-059803663-A-G-02	ICRISAT	BI/ICRISAT	A/G
3	6018709	2	S100K-SNP-SB03-006018709-T-A	Agriplex mid density markers	Agriplex mid density markers	T/A
3	6018709	2	S100K-SNP-SB03-006018709-T-A-02	ICRISAT	BI/ICRISAT	T/A
3	60263000	2	S100K-SNP-SB03-060263000-G-T	Agriplex mid density markers	Agriplex mid density markers	G/T
3	60263000	2	S100K-SNP-SB03-060263000-G-T-02	ICRISAT	BI/ICRISAT	G/T
3	60352954	2	S100K-SNP-SB03-060352954-G-A	Agriplex mid density markers	Agriplex mid density markers	G/A
3	60352954	2	S100K-SNP-SB03-060352954-G-A-02	ICRISAT	BI/ICRISAT	G/A
3	60400141	2	S100K-SNP-SB03-060400141-A-G	Agriplex mid density markers	Agriplex mid density markers	A/G
3	60400141	2	S100K-SNP-SB03-060400141-A-G-02	ICRISAT	BI/ICRISAT	A/G
3	6054184	2	S100K-SNP-SB03-006054184-A-G	Agriplex mid density markers	Agriplex mid density markers	A/G
3	6054184	2	S100K-SNP-SB03-006054184-A-G-02	ICRISAT	BI/ICRISAT	A/G
3	60581898	2	S100K-SNP-SB03-060581898-G-A	Agriplex mid density markers	Agriplex mid density markers	G/A
3	60581898	2	S100K-SNP-SB03-060581898-G-A-02	ICRISAT	BI/ICRISAT	G/A
3	60582529	2	S100K-SNP-SB03-060582529-A-C	Agriplex mid density markers	Agriplex mid density markers	A/C
3	60582529	2	S100K-SNP-SB03-060582529-A-C-02	ICRISAT	BI/ICRISAT	A/C
3	60718995	2	S100K-SNP-SB03-060718995-C-T	Agriplex mid density markers	Agriplex mid density markers	C/T
3	60718995	2	S100K-SNP-SB03-060718995-C-T-02	ICRISAT	BI/ICRISAT	C/T
3	60783841	2	S100K-SNP-SB03-060783841-A-G	Agriplex mid density markers	Agriplex mid density markers	A/G
3	60783841	2	S100K-SNP-SB03-060783841-A-G-02	ICRISAT	BI/ICRISAT	A/G
3	6081428	2	S100K-SNP-SB03-006081428-T-C	Agriplex mid density markers	Agriplex mid density markers	T/C
3	6081428	2	S100K-SNP-SB03-006081428-T-C-02	ICRISAT	BI/ICRISAT	T/C
3	6089452	2	S100K-SNP-SB03-006089452-T-G	Agriplex mid density markers	Agriplex mid density markers	T/G
3	6089452	2	S100K-SNP-SB03-006089452-T-G-02	ICRISAT	BI/ICRISAT	T/G
3	60925537	2	S100K-SNP-SB03-060925537-C-T	Agriplex mid density markers	Agriplex mid density markers	C/T
3	60925537	2	S100K-SNP-SB03-060925537-C-T-02	ICRISAT	BI/ICRISAT	C/T
3	60937459	2	S100K-SNP-SB03-060937459-A-G	Agriplex mid density markers	Agriplex mid density markers	A/G
3	60937459	2	S100K-SNP-SB03-060937459-A-G-02	ICRISAT	BI/ICRISAT	A/G
3	61301443	2	S100K-SNP-SB03-061301443-C-G	Agriplex mid density markers	Agriplex mid density markers	C/G
3	61301443	2	S100K-SNP-SB03-061301443-C-G-02	ICRISAT	BI/ICRISAT	C/G
3	61379084	2	S100K-SNP-SB03-061379084-T-C	Agriplex mid density markers	Agriplex mid density markers	T/C
3	61379084	2	S100K-SNP-SB03-061379084-T-C-02	ICRISAT	BI/ICRISAT	T/C
3	6139314	2	S100K-SNP-SB03-006139314-T-C	Agriplex mid density markers	Agriplex mid density markers	T/C
3	6139314	2	S100K-SNP-SB03-006139314-T-C-02	ICRISAT	BI/ICRISAT	T/C
3	61484178	2	S100K-SNP-SB03-061484178-G-T	Agriplex mid density markers	Agriplex mid density markers	G/T
3	61484178	2	S100K-SNP-SB03-061484178-G-T-02	ICRISAT	BI/ICRISAT	G/T
3	61490500	2	S100K-SNP-SB03-061490500-A-G	Agriplex mid density markers	Agriplex mid density markers	A/G
3	61490500	2	S100K-SNP-SB03-061490500-A-G-02	ICRISAT	BI/ICRISAT	A/G
3	61585959	2	S100K-SNP-SB03-061585959-A-G	Agriplex mid density markers	Agriplex mid density markers	A/G
3	61585959	2	S100K-SNP-SB03-061585959-A-G-02	ICRISAT	BI/ICRISAT	A/G
3	61654196	2	S100K-SNP-SB03-061654196-G-A	Agriplex mid density markers	Agriplex mid density markers	G/A
3	61654196	2	S100K-SNP-SB03-061654196-G-A-02	ICRISAT	BI/ICRISAT	G/A
3	61669173	2	S100K-SNP-SB03-061669173-G-A	Agriplex mid density markers	Agriplex mid density markers	G/A
3	61669173	2	S100K-SNP-SB03-061669173-G-A-02	ICRISAT	BI/ICRISAT	G/A
3	61918842	2	S100K-SNP-SB03-061918842-A-G	Agriplex mid density markers	Agriplex mid density markers	A/G
3	61918842	2	S100K-SNP-SB03-061918842-A-G-02	ICRISAT	BI/ICRISAT	A/G
3	62308359	2	S100K-SNP-SB03-062308359-T-C	Agriplex mid density markers	Agriplex mid density markers	T/C
3	62308359	2	S100K-SNP-SB03-062308359-T-C-02	ICRISAT	BI/ICRISAT	T/C
3	62321042	2	S100K-SNP-SB03-062321042-C-A	Agriplex mid density markers	Agriplex mid density markers	C/A
3	62321042	2	S100K-SNP-SB03-062321042-C-A-02	ICRISAT	BI/ICRISAT	C/A
3	62355808	2	S100K-SNP-SB03-062355808-C-G	Agriplex mid density markers	Agriplex mid density markers	C/G
3	62355808	2	S100K-SNP-SB03-062355808-C-G-02	ICRISAT	BI/ICRISAT	C/G
3	62421152	2	S100K-SNP-SB03-062421152-A-G	Agriplex mid density markers	Agriplex mid density markers	A/G
3	62421152	2	S100K-SNP-SB03-062421152-A-G-02	ICRISAT	BI/ICRISAT	A/G
3	62561559	2	S100K-SNP-SB03-062561559-T-C	Agriplex mid density markers	Agriplex mid density markers	T/C
3	62561559	2	S100K-SNP-SB03-062561559-T-C-02	ICRISAT	BI/ICRISAT	T/C
3	63353066	2	S100K-SNP-SB03-063353066-C-T	Agriplex mid density markers	Agriplex mid density markers	C/T
3	63353066	2	S100K-SNP-SB03-063353066-C-T-02	ICRISAT	BI/ICRISAT	C/T
3	63390012	2	S100K-SNP-SB03-063390012-C-T	Agriplex mid density markers	Agriplex mid density markers	C/T
3	63390012	2	S100K-SNP-SB03-063390012-C-T-02	ICRISAT	BI/ICRISAT	C/T
3	63564113	2	S100K-SNP-SB03-063564113-C-T	Agriplex mid density markers	Agriplex mid density markers	C/T
3	63564113	2	S100K-SNP-SB03-063564113-C-T-02	ICRISAT	BI/ICRISAT	C/T
3	63730177	2	S100K-SNP-SB03-063730177-T-G	Agriplex mid density markers	Agriplex mid density markers	T/G
3	63730177	2	S100K-SNP-SB03-063730177-T-G-02	ICRISAT	BI/ICRISAT	T/G
3	63822154	2	S100K-SNP-SB03-063822154-G-T	Agriplex mid density markers	Agriplex mid density markers	G/T
3	63822154	2	S100K-SNP-SB03-063822154-G-T-02	ICRISAT	BI/ICRISAT	G/T
3	64266888	2	S100K-SNP-SB03-064266888-T-G	Agriplex mid density markers	Agriplex mid density markers	T/G
3	64266888	2	S100K-SNP-SB03-064266888-T-G-02	ICRISAT	BI/ICRISAT	T/G
3	64341310	2	S100K-SNP-SB03-064341310-T-C	Agriplex mid density markers	Agriplex mid density markers	T/C
3	64341310	2	S100K-SNP-SB03-064341310-T-C-02	ICRISAT	BI/ICRISAT	T/C
3	64858480	2	S100K-SNP-SB03-064858480-C-G	Agriplex mid density markers	Agriplex mid density markers	C/G
3	64858480	2	S100K-SNP-SB03-064858480-C-G-02	ICRISAT	BI/ICRISAT	C/G
3	6492287	2	S100K-SNP-SB03-006492287-C-T	Agriplex mid density markers	Agriplex mid density markers	C/T
3	6492287	2	S100K-SNP-SB03-006492287-C-T-02	ICRISAT	BI/ICRISAT	C/T
3	64937605	2	S100K-SNP-SB03-064937605-T-C	Agriplex mid density markers	Agriplex mid density markers	T/C
3	64937605	2	S100K-SNP-SB03-064937605-T-C-02	ICRISAT	BI/ICRISAT	T/C
3	64967486	2	S100K-SNP-SB03-064967486-G-C	Agriplex mid density markers	Agriplex mid density markers	G/C
3	64967486	2	S100K-SNP-SB03-064967486-G-C-02	ICRISAT	BI/ICRISAT	G/C
3	65324887	2	S100K-SNP-SB03-065324887-C-A	Agriplex mid density markers	Agriplex mid density markers	C/A
3	65324887	2	S100K-SNP-SB03-065324887-C-A-02	ICRISAT	BI/ICRISAT	C/A
3	65353632	2	S100K-SNP-SB03-065353632-G-T	Agriplex mid density markers	Agriplex mid density markers	G/T
3	65353632	2	S100K-SNP-SB03-065353632-G-T-02	ICRISAT	BI/ICRISAT	G/T
3	65626321	2	S100K-SNP-SB03-065626321-T-C	Agriplex mid density markers	Agriplex mid density markers	T/C
3	65626321	2	S100K-SNP-SB03-065626321-T-C-02	ICRISAT	BI/ICRISAT	T/C
3	65906476	2	S100K-SNP-SB03-065906476-C-A	Agriplex mid density markers	Agriplex mid density markers	C/A
3	65906476	2	S100K-SNP-SB03-065906476-C-A-02	ICRISAT	BI/ICRISAT	C/A
3	66003612	2	S100K-SNP-SB03-066003612-C-T	Agriplex mid density markers	Agriplex mid density markers	C/T
3	66003612	2	S100K-SNP-SB03-066003612-C-T-02	ICRISAT	BI/ICRISAT	C/T
3	66095714	2	S100K-SNP-SB03-066095714-A-G	Agriplex mid density markers	Agriplex mid density markers	A/G
3	66095714	2	S100K-SNP-SB03-066095714-A-G-02	ICRISAT	BI/ICRISAT	A/G
3	66330611	2	S100K-SNP-SB03-066330611-G-A	Agriplex mid density markers	Agriplex mid density markers	G/A
3	66330611	2	S100K-SNP-SB03-066330611-G-A-02	ICRISAT	BI/ICRISAT	G/A
3	66560521	2	S100K-SNP-SB03-066560521-A-T	Agriplex mid density markers	Agriplex mid density markers	A/T
3	66560521	2	S100K-SNP-SB03-066560521-A-T-02	ICRISAT	BI/ICRISAT	A/T
3	66788731	2	S100K-SNP-SB03-066788731-T-C	Agriplex mid density markers	Agriplex mid density markers	T/C
3	66788731	2	S100K-SNP-SB03-066788731-T-C-02	ICRISAT	BI/ICRISAT	T/C
3	6692636	2	S100K-SNP-SB03-006692636-T-C	Agriplex mid density markers	Agriplex mid density markers	T/C
3	6692636	2	S100K-SNP-SB03-006692636-T-C-02	ICRISAT	BI/ICRISAT	T/C
3	6692752	2	S100K-SNP-SB03-006692752-G-T	Agriplex mid density markers	Agriplex mid density markers	G/T
3	6692752	2	S100K-SNP-SB03-006692752-G-T-02	ICRISAT	BI/ICRISAT	G/T
3	67584727	2	S100K-SNP-SB03-067584727-G-A	Agriplex mid density markers	Agriplex mid density markers	G/A
3	67584727	2	S100K-SNP-SB03-067584727-G-A-02	ICRISAT	BI/ICRISAT	G/A
3	6793696	2	S100K-SNP-SB03-006793696-C-T	Agriplex mid density markers	Agriplex mid density markers	C/T
3	6793696	2	S100K-SNP-SB03-006793696-C-T-02	ICRISAT	BI/ICRISAT	C/T
3	67939360	2	S100K-SNP-SB03-067939360-A-G	Agriplex mid density markers	Agriplex mid density markers	A/G
3	67939360	2	S100K-SNP-SB03-067939360-A-G-02	ICRISAT	BI/ICRISAT	A/G
3	68031538	2	S100K-SNP-SB03-068031538-T-C	Agriplex mid density markers	Agriplex mid density markers	T/C
3	68031538	2	S100K-SNP-SB03-068031538-T-C-02	ICRISAT	BI/ICRISAT	T/C
3	68088263	2	S100K-SNP-SB03-068088263-C-T	Agriplex mid density markers	Agriplex mid density markers	C/T
3	68088263	2	S100K-SNP-SB03-068088263-C-T-02	ICRISAT	BI/ICRISAT	C/T
3	68367370	2	S100K-SNP-SB03-068367370-A-C	Agriplex mid density markers	Agriplex mid density markers	A/C
3	68367370	2	S100K-SNP-SB03-068367370-A-C-02	ICRISAT	BI/ICRISAT	A/C
3	68831857	2	S100K-SNP-SB03-068831857-A-C	Agriplex mid density markers	Agriplex mid density markers	A/C
3	68831857	2	S100K-SNP-SB03-068831857-A-C-02	ICRISAT	BI/ICRISAT	A/C
3	68956518	2	S100K-SNP-SB03-068956518-C-T	Agriplex mid density markers	Agriplex mid density markers	C/T
3	68956518	2	S100K-SNP-SB03-068956518-C-T-02	ICRISAT	BI/ICRISAT	C/T
3	69068844	2	S100K-SNP-SB03-069068844-T-G	Agriplex mid density markers	Agriplex mid density markers	T/G
3	69068844	2	S100K-SNP-SB03-069068844-T-G-02	ICRISAT	BI/ICRISAT	T/G
3	69210380	2	S100K-SNP-SB03-069210380-A-T	Agriplex mid density markers	Agriplex mid density markers	A/T
3	69210380	2	S100K-SNP-SB03-069210380-A-T-02	ICRISAT	BI/ICRISAT	A/T
3	69405187	2	S100K-SNP-SB03-069405187-G-T	Agriplex mid density markers	Agriplex mid density markers	G/T
3	69405187	2	S100K-SNP-SB03-069405187-G-T-02	ICRISAT	BI/ICRISAT	G/T
3	69698464	2	S100K-SNP-SB03-069698464-T-C	Agriplex mid density markers	Agriplex mid density markers	T/C
3	69698464	2	S100K-SNP-SB03-069698464-T-C-02	ICRISAT	BI/ICRISAT	T/C
3	69704028	2	S100K-SNP-SB03-069704028-T-C	Agriplex mid density markers	Agriplex mid density markers	T/C
3	69704028	2	S100K-SNP-SB03-069704028-T-C-02	ICRISAT	BI/ICRISAT	T/C
3	69803838	2	S100K-SNP-SB03-069803838-G-T	Agriplex mid density markers	Agriplex mid density markers	G/T
3	69803838	2	S100K-SNP-SB03-069803838-G-T-02	ICRISAT	BI/ICRISAT	G/T
3	69847330	2	S100K-SNP-SB03-069847330-C-A	Agriplex mid density markers	Agriplex mid density markers	C/A
3	69847330	2	S100K-SNP-SB03-069847330-C-A-02	ICRISAT	BI/ICRISAT	C/A
3	69879206	2	S100K-SNP-SB03-069879206-T-C	Agriplex mid density markers	Agriplex mid density markers	T/C
3	69879206	2	S100K-SNP-SB03-069879206-T-C-02	ICRISAT	BI/ICRISAT	T/C
3	69905950	2	S100K-SNP-SB03-069905950-A-G	Agriplex mid density markers	Agriplex mid density markers	A/G
3	69905950	2	S100K-SNP-SB03-069905950-A-G-02	ICRISAT	BI/ICRISAT	A/G
3	69966714	2	S100K-SNP-SB03-069966714-T-C	Agriplex mid density markers	Agriplex mid density markers	T/C
3	69966714	2	S100K-SNP-SB03-069966714-T-C-02	ICRISAT	BI/ICRISAT	T/C
3	70146945	2	S100K-SNP-SB03-070146945-A-G	Agriplex mid density markers	Agriplex mid density markers	A/G
3	70146945	2	S100K-SNP-SB03-070146945-A-G-02	ICRISAT	BI/ICRISAT	A/G
3	70147980	2	S100K-SNP-SB03-070147980-G-C	Agriplex mid density markers	Agriplex mid density markers	G/C
3	70147980	2	S100K-SNP-SB03-070147980-G-C-02	ICRISAT	BI/ICRISAT	G/C
3	70244855	2	S100K-SNP-SB03-070244855-T-G	Agriplex mid density markers	Agriplex mid density markers	T/G
3	70244855	2	S100K-SNP-SB03-070244855-T-G-02	ICRISAT	BI/ICRISAT	T/G
3	70245187	2	S100K-SNP-SB03-070245187-C-T	Agriplex mid density markers	Agriplex mid density markers	C/T
3	70245187	2	S100K-SNP-SB03-070245187-C-T-02	ICRISAT	BI/ICRISAT	C/T
3	70276670	2	S100K-SNP-SB03-070276670-T-G	Agriplex mid density markers	Agriplex mid density markers	T/G
3	70276670	2	S100K-SNP-SB03-070276670-T-G-02	ICRISAT	BI/ICRISAT	T/G
3	70457916	2	S100K-SNP-SB03-070457916-A-G	Agriplex mid density markers	Agriplex mid density markers	A/G
3	70457916	2	S100K-SNP-SB03-070457916-A-G-02	ICRISAT	BI/ICRISAT	A/G
3	70463489	2	S100K-SNP-SB03-070463489-A-T	Agriplex mid density markers	Agriplex mid density markers	A/T
3	70463489	2	S100K-SNP-SB03-070463489-A-T-02	ICRISAT	BI/ICRISAT	A/T
3	70517701	2	S100K-SNP-SB03-070517701-G-A	Agriplex mid density markers	Agriplex mid density markers	G/A
3	70517701	2	S100K-SNP-SB03-070517701-G-A-02	ICRISAT	BI/ICRISAT	G/A
3	70538008	2	S100K-SNP-SB03-070538008-C-T	Agriplex mid density markers	Agriplex mid density markers	C/T
3	70538008	2	S100K-SNP-SB03-070538008-C-T-02	ICRISAT	BI/ICRISAT	C/T
3	70553794	2	S100K-SNP-SB03-070553794-C-T	Agriplex mid density markers	Agriplex mid density markers	C/T
3	70553794	2	S100K-SNP-SB03-070553794-C-T-02	ICRISAT	BI/ICRISAT	C/T
3	70559049	2	S100K-SNP-SB03-070559049-C-T	Agriplex mid density markers	Agriplex mid density markers	C/T
3	70559049	2	S100K-SNP-SB03-070559049-C-T-02	ICRISAT	BI/ICRISAT	C/T
3	70581271	2	S100K-SNP-SB03-070581271-G-C	Agriplex mid density markers	Agriplex mid density markers	G/C
3	70581271	2	S100K-SNP-SB03-070581271-G-C-02	ICRISAT	BI/ICRISAT	G/C
3	70640369	2	S100K-SNP-SB03-070640369-C-G	Agriplex mid density markers	Agriplex mid density markers	C/G
3	70640369	2	S100K-SNP-SB03-070640369-C-G-02	ICRISAT	BI/ICRISAT	C/G
3	70798551	2	S100K-SNP-SB03-070798551-C-T	Agriplex mid density markers	Agriplex mid density markers	C/T
3	70798551	2	S100K-SNP-SB03-070798551-C-T-02	ICRISAT	BI/ICRISAT	C/T
3	70935842	2	S100K-SNP-SB03-070935842-G-C	Agriplex mid density markers	Agriplex mid density markers	G/C
3	70935842	2	S100K-SNP-SB03-070935842-G-C-02	ICRISAT	BI/ICRISAT	G/C
3	70989914	2	S100K-SNP-SB03-070989914-G-A	Agriplex mid density markers	Agriplex mid density markers	G/A
3	70989914	2	S100K-SNP-SB03-070989914-G-A-02	ICRISAT	BI/ICRISAT	G/A
3	71018229	2	S100K-SNP-SB03-071018229-A-G	Agriplex mid density markers	Agriplex mid density markers	A/G
3	71018229	2	S100K-SNP-SB03-071018229-A-G-02	ICRISAT	BI/ICRISAT	A/G
3	71042084	2	S100K-SNP-SB03-071042084-G-A	Agriplex mid density markers	Agriplex mid density markers	G/A
3	71042084	2	S100K-SNP-SB03-071042084-G-A-02	ICRISAT	BI/ICRISAT	G/A
3	710878	2	S100K-SNP-SB03-000710878-A-G	ICRISAT	BI/ICRISAT	A/G
3	710878	2	S100K-SNP-SB03-000710878-A-G-02	Quality Control	ICRISAT/EiB	A/G
3	71104827	8	S100K-SNP-SB03-071104827-G-A	Aluminum tolerance	Jura/SbMATE	G/A
3	71104827	8	S100K-SNP-SB03-071104827-C-A	Aluminum tolerance	Jura/SbMATE	C/A
3	71104827	8	S100K-SNP-SB03-071104827-G-C	Aluminum tolerance	Jura/SbMATE	G/C
3	71104827	8	S100K-SNP-SB03-071104827-A-T	Aluminum tolerance	Jura/SbMATE	A/T
3	71104827	8	S100K-SNP-SB03-071104827-G-A-02	Aluminum tolerance	Jura/SbMATE	G/A
3	71104827	8	S100K-SNP-SB03-071104827-T-C	Aluminum tolerance	Jura/SbMATE	T/C
3	71104827	8	S100K-SNP-SB03-071104827-G-T	Aluminum tolerance	Jura/SbMATE	G/T
3	71104827	8	S100K-SNP-SB03-071104827-C-A-02	Aluminum tolerance	Jura/SbMATE	C/A
3	7121906	2	S100K-SNP-SB03-007121906-T-C	Agriplex mid density markers	Agriplex mid density markers	T/C
3	7121906	2	S100K-SNP-SB03-007121906-T-C-02	ICRISAT	BI/ICRISAT	T/C
3	71275540	2	S100K-SNP-SB03-071275540-C-T	Agriplex mid density markers	Agriplex mid density markers	C/T
3	71275540	2	S100K-SNP-SB03-071275540-C-T-02	ICRISAT	BI/ICRISAT	C/T
3	71458504	2	S100K-SNP-SB03-071458504-A-T	Agriplex mid density markers	Agriplex mid density markers	A/T
3	71458504	2	S100K-SNP-SB03-071458504-A-T-02	ICRISAT	BI/ICRISAT	A/T
3	71573506	2	S100K-SNP-SB03-071573506-A-C	Agriplex mid density markers	Agriplex mid density markers	A/C
3	71573506	2	S100K-SNP-SB03-071573506-A-C-02	ICRISAT	BI/ICRISAT	A/C
3	71605396	2	S100K-SNP-SB03-071605396-A-G	Agriplex mid density markers	Agriplex mid density markers	A/G
3	71605396	2	S100K-SNP-SB03-071605396-A-G-02	ICRISAT	BI/ICRISAT	A/G
3	71654172	2	S100K-SNP-SB03-071654172-C-T	Agriplex mid density markers	Agriplex mid density markers	C/T
3	71654172	2	S100K-SNP-SB03-071654172-C-T-02	ICRISAT	BI/ICRISAT	C/T
3	71732278	2	S100K-SNP-SB03-071732278-C-T	Agriplex mid density markers	Agriplex mid density markers	C/T
3	71732278	2	S100K-SNP-SB03-071732278-C-T-02	ICRISAT	BI/ICRISAT	C/T
3	71744039	2	S100K-SNP-SB03-071744039-C-T	Agriplex mid density markers	Agriplex mid density markers	C/T
3	71744039	2	S100K-SNP-SB03-071744039-C-T-02	ICRISAT	BI/ICRISAT	C/T
3	71798340	2	S100K-SNP-SB03-071798340-C-A	Agriplex mid density markers	Agriplex mid density markers	C/A
3	71798340	2	S100K-SNP-SB03-071798340-C-A-02	ICRISAT	BI/ICRISAT	C/A
3	71866553	2	S100K-SNP-SB03-071866553-G-A	Agriplex mid density markers	Agriplex mid density markers	G/A
3	71866553	2	S100K-SNP-SB03-071866553-G-A-02	ICRISAT	BI/ICRISAT	G/A
3	71936671	2	S100K-SNP-SB03-071936671-G-A	Agriplex mid density markers	Agriplex mid density markers	G/A
3	71936671	2	S100K-SNP-SB03-071936671-G-A-02	ICRISAT	BI/ICRISAT	G/A
3	72027865	2	S100K-SNP-SB03-072027865-A-G	Agriplex mid density markers	Agriplex mid density markers	A/G
3	72027865	2	S100K-SNP-SB03-072027865-A-G-02	ICRISAT	BI/ICRISAT	A/G
3	72125603	2	S100K-SNP-SB03-072125603-A-G	Agriplex mid density markers	Agriplex mid density markers	A/G
3	72125603	2	S100K-SNP-SB03-072125603-A-G-02	ICRISAT	BI/ICRISAT	A/G
3	72441614	2	S100K-SNP-SB03-072441614-G-A	Agriplex mid density markers	Agriplex mid density markers	G/A
3	72441614	2	S100K-SNP-SB03-072441614-G-A-02	ICRISAT	BI/ICRISAT	G/A
3	72444136	2	S100K-SNP-SB03-072444136-C-T	Agriplex mid density markers	Agriplex mid density markers	C/T
3	72444136	2	S100K-SNP-SB03-072444136-C-T-02	ICRISAT	BI/ICRISAT	C/T
3	72465954	2	S100K-SNP-SB03-072465954-T-C	Agriplex mid density markers	Agriplex mid density markers	T/C
3	72465954	2	S100K-SNP-SB03-072465954-T-C-02	ICRISAT	BI/ICRISAT	T/C
3	72511821	2	S100K-SNP-SB03-072511821-T-C	Agriplex mid density markers	Agriplex mid density markers	T/C
3	72511821	2	S100K-SNP-SB03-072511821-T-C-02	ICRISAT	BI/ICRISAT	T/C
3	73010845	2	S100K-SNP-SB03-073010845-G-A	Agriplex mid density markers	Agriplex mid density markers	G/A
3	73010845	2	S100K-SNP-SB03-073010845-G-A-02	ICRISAT	BI/ICRISAT	G/A
3	73046867	2	S100K-SNP-SB03-073046867-T-C	Agriplex mid density markers	Agriplex mid density markers	T/C
3	73046867	2	S100K-SNP-SB03-073046867-T-C-02	ICRISAT	BI/ICRISAT	T/C
3	73128685	2	S100K-SNP-SB03-073128685-G-C	Agriplex mid density markers	Agriplex mid density markers	G/C
3	73128685	2	S100K-SNP-SB03-073128685-G-C-02	ICRISAT	BI/ICRISAT	G/C
3	73184124	2	S100K-SNP-SB03-073184124-C-G	Agriplex mid density markers	Agriplex mid density markers	C/G
3	73184124	2	S100K-SNP-SB03-073184124-C-G-02	ICRISAT	BI/ICRISAT	C/G
3	73239278	2	S100K-SNP-SB03-073239278-G-C	Agriplex mid density markers	Agriplex mid density markers	G/C
3	73239278	2	S100K-SNP-SB03-073239278-G-C-02	ICRISAT	BI/ICRISAT	G/C
3	73278322	2	S100K-SNP-SB03-073278322-A-G	Agriplex mid density markers	Agriplex mid density markers	A/G
3	73278322	2	S100K-SNP-SB03-073278322-A-G-02	ICRISAT	BI/ICRISAT	A/G
3	73334633	2	S100K-SNP-SB03-073334633-C-T	Agriplex mid density markers	Agriplex mid density markers	C/T
3	73334633	2	S100K-SNP-SB03-073334633-C-T-02	ICRISAT	BI/ICRISAT	C/T
3	73485371	2	S100K-SNP-SB03-073485371-A-G	Agriplex mid density markers	Agriplex mid density markers	A/G
3	73485371	2	S100K-SNP-SB03-073485371-A-G-02	ICRISAT	BI/ICRISAT	A/G
3	7365183	2	S100K-SNP-SB03-007365183-C-T	Agriplex mid density markers	Agriplex mid density markers	C/T
3	7365183	2	S100K-SNP-SB03-007365183-C-T-02	ICRISAT	BI/ICRISAT	C/T
3	73842973	2	S100K-SNP-SB03-073842973-G-C	Agriplex mid density markers	Agriplex mid density markers	G/C
3	73842973	2	S100K-SNP-SB03-073842973-G-C-02	ICRISAT	BI/ICRISAT	G/C
3	73912511	2	S100K-SNP-SB03-073912511-G-A	Agriplex mid density markers	Agriplex mid density markers	G/A
3	73912511	2	S100K-SNP-SB03-073912511-G-A-02	ICRISAT	BI/ICRISAT	G/A
3	73926129	2	S100K-SNP-SB03-073926129-G-A	Agriplex mid density markers	Agriplex mid density markers	G/A
3	73926129	2	S100K-SNP-SB03-073926129-G-A-02	ICRISAT	BI/ICRISAT	G/A
3	74011150	2	S100K-SNP-SB03-074011150-T-C	Agriplex mid density markers	Agriplex mid density markers	T/C
3	74011150	2	S100K-SNP-SB03-074011150-T-C-02	ICRISAT	BI/ICRISAT	T/C
3	74135699	2	S100K-SNP-SB03-074135699-A-T	Agriplex mid density markers	Agriplex mid density markers	A/T
3	74135699	2	S100K-SNP-SB03-074135699-A-T-02	ICRISAT	BI/ICRISAT	A/T
3	7419358	2	S100K-SNP-SB03-007419358-T-G	Agriplex mid density markers	Agriplex mid density markers	T/G
3	7419358	2	S100K-SNP-SB03-007419358-T-G-02	ICRISAT	BI/ICRISAT	T/G
3	7724286	2	S100K-SNP-SB03-007724286-C-A	Agriplex mid density markers	Agriplex mid density markers	C/A
3	7724286	2	S100K-SNP-SB03-007724286-C-A-02	ICRISAT	BI/ICRISAT	C/A
3	7811641	2	S100K-SNP-SB03-007811641-C-T	Agriplex mid density markers	Agriplex mid density markers	C/T
3	7811641	2	S100K-SNP-SB03-007811641-C-T-02	ICRISAT	BI/ICRISAT	C/T
3	7813955	2	S100K-SNP-SB03-007813955-T-G	Agriplex mid density markers	Agriplex mid density markers	T/G
3	7813955	2	S100K-SNP-SB03-007813955-T-G-02	ICRISAT	BI/ICRISAT	T/G
3	7843617	2	S100K-SNP-SB03-007843617-C-T	Agriplex mid density markers	Agriplex mid density markers	C/T
3	7843617	2	S100K-SNP-SB03-007843617-C-T-02	ICRISAT	BI/ICRISAT	C/T
3	7846440	2	S100K-SNP-SB03-007846440-T-C	Agriplex mid density markers	Agriplex mid density markers	T/C
3	7846440	2	S100K-SNP-SB03-007846440-T-C-02	ICRISAT	BI/ICRISAT	T/C
3	7871837	2	S100K-SNP-SB03-007871837-C-G	Agriplex mid density markers	Agriplex mid density markers	C/G
3	7871837	2	S100K-SNP-SB03-007871837-C-G-02	ICRISAT	BI/ICRISAT	C/G
3	7933165	2	S100K-SNP-SB03-007933165-T-C	Agriplex mid density markers	Agriplex mid density markers	T/C
3	7933165	2	S100K-SNP-SB03-007933165-T-C-02	ICRISAT	BI/ICRISAT	T/C
3	8021574	2	S100K-SNP-SB03-008021574-G-A	Agriplex mid density markers	Agriplex mid density markers	G/A
3	8021574	2	S100K-SNP-SB03-008021574-G-A-02	ICRISAT	BI/ICRISAT	G/A
3	8071735	2	S100K-SNP-SB03-008071735-T-C	Agriplex mid density markers	Agriplex mid density markers	T/C
3	8071735	2	S100K-SNP-SB03-008071735-T-C-02	ICRISAT	BI/ICRISAT	T/C
3	8077286	2	S100K-SNP-SB03-008077286-G-C	Agriplex mid density markers	Agriplex mid density markers	G/C
3	8077286	2	S100K-SNP-SB03-008077286-G-C-02	ICRISAT	BI/ICRISAT	G/C
3	8081313	2	S100K-SNP-SB03-008081313-A-G	Agriplex mid density markers	Agriplex mid density markers	A/G
3	8081313	2	S100K-SNP-SB03-008081313-A-G-02	ICRISAT	BI/ICRISAT	A/G
3	8122262	2	S100K-SNP-SB03-008122262-G-C	Agriplex mid density markers	Agriplex mid density markers	G/C
3	8122262	2	S100K-SNP-SB03-008122262-G-C-02	ICRISAT	BI/ICRISAT	G/C
3	8412256	2	S100K-SNP-SB03-008412256-T-C	Agriplex mid density markers	Agriplex mid density markers	T/C
3	8412256	2	S100K-SNP-SB03-008412256-T-C-02	ICRISAT	BI/ICRISAT	T/C
3	8440493	2	S100K-SNP-SB03-008440493-T-C	Agriplex mid density markers	Agriplex mid density markers	T/C
3	8440493	2	S100K-SNP-SB03-008440493-T-C-02	ICRISAT	BI/ICRISAT	T/C
3	8579079	2	S100K-SNP-SB03-008579079-G-A	Agriplex mid density markers	Agriplex mid density markers	G/A
3	8579079	2	S100K-SNP-SB03-008579079-G-A-02	ICRISAT	BI/ICRISAT	G/A
3	8673368	2	S100K-SNP-SB03-008673368-A-G	Agriplex mid density markers	Agriplex mid density markers	A/G
3	8673368	2	S100K-SNP-SB03-008673368-A-G-02	ICRISAT	BI/ICRISAT	A/G
3	8677807	2	S100K-SNP-SB03-008677807-T-G	Agriplex mid density markers	Agriplex mid density markers	T/G
3	8677807	2	S100K-SNP-SB03-008677807-T-G-02	ICRISAT	BI/ICRISAT	T/G
3	8739646	2	S100K-SNP-SB03-008739646-T-G	ICRISAT	BI/ICRISAT	T/G
3	8739646	2	S100K-SNP-SB03-008739646-T-G-02	Quality Control	ICRISAT/EiB	T/G
3	8739702	2	S100K-SNP-SB03-008739702-A-G	Agriplex mid density markers	Agriplex mid density markers	A/G
3	8739702	2	S100K-SNP-SB03-008739702-A-G-02	ICRISAT	BI/ICRISAT	A/G
3	8740753	2	S100K-SNP-SB03-008740753-T-A	Agriplex mid density markers	Agriplex mid density markers	T/A
3	8740753	2	S100K-SNP-SB03-008740753-T-A-02	ICRISAT	BI/ICRISAT	T/A
3	8974634	2	S100K-SNP-SB03-008974634-A-T	Agriplex mid density markers	Agriplex mid density markers	A/T
3	8974634	2	S100K-SNP-SB03-008974634-A-T-02	ICRISAT	BI/ICRISAT	A/T
3	9057564	3	S100K-SNP-SB03-009057564-A-G	Panicle length	AAU-SLU Biotech/Sida	A/G
3	9057564	3	S100K-SNP-SB03-009057564-A-G-02	Agriplex mid density markers	Agriplex mid density markers	A/G
3	9057564	3	S100K-SNP-SB03-009057564-A-G-03	ICRISAT	BI/ICRISAT	A/G
3	922016	2	S100K-SNP-SB03-000922016-G-T	Agriplex mid density markers	Agriplex mid density markers	G/T
3	922016	2	S100K-SNP-SB03-000922016-G-T-02	ICRISAT	BI/ICRISAT	G/T
3	9291754	2	S100K-SNP-SB03-009291754-C-A	Agriplex mid density markers	Agriplex mid density markers	C/A
3	9291754	2	S100K-SNP-SB03-009291754-C-A-02	ICRISAT	BI/ICRISAT	C/A
3	9318294	2	S100K-SNP-SB03-009318294-A-G	Agriplex mid density markers	Agriplex mid density markers	A/G
3	9318294	2	S100K-SNP-SB03-009318294-A-G-02	ICRISAT	BI/ICRISAT	A/G
3	9703273	2	S100K-SNP-SB03-009703273-A-C	Agriplex mid density markers	Agriplex mid density markers	A/C
3	9703273	2	S100K-SNP-SB03-009703273-A-C-02	ICRISAT	BI/ICRISAT	A/C
3	9722025	2	S100K-SNP-SB03-009722025-G-A	Agriplex mid density markers	Agriplex mid density markers	G/A
3	9722025	2	S100K-SNP-SB03-009722025-G-A-02	ICRISAT	BI/ICRISAT	G/A
3	9795565	2	S100K-SNP-SB03-009795565-C-T	Agriplex mid density markers	Agriplex mid density markers	C/T
3	9795565	2	S100K-SNP-SB03-009795565-C-T-02	ICRISAT	BI/ICRISAT	C/T
3	9841973	2	S100K-SNP-SB03-009841973-G-A	Agriplex mid density markers	Agriplex mid density markers	G/A
3	9841973	2	S100K-SNP-SB03-009841973-G-A-02	ICRISAT	BI/ICRISAT	G/A
3	9897400	2	S100K-SNP-SB03-009897400-G-T	Agriplex mid density markers	Agriplex mid density markers	G/T
3	9897400	2	S100K-SNP-SB03-009897400-G-T-02	ICRISAT	BI/ICRISAT	G/T
3	9939593	2	S100K-SNP-SB03-009939593-T-C	Agriplex mid density markers	Agriplex mid density markers	T/C
3	9939593	2	S100K-SNP-SB03-009939593-T-C-02	ICRISAT	BI/ICRISAT	T/C
3	9953141	2	S100K-SNP-SB03-009953141-G-A	Agriplex mid density markers	Agriplex mid density markers	G/A
3	9953141	2	S100K-SNP-SB03-009953141-G-A-02	ICRISAT	BI/ICRISAT	G/A
4	10062194	2	S100K-SNP-SB04-010062194-C-G	Agriplex mid density markers	Agriplex mid density markers	C/G
4	10062194	2	S100K-SNP-SB04-010062194-C-G-02	ICRISAT	BI/ICRISAT	C/G
4	10117207	2	S100K-SNP-SB04-010117207-T-C	Agriplex mid density markers	Agriplex mid density markers	T/C
4	10117207	2	S100K-SNP-SB04-010117207-T-C-02	ICRISAT	BI/ICRISAT	T/C
4	10208312	2	S100K-SNP-SB04-010208312-G-C	Agriplex mid density markers	Agriplex mid density markers	G/C
4	10208312	2	S100K-SNP-SB04-010208312-G-C-02	ICRISAT	BI/ICRISAT	G/C
4	10304304	2	S100K-SNP-SB04-010304304-T-C	Agriplex mid density markers	Agriplex mid density markers	T/C
4	10304304	2	S100K-SNP-SB04-010304304-T-C-02	ICRISAT	BI/ICRISAT	T/C
4	10305203	2	S100K-SNP-SB04-010305203-G-A	Agriplex mid density markers	Agriplex mid density markers	G/A
4	10305203	2	S100K-SNP-SB04-010305203-G-A-02	ICRISAT	BI/ICRISAT	G/A
4	10367165	2	S100K-SNP-SB04-010367165-A-G	Agriplex mid density markers	Agriplex mid density markers	A/G
4	10367165	2	S100K-SNP-SB04-010367165-A-G-02	ICRISAT	BI/ICRISAT	A/G
4	10628604	2	S100K-SNP-SB04-010628604-T-G	Agriplex mid density markers	Agriplex mid density markers	T/G
4	10628604	2	S100K-SNP-SB04-010628604-T-G-02	ICRISAT	BI/ICRISAT	T/G
4	10767260	2	S100K-SNP-SB04-010767260-G-T	Agriplex mid density markers	Agriplex mid density markers	G/T
4	10767260	2	S100K-SNP-SB04-010767260-G-T-02	Filler Markers	BI/ICRISAT	G/T
4	1099100	2	S100K-SNP-SB04-001099100-C-T	Agriplex mid density markers	Agriplex mid density markers	C/T
4	1099100	2	S100K-SNP-SB04-001099100-C-T-02	ICRISAT	BI/ICRISAT	C/T
4	1120014	3	S100K-SNP-SB04-001120014-G-C	Agriplex mid density markers	Agriplex mid density markers	G/C
4	1120014	3	S100K-SNP-SB04-001120014-G-C-02	ICRISAT	BI/ICRISAT	G/C
4	1120014	3	S100K-SNP-SB04-001120014-G-C-03	Quality Control	ICRISAT/EiB	G/C
4	11287103	2	S100K-SNP-SB04-011287103-C-T	Agriplex mid density markers	Agriplex mid density markers	C/T
4	11287103	2	S100K-SNP-SB04-011287103-C-T-02	ICRISAT	BI/ICRISAT	C/T
4	12028146	2	S100K-SNP-SB04-012028146-C-G	Agriplex mid density markers	Agriplex mid density markers	C/G
4	12028146	2	S100K-SNP-SB04-012028146-C-G-02	ICRISAT	BI/ICRISAT	C/G
4	12205807	2	S100K-SNP-SB04-012205807-T-C	Agriplex mid density markers	Agriplex mid density markers	T/C
4	12205807	2	S100K-SNP-SB04-012205807-T-C-02	ICRISAT	BI/ICRISAT	T/C
4	12230031	2	S100K-SNP-SB04-012230031-T-G	Agriplex mid density markers	Agriplex mid density markers	T/G
4	12230031	2	S100K-SNP-SB04-012230031-T-G-02	ICRISAT	BI/ICRISAT	T/G
4	12331532	2	S100K-SNP-SB04-012331532-A-G	Agriplex mid density markers	Agriplex mid density markers	A/G
4	12331532	2	S100K-SNP-SB04-012331532-A-G-02	ICRISAT	BI/ICRISAT	A/G
4	12354641	2	S100K-SNP-SB04-012354641-A-G	Agriplex mid density markers	Agriplex mid density markers	A/G
4	12354641	2	S100K-SNP-SB04-012354641-A-G-02	ICRISAT	BI/ICRISAT	A/G
4	1237723	2	S100K-SNP-SB04-001237723-T-C	Agriplex mid density markers	Agriplex mid density markers	T/C
4	1237723	2	S100K-SNP-SB04-001237723-T-C-02	ICRISAT	BI/ICRISAT	T/C
4	12642773	2	S100K-SNP-SB04-012642773-T-C	Agriplex mid density markers	Agriplex mid density markers	T/C
4	12642773	2	S100K-SNP-SB04-012642773-T-C-02	ICRISAT	BI/ICRISAT	T/C
4	1312635	3	S100K-SNP-SB04-001312635-C-A	Agriplex mid density markers	Agriplex mid density markers	C/A
4	1312635	3	S100K-SNP-SB04-001312635-NA-NA	ChlorophyllDrought_S	Mural_etal_UB	-/-
4	1312635	3	S100K-SNP-SB04-001312635-C-A-02	ICRISAT	BI/ICRISAT	C/A
4	13431645	2	S100K-SNP-SB04-013431645-G-A	Agriplex mid density markers	Agriplex mid density markers	G/A
4	13431645	2	S100K-SNP-SB04-013431645-G-A-02	ICRISAT	BI/ICRISAT	G/A
4	13905476	2	S100K-SNP-SB04-013905476-C-T	Agriplex mid density markers	Agriplex mid density markers	C/T
4	13905476	2	S100K-SNP-SB04-013905476-C-T-02	ICRISAT	BI/ICRISAT	C/T
4	14234536	2	S100K-SNP-SB04-014234536-G-C	Agriplex mid density markers	Agriplex mid density markers	G/C
4	14234536	2	S100K-SNP-SB04-014234536-G-C-02	ICRISAT	BI/ICRISAT	G/C
4	1451463	2	S100K-SNP-SB04-001451463-NA-NA	RootArea4_K	Mural_etal_UB	-/-
4	1451463	2	S100K-SNP-SB04-001451463-T-G	Filler Markers	BI/ICRISAT	T/G
4	1603553	2	S100K-SNP-SB04-001603553-A-T	Agriplex mid density markers	Agriplex mid density markers	A/T
4	1603553	2	S100K-SNP-SB04-001603553-A-T-02	ICRISAT	BI/ICRISAT	A/T
4	1608134	2	S100K-SNP-SB04-001608134-A-C	Agriplex mid density markers	Agriplex mid density markers	A/C
4	1608134	2	S100K-SNP-SB04-001608134-A-C-02	ICRISAT	BI/ICRISAT	A/C
4	16122579	2	S100K-SNP-SB04-016122579-C-T	Agriplex mid density markers	Agriplex mid density markers	C/T
4	16122579	2	S100K-SNP-SB04-016122579-C-T-02	ICRISAT	BI/ICRISAT	C/T
4	1778425	2	S100K-SNP-SB04-001778425-C-T	Agriplex mid density markers	Agriplex mid density markers	C/T
4	1778425	2	S100K-SNP-SB04-001778425-C-T-02	ICRISAT	BI/ICRISAT	C/T
4	18137154	2	S100K-SNP-SB04-018137154-C-T	Agriplex mid density markers	Agriplex mid density markers	C/T
4	18137154	2	S100K-SNP-SB04-018137154-C-T-02	ICRISAT	BI/ICRISAT	C/T
4	2082864	2	S100K-SNP-SB04-002082864-C-T	Agriplex mid density markers	Agriplex mid density markers	C/T
4	2082864	2	S100K-SNP-SB04-002082864-C-T-02	ICRISAT	BI/ICRISAT	C/T
4	2084214	2	S100K-SNP-SB04-002084214-C-T	Agriplex mid density markers	Agriplex mid density markers	C/T
4	2084214	2	S100K-SNP-SB04-002084214-C-T-02	ICRISAT	BI/ICRISAT	C/T
4	2210241	2	S100K-SNP-SB04-002210241-C-G	Agriplex mid density markers	Agriplex mid density markers	C/G
4	2210241	2	S100K-SNP-SB04-002210241-C-G-02	ICRISAT	BI/ICRISAT	C/G
4	2241435	2	S100K-SNP-SB04-002241435-A-G	Agriplex mid density markers	Agriplex mid density markers	A/G
4	2241435	2	S100K-SNP-SB04-002241435-A-G-02	ICRISAT	BI/ICRISAT	A/G
4	2598709	2	S100K-SNP-SB04-002598709-G-A	Agriplex mid density markers	Agriplex mid density markers	G/A
4	2598709	2	S100K-SNP-SB04-002598709-G-A-02	ICRISAT	BI/ICRISAT	G/A
4	26389679	2	S100K-SNP-SB04-026389679-T-C	Agriplex mid density markers	Agriplex mid density markers	T/C
4	26389679	2	S100K-SNP-SB04-026389679-T-C-02	ICRISAT	BI/ICRISAT	T/C
4	2652172	2	S100K-SNP-SB04-002652172-A-G	Agriplex mid density markers	Agriplex mid density markers	A/G
4	2652172	2	S100K-SNP-SB04-002652172-A-G-02	ICRISAT	BI/ICRISAT	A/G
4	2674426	2	S100K-SNP-SB04-002674426-G-A	Agriplex mid density markers	Agriplex mid density markers	G/A
4	2674426	2	S100K-SNP-SB04-002674426-G-A-02	ICRISAT	BI/ICRISAT	G/A
4	27290507	2	S100K-SNP-SB04-027290507-A-G	Agriplex mid density markers	Agriplex mid density markers	A/G
4	27290507	2	S100K-SNP-SB04-027290507-A-G-02	ICRISAT	BI/ICRISAT	A/G
4	2871791	2	S100K-SNP-SB04-002871791-G-C	Agriplex mid density markers	Agriplex mid density markers	G/C
4	2871791	2	S100K-SNP-SB04-002871791-G-C-02	ICRISAT	BI/ICRISAT	G/C
4	2891258	2	S100K-SNP-SB04-002891258-C-G	Agriplex mid density markers	Agriplex mid density markers	C/G
4	2891258	2	S100K-SNP-SB04-002891258-C-G-02	ICRISAT	BI/ICRISAT	C/G
4	33326536	2	S100K-SNP-SB04-033326536-C-T	Agriplex mid density markers	Agriplex mid density markers	C/T
4	33326536	2	S100K-SNP-SB04-033326536-C-T-02	ICRISAT	BI/ICRISAT	C/T
4	364279	3	S100K-SNP-SB04-000364279-NA-NA	Fertility restoration	ICRISAT/EiB	-/-
4	364279	3	S100K-SNP-SB04-000364279-C-T	Agriplex mid density markers	Agriplex mid density markers	C/T
4	364279	3	S100K-SNP-SB04-000364279-T-C	Fertility restoration gene	ICRISAT/EiB	T/C
4	3692100	2	S100K-SNP-SB04-003692100-A-C	Agriplex mid density markers	Agriplex mid density markers	A/C
4	3692100	2	S100K-SNP-SB04-003692100-A-C-02	ICRISAT	BI/ICRISAT	A/C
4	3714894	2	S100K-SNP-SB04-003714894-T-C	Agriplex mid density markers	Agriplex mid density markers	T/C
4	3714894	2	S100K-SNP-SB04-003714894-T-C-02	ICRISAT	BI/ICRISAT	T/C
4	3755712	2	S100K-SNP-SB04-003755712-C-G	Agriplex mid density markers	Agriplex mid density markers	C/G
4	3755712	2	S100K-SNP-SB04-003755712-C-G-02	ICRISAT	BI/ICRISAT	C/G
4	3763523	2	S100K-SNP-SB04-003763523-G-A	Agriplex mid density markers	Agriplex mid density markers	G/A
4	3763523	2	S100K-SNP-SB04-003763523-G-A-02	ICRISAT	BI/ICRISAT	G/A
4	37656059	2	S100K-SNP-SB04-037656059-G-A	Agriplex mid density markers	Agriplex mid density markers	G/A
4	37656059	2	S100K-SNP-SB04-037656059-G-A-02	ICRISAT	BI/ICRISAT	G/A
4	37913379	2	S100K-SNP-SB04-037913379-T-A	Agriplex mid density markers	Agriplex mid density markers	T/A
4	37913379	2	S100K-SNP-SB04-037913379-T-A-02	ICRISAT	BI/ICRISAT	T/A
4	3791907	2	S100K-SNP-SB04-003791907-G-A	Agriplex mid density markers	Agriplex mid density markers	G/A
4	3791907	2	S100K-SNP-SB04-003791907-G-A-02	ICRISAT	BI/ICRISAT	G/A
4	38494454	2	S100K-SNP-SB04-038494454-C-T	Agriplex mid density markers	Agriplex mid density markers	C/T
4	38494454	2	S100K-SNP-SB04-038494454-C-T-02	ICRISAT	BI/ICRISAT	C/T
4	3886408	2	S100K-SNP-SB04-003886408-C-G	Agriplex mid density markers	Agriplex mid density markers	C/G
4	3886408	2	S100K-SNP-SB04-003886408-C-G-02	ICRISAT	BI/ICRISAT	C/G
4	3886862	2	S100K-SNP-SB04-003886862-A-G	Agriplex mid density markers	Agriplex mid density markers	A/G
4	3886862	2	S100K-SNP-SB04-003886862-A-G-02	ICRISAT	BI/ICRISAT	A/G
4	38925815	2	S100K-SNP-SB04-038925815-G-A	Agriplex mid density markers	Agriplex mid density markers	G/A
4	38925815	2	S100K-SNP-SB04-038925815-G-A-02	ICRISAT	BI/ICRISAT	G/A
4	4083807	2	S100K-SNP-SB04-004083807-C-A	Agriplex mid density markers	Agriplex mid density markers	C/A
4	4083807	2	S100K-SNP-SB04-004083807-C-A-02	ICRISAT	BI/ICRISAT	C/A
4	4189597	2	S100K-SNP-SB04-004189597-A-G	Agriplex mid density markers	Agriplex mid density markers	A/G
4	4189597	2	S100K-SNP-SB04-004189597-A-G-02	ICRISAT	BI/ICRISAT	A/G
4	41906870	2	S100K-SNP-SB04-041906870-G-A	Agriplex mid density markers	Agriplex mid density markers	G/A
4	41906870	2	S100K-SNP-SB04-041906870-G-A-02	ICRISAT	BI/ICRISAT	G/A
4	42197033	2	S100K-SNP-SB04-042197033-A-G	Agriplex mid density markers	Agriplex mid density markers	A/G
4	42197033	2	S100K-SNP-SB04-042197033-A-G-02	ICRISAT	BI/ICRISAT	A/G
4	4230338	2	S100K-SNP-SB04-004230338-T-G	Agriplex mid density markers	Agriplex mid density markers	T/G
4	4230338	2	S100K-SNP-SB04-004230338-T-G-02	ICRISAT	BI/ICRISAT	T/G
4	4239262	2	S100K-SNP-SB04-004239262-T-C	Agriplex mid density markers	Agriplex mid density markers	T/C
4	4239262	2	S100K-SNP-SB04-004239262-T-C-02	ICRISAT	BI/ICRISAT	T/C
4	42504520	2	S100K-SNP-SB04-042504520-T-G	Agriplex mid density markers	Agriplex mid density markers	T/G
4	42504520	2	S100K-SNP-SB04-042504520-T-G-02	ICRISAT	BI/ICRISAT	T/G
4	43486097	2	S100K-SNP-SB04-043486097-C-T	Agriplex mid density markers	Agriplex mid density markers	C/T
4	43486097	2	S100K-SNP-SB04-043486097-C-T-02	ICRISAT	BI/ICRISAT	C/T
4	44067909	2	S100K-SNP-SB04-044067909-A-G	Agriplex mid density markers	Agriplex mid density markers	A/G
4	44067909	2	S100K-SNP-SB04-044067909-A-G-02	ICRISAT	BI/ICRISAT	A/G
4	45602443	3	S100K-SNP-SB04-045602443-C-T	Agriplex mid density markers	Agriplex mid density markers	C/T
4	45602443	3	S100K-SNP-SB04-045602443-C-T-02	ICRISAT	BI/ICRISAT	C/T
4	45602443	3	S100K-SNP-SB04-045602443-T-C	Quality Control	ICRISAT/EiB	T/C
4	4638445	2	S100K-SNP-SB04-004638445-T-C	Agriplex mid density markers	Agriplex mid density markers	T/C
4	4638445	2	S100K-SNP-SB04-004638445-T-C-02	ICRISAT	BI/ICRISAT	T/C
4	4642875	2	S100K-SNP-SB04-004642875-T-C	Agriplex mid density markers	Agriplex mid density markers	T/C
4	4642875	2	S100K-SNP-SB04-004642875-T-C-02	ICRISAT	BI/ICRISAT	T/C
4	46929793	2	S100K-SNP-SB04-046929793-G-T	Agriplex mid density markers	Agriplex mid density markers	G/T
4	46929793	2	S100K-SNP-SB04-046929793-G-T-02	ICRISAT	BI/ICRISAT	G/T
4	4772304	2	S100K-SNP-SB04-004772304-C-T	Agriplex mid density markers	Agriplex mid density markers	C/T
4	4772304	2	S100K-SNP-SB04-004772304-C-T-02	ICRISAT	BI/ICRISAT	C/T
4	47809811	2	S100K-SNP-SB04-047809811-A-G	Agriplex mid density markers	Agriplex mid density markers	A/G
4	47809811	2	S100K-SNP-SB04-047809811-A-G-02	ICRISAT	BI/ICRISAT	A/G
4	47966844	2	S100K-SNP-SB04-047966844-G-C	Agriplex mid density markers	Agriplex mid density markers	G/C
4	47966844	2	S100K-SNP-SB04-047966844-G-C-02	ICRISAT	BI/ICRISAT	G/C
4	48058365	2	S100K-SNP-SB04-048058365-G-A	Agriplex mid density markers	Agriplex mid density markers	G/A
4	48058365	2	S100K-SNP-SB04-048058365-G-A-02	ICRISAT	BI/ICRISAT	G/A
4	48061038	2	S100K-SNP-SB04-048061038-C-T	Agriplex mid density markers	Agriplex mid density markers	C/T
4	48061038	2	S100K-SNP-SB04-048061038-C-T-02	ICRISAT	BI/ICRISAT	C/T
4	48069338	2	S100K-SNP-SB04-048069338-T-A	Agriplex mid density markers	Agriplex mid density markers	T/A
4	48069338	2	S100K-SNP-SB04-048069338-T-A-02	ICRISAT	BI/ICRISAT	T/A
4	48852813	2	S100K-SNP-SB04-048852813-G-C	Agriplex mid density markers	Agriplex mid density markers	G/C
4	48852813	2	S100K-SNP-SB04-048852813-G-C-02	ICRISAT	BI/ICRISAT	G/C
4	49525828	2	S100K-SNP-SB04-049525828-C-T	Agriplex mid density markers	Agriplex mid density markers	C/T
4	49525828	2	S100K-SNP-SB04-049525828-C-T-02	ICRISAT	BI/ICRISAT	C/T
4	5002524	2	S100K-SNP-SB04-005002524-G-T	Agriplex mid density markers	Agriplex mid density markers	G/T
4	5002524	2	S100K-SNP-SB04-005002524-G-T-02	ICRISAT	BI/ICRISAT	G/T
4	50107217	2	S100K-SNP-SB04-050107217-G-T	Agriplex mid density markers	Agriplex mid density markers	G/T
4	50107217	2	S100K-SNP-SB04-050107217-G-T-02	ICRISAT	BI/ICRISAT	G/T
4	5055249	2	S100K-SNP-SB04-005055249-A-G	Agriplex mid density markers	Agriplex mid density markers	A/G
4	5055249	2	S100K-SNP-SB04-005055249-A-G-02	ICRISAT	BI/ICRISAT	A/G
4	50575672	2	S100K-SNP-SB04-050575672-A-T	Agriplex mid density markers	Agriplex mid density markers	A/T
4	50575672	2	S100K-SNP-SB04-050575672-A-T-02	ICRISAT	BI/ICRISAT	A/T
4	50587650	2	S100K-SNP-SB04-050587650-A-C	Agriplex mid density markers	Agriplex mid density markers	A/C
4	50587650	2	S100K-SNP-SB04-050587650-A-C-02	ICRISAT	BI/ICRISAT	A/C
4	50735967	2	S100K-SNP-SB04-050735967-C-T	Agriplex mid density markers	Agriplex mid density markers	C/T
4	50735967	2	S100K-SNP-SB04-050735967-C-T-02	ICRISAT	BI/ICRISAT	C/T
4	50906156	2	S100K-SNP-SB04-050906156-C-G	Agriplex mid density markers	Agriplex mid density markers	C/G
4	50906156	2	S100K-SNP-SB04-050906156-C-G-02	ICRISAT	BI/ICRISAT	C/G
4	50962212	2	S100K-SNP-SB04-050962212-T-C	Agriplex mid density markers	Agriplex mid density markers	T/C
4	50962212	2	S100K-SNP-SB04-050962212-T-C-02	ICRISAT	BI/ICRISAT	T/C
4	51448955	2	S100K-SNP-SB04-051448955-A-G	Agriplex mid density markers	Agriplex mid density markers	A/G
4	51448955	2	S100K-SNP-SB04-051448955-A-G-02	ICRISAT	BI/ICRISAT	A/G
4	51493120	2	S100K-SNP-SB04-051493120-G-A	Agriplex mid density markers	Agriplex mid density markers	G/A
4	51493120	2	S100K-SNP-SB04-051493120-G-A-02	ICRISAT	BI/ICRISAT	G/A
4	51515678	2	S100K-SNP-SB04-051515678-C-A	Agriplex mid density markers	Agriplex mid density markers	C/A
4	51515678	2	S100K-SNP-SB04-051515678-C-A-02	ICRISAT	BI/ICRISAT	C/A
4	51780389	2	S100K-SNP-SB04-051780389-T-G	Agriplex mid density markers	Agriplex mid density markers	T/G
4	51780389	2	S100K-SNP-SB04-051780389-T-G-02	ICRISAT	BI/ICRISAT	T/G
4	51805812	2	S100K-SNP-SB04-051805812-T-C	Agriplex mid density markers	Agriplex mid density markers	T/C
4	51805812	2	S100K-SNP-SB04-051805812-T-C-02	ICRISAT	BI/ICRISAT	T/C
4	51882076	2	S100K-SNP-SB04-051882076-A-G	Agriplex mid density markers	Agriplex mid density markers	A/G
4	51882076	2	S100K-SNP-SB04-051882076-A-G-02	ICRISAT	BI/ICRISAT	A/G
4	52333778	2	S100K-SNP-SB04-052333778-T-C	Agriplex mid density markers	Agriplex mid density markers	T/C
4	52333778	2	S100K-SNP-SB04-052333778-T-C-02	ICRISAT	BI/ICRISAT	T/C
4	52349971	2	S100K-SNP-SB04-052349971-T-C	Agriplex mid density markers	Agriplex mid density markers	T/C
4	52349971	2	S100K-SNP-SB04-052349971-T-C-02	ICRISAT	BI/ICRISAT	T/C
4	52459904	2	S100K-SNP-SB04-052459904-T-A	Agriplex mid density markers	Agriplex mid density markers	T/A
4	52459904	2	S100K-SNP-SB04-052459904-T-A-02	ICRISAT	BI/ICRISAT	T/A
4	52472706	2	S100K-SNP-SB04-052472706-C-T	Agriplex mid density markers	Agriplex mid density markers	C/T
4	52472706	2	S100K-SNP-SB04-052472706-C-T-02	ICRISAT	BI/ICRISAT	C/T
4	52474061	2	S100K-SNP-SB04-052474061-G-A	Agriplex mid density markers	Agriplex mid density markers	G/A
4	52474061	2	S100K-SNP-SB04-052474061-G-A-02	ICRISAT	BI/ICRISAT	G/A
4	52519811	3	S100K-SNP-SB04-052519811-G-A	Agriplex mid density markers	Agriplex mid density markers	G/A
4	52519811	3	S100K-SNP-SB04-052519811-G-A-02	ICRISAT	BI/ICRISAT	G/A
4	52519811	3	S100K-SNP-SB04-052519811-G-A-03	Quality Control	ICRISAT/EiB	G/A
4	52608924	2	S100K-SNP-SB04-052608924-C-T	Agriplex mid density markers	Agriplex mid density markers	C/T
4	52608924	2	S100K-SNP-SB04-052608924-C-T-02	ICRISAT	BI/ICRISAT	C/T
4	52630990	2	S100K-SNP-SB04-052630990-C-G	Agriplex mid density markers	Agriplex mid density markers	C/G
4	52630990	2	S100K-SNP-SB04-052630990-C-G-02	ICRISAT	BI/ICRISAT	C/G
4	52726600	2	S100K-SNP-SB04-052726600-C-G	Agriplex mid density markers	Agriplex mid density markers	C/G
4	52726600	2	S100K-SNP-SB04-052726600-C-G-02	ICRISAT	BI/ICRISAT	C/G
4	52935808	2	S100K-SNP-SB04-052935808-G-A	Agriplex mid density markers	Agriplex mid density markers	G/A
4	52935808	2	S100K-SNP-SB04-052935808-G-A-02	ICRISAT	BI/ICRISAT	G/A
4	52988537	2	S100K-SNP-SB04-052988537-A-G	Agriplex mid density markers	Agriplex mid density markers	A/G
4	52988537	2	S100K-SNP-SB04-052988537-A-G-02	ICRISAT	BI/ICRISAT	A/G
4	53008957	2	S100K-SNP-SB04-053008957-T-C	Agriplex mid density markers	Agriplex mid density markers	T/C
4	53008957	2	S100K-SNP-SB04-053008957-T-C-02	ICRISAT	BI/ICRISAT	T/C
4	53038156	2	S100K-SNP-SB04-053038156-C-T	Agriplex mid density markers	Agriplex mid density markers	C/T
4	53038156	2	S100K-SNP-SB04-053038156-C-T-02	ICRISAT	BI/ICRISAT	C/T
4	53075595	2	S100K-SNP-SB04-053075595-G-A	Agriplex mid density markers	Agriplex mid density markers	G/A
4	53075595	2	S100K-SNP-SB04-053075595-G-A-02	ICRISAT	BI/ICRISAT	G/A
4	53209576	2	S100K-SNP-SB04-053209576-G-A	Agriplex mid density markers	Agriplex mid density markers	G/A
4	53209576	2	S100K-SNP-SB04-053209576-G-A-02	ICRISAT	BI/ICRISAT	G/A
4	53281321	2	S100K-SNP-SB04-053281321-G-T	Agriplex mid density markers	Agriplex mid density markers	G/T
4	53281321	2	S100K-SNP-SB04-053281321-G-T-02	ICRISAT	BI/ICRISAT	G/T
4	5330422	2	S100K-SNP-SB04-005330422-A-C	Agriplex mid density markers	Agriplex mid density markers	A/C
4	5330422	2	S100K-SNP-SB04-005330422-A-C-02	ICRISAT	BI/ICRISAT	A/C
4	53381294	2	S100K-SNP-SB04-053381294-C-G	Agriplex mid density markers	Agriplex mid density markers	C/G
4	53381294	2	S100K-SNP-SB04-053381294-C-G-02	ICRISAT	BI/ICRISAT	C/G
4	54041657	2	S100K-SNP-SB04-054041657-G-A	Agriplex mid density markers	Agriplex mid density markers	G/A
4	54041657	2	S100K-SNP-SB04-054041657-G-A-02	ICRISAT	BI/ICRISAT	G/A
4	54086420	2	S100K-SNP-SB04-054086420-T-C	Agriplex mid density markers	Agriplex mid density markers	T/C
4	54086420	2	S100K-SNP-SB04-054086420-T-C-02	ICRISAT	BI/ICRISAT	T/C
4	54095533	2	S100K-SNP-SB04-054095533-A-G	Agriplex mid density markers	Agriplex mid density markers	A/G
4	54095533	2	S100K-SNP-SB04-054095533-A-G-02	ICRISAT	BI/ICRISAT	A/G
4	54108806	2	S100K-SNP-SB04-054108806-C-T	Plant height	AAU-SLU Biotech/Sida	C/T
4	54108806	2	S100K-SNP-SB04-054108806-C-T-02	Panicle weight	AAU-SLU Biotech/Sida	C/T
4	54682676	2	S100K-SNP-SB04-054682676-A-G	Agriplex mid density markers	Agriplex mid density markers	A/G
4	54682676	2	S100K-SNP-SB04-054682676-A-G-02	ICRISAT	BI/ICRISAT	A/G
4	54762420	2	S100K-SNP-SB04-054762420-A-G	Agriplex mid density markers	Agriplex mid density markers	A/G
4	54762420	2	S100K-SNP-SB04-054762420-A-G-02	ICRISAT	BI/ICRISAT	A/G
4	54794920	2	S100K-SNP-SB04-054794920-G-A	Agriplex mid density markers	Agriplex mid density markers	G/A
4	54794920	2	S100K-SNP-SB04-054794920-G-A-02	ICRISAT	BI/ICRISAT	G/A
4	54798745	2	S100K-SNP-SB04-054798745-A-G	Agriplex mid density markers	Agriplex mid density markers	A/G
4	54798745	2	S100K-SNP-SB04-054798745-A-G-02	ICRISAT	BI/ICRISAT	A/G
4	54998196	2	S100K-SNP-SB04-054998196-G-C	Agriplex mid density markers	Agriplex mid density markers	G/C
4	54998196	2	S100K-SNP-SB04-054998196-G-C-02	ICRISAT	BI/ICRISAT	G/C
4	55031314	2	S100K-SNP-SB04-055031314-A-G	Agriplex mid density markers	Agriplex mid density markers	A/G
4	55031314	2	S100K-SNP-SB04-055031314-A-G-02	ICRISAT	BI/ICRISAT	A/G
4	55048481	2	S100K-SNP-SB04-055048481-C-G	Agriplex mid density markers	Agriplex mid density markers	C/G
4	55048481	2	S100K-SNP-SB04-055048481-C-G-02	ICRISAT	BI/ICRISAT	C/G
4	55493852	2	S100K-SNP-SB04-055493852-G-A	Agriplex mid density markers	Agriplex mid density markers	G/A
4	55493852	2	S100K-SNP-SB04-055493852-G-A-02	ICRISAT	BI/ICRISAT	G/A
4	55592509	2	S100K-SNP-SB04-055592509-C-T	Agriplex mid density markers	Agriplex mid density markers	C/T
4	55592509	2	S100K-SNP-SB04-055592509-C-T-02	ICRISAT	BI/ICRISAT	C/T
4	55765917	2	S100K-SNP-SB04-055765917-C-A	Agriplex mid density markers	Agriplex mid density markers	C/A
4	55765917	2	S100K-SNP-SB04-055765917-C-A-02	ICRISAT	BI/ICRISAT	C/A
4	55800255	2	S100K-SNP-SB04-055800255-A-C	Agriplex mid density markers	Agriplex mid density markers	A/C
4	55800255	2	S100K-SNP-SB04-055800255-A-C-02	ICRISAT	BI/ICRISAT	A/C
4	56026698	2	S100K-SNP-SB04-056026698-G-A	Agriplex mid density markers	Agriplex mid density markers	G/A
4	56026698	2	S100K-SNP-SB04-056026698-G-A-02	ICRISAT	BI/ICRISAT	G/A
4	56083846	2	S100K-SNP-SB04-056083846-C-G	Agriplex mid density markers	Agriplex mid density markers	C/G
4	56083846	2	S100K-SNP-SB04-056083846-C-G-02	ICRISAT	BI/ICRISAT	C/G
4	56086267	2	S100K-SNP-SB04-056086267-T-A	Agriplex mid density markers	Agriplex mid density markers	T/A
4	56086267	2	S100K-SNP-SB04-056086267-T-A-02	ICRISAT	BI/ICRISAT	T/A
4	56086908	2	S100K-SNP-SB04-056086908-A-C	Agriplex mid density markers	Agriplex mid density markers	A/C
4	56086908	2	S100K-SNP-SB04-056086908-A-C-02	ICRISAT	BI/ICRISAT	A/C
4	56236474	2	S100K-SNP-SB04-056236474-G-T	Agriplex mid density markers	Agriplex mid density markers	G/T
4	56236474	2	S100K-SNP-SB04-056236474-G-T-02	ICRISAT	BI/ICRISAT	G/T
4	56251228	2	S100K-SNP-SB04-056251228-A-G	Agriplex mid density markers	Agriplex mid density markers	A/G
4	56251228	2	S100K-SNP-SB04-056251228-A-G-02	ICRISAT	BI/ICRISAT	A/G
4	56363457	2	S100K-SNP-SB04-056363457-A-C	Agriplex mid density markers	Agriplex mid density markers	A/C
4	56363457	2	S100K-SNP-SB04-056363457-A-C-02	ICRISAT	BI/ICRISAT	A/C
4	56534234	2	S100K-SNP-SB04-056534234-C-G	Agriplex mid density markers	Agriplex mid density markers	C/G
4	56534234	2	S100K-SNP-SB04-056534234-C-G-02	ICRISAT	BI/ICRISAT	C/G
4	56534949	2	S100K-SNP-SB04-056534949-A-C	Agriplex mid density markers	Agriplex mid density markers	A/C
4	56534949	2	S100K-SNP-SB04-056534949-A-C-02	ICRISAT	BI/ICRISAT	A/C
4	56539735	2	S100K-SNP-SB04-056539735-C-T	Agriplex mid density markers	Agriplex mid density markers	C/T
4	56539735	2	S100K-SNP-SB04-056539735-C-T-02	ICRISAT	BI/ICRISAT	C/T
4	56566643	2	S100K-SNP-SB04-056566643-T-G	Agriplex mid density markers	Agriplex mid density markers	T/G
4	56566643	2	S100K-SNP-SB04-056566643-T-G-02	ICRISAT	BI/ICRISAT	T/G
4	56727047	3	S100K-SNP-SB04-056727047-G-C	Agriplex mid density markers	Agriplex mid density markers	G/C
4	56727047	3	S100K-SNP-SB04-056727047-G-C-02	ICRISAT	BI/ICRISAT	G/C
4	56727047	3	S100K-SNP-SB04-056727047-G-C-03	Quality Control	ICRISAT/EiB	G/C
4	56869166	2	S100K-SNP-SB04-056869166-A-G	Agriplex mid density markers	Agriplex mid density markers	A/G
4	56869166	2	S100K-SNP-SB04-056869166-A-G-02	ICRISAT	BI/ICRISAT	A/G
4	56916270	2	S100K-SNP-SB04-056916270-C-G	Agriplex mid density markers	Agriplex mid density markers	C/G
4	56916270	2	S100K-SNP-SB04-056916270-C-G-02	ICRISAT	BI/ICRISAT	C/G
4	56998548	2	S100K-SNP-SB04-056998548-G-A	Agriplex mid density markers	Agriplex mid density markers	G/A
4	56998548	2	S100K-SNP-SB04-056998548-G-A-02	ICRISAT	BI/ICRISAT	G/A
4	57035942	2	S100K-SNP-SB04-057035942-G-A	Agriplex mid density markers	Agriplex mid density markers	G/A
4	57035942	2	S100K-SNP-SB04-057035942-G-A-02	ICRISAT	BI/ICRISAT	G/A
4	57041480	2	S100K-SNP-SB04-057041480-C-G	Agriplex mid density markers	Agriplex mid density markers	C/G
4	57041480	2	S100K-SNP-SB04-057041480-C-G-02	ICRISAT	BI/ICRISAT	C/G
4	57435707	2	S100K-SNP-SB04-057435707-C-T	Agriplex mid density markers	Agriplex mid density markers	C/T
4	57435707	2	S100K-SNP-SB04-057435707-C-T-02	ICRISAT	BI/ICRISAT	C/T
4	57477945	2	S100K-SNP-SB04-057477945-G-T	Agriplex mid density markers	Agriplex mid density markers	G/T
4	57477945	2	S100K-SNP-SB04-057477945-G-T-02	ICRISAT	BI/ICRISAT	G/T
4	57558567	2	S100K-SNP-SB04-057558567-G-C	Agriplex mid density markers	Agriplex mid density markers	G/C
4	57558567	2	S100K-SNP-SB04-057558567-G-C-02	ICRISAT	BI/ICRISAT	G/C
4	57661575	2	S100K-SNP-SB04-057661575-T-G	Agriplex mid density markers	Agriplex mid density markers	T/G
4	57661575	2	S100K-SNP-SB04-057661575-T-G-02	ICRISAT	BI/ICRISAT	T/G
4	57741537	2	S100K-SNP-SB04-057741537-T-C	Agriplex mid density markers	Agriplex mid density markers	T/C
4	57741537	2	S100K-SNP-SB04-057741537-T-C-02	ICRISAT	BI/ICRISAT	T/C
4	57914648	2	S100K-SNP-SB04-057914648-C-A	Agriplex mid density markers	Agriplex mid density markers	C/A
4	57914648	2	S100K-SNP-SB04-057914648-C-A-02	ICRISAT	BI/ICRISAT	C/A
4	57943614	2	S100K-SNP-SB04-057943614-G-A	Agriplex mid density markers	Agriplex mid density markers	G/A
4	57943614	2	S100K-SNP-SB04-057943614-G-A-02	ICRISAT	BI/ICRISAT	G/A
4	57959532	2	S100K-SNP-SB04-057959532-G-T	Agriplex mid density markers	Agriplex mid density markers	G/T
4	57959532	2	S100K-SNP-SB04-057959532-G-T-02	ICRISAT	BI/ICRISAT	G/T
4	58438072	2	S100K-SNP-SB04-058438072-G-A	Agriplex mid density markers	Agriplex mid density markers	G/A
4	58438072	2	S100K-SNP-SB04-058438072-G-A-02	ICRISAT	BI/ICRISAT	G/A
4	58482630	2	S100K-SNP-SB04-058482630-A-G	Agriplex mid density markers	Agriplex mid density markers	A/G
4	58482630	2	S100K-SNP-SB04-058482630-A-G-02	ICRISAT	BI/ICRISAT	A/G
4	58923566	2	S100K-SNP-SB04-058923566-A-G	Agriplex mid density markers	Agriplex mid density markers	A/G
4	58923566	2	S100K-SNP-SB04-058923566-A-G-02	ICRISAT	BI/ICRISAT	A/G
4	58929013	2	S100K-SNP-SB04-058929013-T-G	Agriplex mid density markers	Agriplex mid density markers	T/G
4	58929013	2	S100K-SNP-SB04-058929013-T-G-02	ICRISAT	BI/ICRISAT	T/G
4	59009985	2	S100K-SNP-SB04-059009985-G-T	Agriplex mid density markers	Agriplex mid density markers	G/T
4	59009985	2	S100K-SNP-SB04-059009985-G-T-02	ICRISAT	BI/ICRISAT	G/T
4	59019567	2	S100K-SNP-SB04-059019567-C-T	Agriplex mid density markers	Agriplex mid density markers	C/T
4	59019567	2	S100K-SNP-SB04-059019567-C-T-02	ICRISAT	BI/ICRISAT	C/T
4	59168954	2	S100K-SNP-SB04-059168954-G-A	Agriplex mid density markers	Agriplex mid density markers	G/A
4	59168954	2	S100K-SNP-SB04-059168954-G-A-02	ICRISAT	BI/ICRISAT	G/A
4	59190120	2	S100K-SNP-SB04-059190120-C-T	Agriplex mid density markers	Agriplex mid density markers	C/T
4	59190120	2	S100K-SNP-SB04-059190120-C-T-02	ICRISAT	BI/ICRISAT	C/T
4	59507349	2	S100K-SNP-SB04-059507349-T-C	Agriplex mid density markers	Agriplex mid density markers	T/C
4	59507349	2	S100K-SNP-SB04-059507349-T-C-02	ICRISAT	BI/ICRISAT	T/C
4	59508746	2	S100K-SNP-SB04-059508746-C-G	Agriplex mid density markers	Agriplex mid density markers	C/G
4	59508746	2	S100K-SNP-SB04-059508746-C-G-02	ICRISAT	BI/ICRISAT	C/G
4	59526825	2	S100K-SNP-SB04-059526825-C-A	Agriplex mid density markers	Agriplex mid density markers	C/A
4	59526825	2	S100K-SNP-SB04-059526825-C-A-02	ICRISAT	BI/ICRISAT	C/A
4	59807941	2	S100K-SNP-SB04-059807941-G-A	Agriplex mid density markers	Agriplex mid density markers	G/A
4	59807941	2	S100K-SNP-SB04-059807941-G-A-02	ICRISAT	BI/ICRISAT	G/A
4	60173722	2	S100K-SNP-SB04-060173722-C-A	Agriplex mid density markers	Agriplex mid density markers	C/A
4	60173722	2	S100K-SNP-SB04-060173722-C-A-02	ICRISAT	BI/ICRISAT	C/A
4	60183779	2	S100K-SNP-SB04-060183779-T-C	Agriplex mid density markers	Agriplex mid density markers	T/C
4	60183779	2	S100K-SNP-SB04-060183779-T-C-02	ICRISAT	BI/ICRISAT	T/C
4	6054210	2	S100K-SNP-SB04-006054210-G-C	Agriplex mid density markers	Agriplex mid density markers	G/C
4	6054210	2	S100K-SNP-SB04-006054210-G-C-02	ICRISAT	BI/ICRISAT	G/C
4	60843537	2	S100K-SNP-SB04-060843537-G-A	Agriplex mid density markers	Agriplex mid density markers	G/A
4	60843537	2	S100K-SNP-SB04-060843537-G-A-02	ICRISAT	BI/ICRISAT	G/A
4	60890518	2	S100K-SNP-SB04-060890518-C-T	Agriplex mid density markers	Agriplex mid density markers	C/T
4	60890518	2	S100K-SNP-SB04-060890518-C-T-02	ICRISAT	BI/ICRISAT	C/T
4	60975078	2	S100K-SNP-SB04-060975078-C-T	Agriplex mid density markers	Agriplex mid density markers	C/T
4	60975078	2	S100K-SNP-SB04-060975078-C-T-02	ICRISAT	BI/ICRISAT	C/T
4	60979638	2	S100K-SNP-SB04-060979638-G-T	Agriplex mid density markers	Agriplex mid density markers	G/T
4	60979638	2	S100K-SNP-SB04-060979638-G-T-02	ICRISAT	BI/ICRISAT	G/T
4	61190110	2	S100K-SNP-SB04-061190110-G-A	Agriplex mid density markers	Agriplex mid density markers	G/A
4	61190110	2	S100K-SNP-SB04-061190110-G-A-02	ICRISAT	BI/ICRISAT	G/A
4	61204000	2	S100K-SNP-SB04-061204000-T-C	Agriplex mid density markers	Agriplex mid density markers	T/C
4	61204000	2	S100K-SNP-SB04-061204000-T-C-02	ICRISAT	BI/ICRISAT	T/C
4	61204129	2	S100K-SNP-SB04-061204129-T-C	Agriplex mid density markers	Agriplex mid density markers	T/C
4	61204129	2	S100K-SNP-SB04-061204129-T-C-02	ICRISAT	BI/ICRISAT	T/C
4	61295445	2	S100K-SNP-SB04-061295445-T-C	Agriplex mid density markers	Agriplex mid density markers	T/C
4	61295445	2	S100K-SNP-SB04-061295445-T-C-02	ICRISAT	BI/ICRISAT	T/C
4	61402064	2	S100K-SNP-SB04-061402064-A-G	Agriplex mid density markers	Agriplex mid density markers	A/G
4	61402064	2	S100K-SNP-SB04-061402064-A-G-02	ICRISAT	BI/ICRISAT	A/G
4	61421187	2	S100K-SNP-SB04-061421187-C-G	Agriplex mid density markers	Agriplex mid density markers	C/G
4	61421187	2	S100K-SNP-SB04-061421187-C-G-02	ICRISAT	BI/ICRISAT	C/G
4	61442775	2	S100K-SNP-SB04-061442775-A-C	Agriplex mid density markers	Agriplex mid density markers	A/C
4	61442775	2	S100K-SNP-SB04-061442775-A-C-02	ICRISAT	BI/ICRISAT	A/C
4	61449809	2	S100K-SNP-SB04-061449809-C-G	Agriplex mid density markers	Agriplex mid density markers	C/G
4	61449809	2	S100K-SNP-SB04-061449809-C-G-02	ICRISAT	BI/ICRISAT	C/G
4	61508017	2	S100K-SNP-SB04-061508017-G-A	Agriplex mid density markers	Agriplex mid density markers	G/A
4	61508017	2	S100K-SNP-SB04-061508017-G-A-02	ICRISAT	BI/ICRISAT	G/A
4	61552577	2	S100K-SNP-SB04-061552577-A-T	Agriplex mid density markers	Agriplex mid density markers	A/T
4	61552577	2	S100K-SNP-SB04-061552577-A-T-02	ICRISAT	BI/ICRISAT	A/T
4	61636634	2	S100K-SNP-SB04-061636634-A-G	Agriplex mid density markers	Agriplex mid density markers	A/G
4	61636634	2	S100K-SNP-SB04-061636634-A-G-02	ICRISAT	BI/ICRISAT	A/G
4	61700918	2	S100K-SNP-SB04-061700918-G-T	Agriplex mid density markers	Agriplex mid density markers	G/T
4	61700918	2	S100K-SNP-SB04-061700918-G-T-02	ICRISAT	BI/ICRISAT	G/T
4	62060478	2	S100K-SNP-SB04-062060478-C-A	Agriplex mid density markers	Agriplex mid density markers	C/A
4	62060478	2	S100K-SNP-SB04-062060478-C-A-02	ICRISAT	BI/ICRISAT	C/A
4	62188563	2	S100K-SNP-SB04-062188563-C-A	Agriplex mid density markers	Agriplex mid density markers	C/A
4	62188563	2	S100K-SNP-SB04-062188563-C-A-02	ICRISAT	BI/ICRISAT	C/A
4	62227618	2	S100K-SNP-SB04-062227618-G-C	Agriplex mid density markers	Agriplex mid density markers	G/C
4	62227618	2	S100K-SNP-SB04-062227618-G-C-02	ICRISAT	BI/ICRISAT	G/C
4	62316207	2	S100K-SNP-SB04-062316207-G-A	Tannins	Marla/KSU	G/A
4	62316207	2	S100K-SNP-SB04-062316207-A-G	Grain tannins - tan1a allele	ICRISAT/EiB	A/G
4	62316555	2	S100K-SNP-SB04-062316555-G-A	Tannins	Marla/KSU	G (CTG)/A (GCA)
4	62316555	2	S100K-SNP-SB04-062316555-GCA-CTG	Grain tannins - tan1b allele	ICRISAT/EiB	GCA/CTG
4	62316696	2	S100K-SNP-SB04-062316696-G-A	Tannins	Marla/KSU	G/A
4	62316696	2	S100K-SNP-SB04-062316696-A-G	Grain tannins - tan1c allele	ICRISAT/EiB	A/G
4	62832956	2	S100K-SNP-SB04-062832956-G-A	Agriplex mid density markers	Agriplex mid density markers	G/A
4	62832956	2	S100K-SNP-SB04-062832956-G-A-02	ICRISAT	BI/ICRISAT	G/A
4	62878310	2	S100K-SNP-SB04-062878310-G-A	Agriplex mid density markers	Agriplex mid density markers	G/A
4	62878310	2	S100K-SNP-SB04-062878310-G-A-02	ICRISAT	BI/ICRISAT	G/A
4	62990016	2	S100K-SNP-SB04-062990016-A-G	Agriplex mid density markers	Agriplex mid density markers	A/G
4	62990016	2	S100K-SNP-SB04-062990016-A-G-02	ICRISAT	BI/ICRISAT	A/G
4	63211680	2	S100K-SNP-SB04-063211680-A-C	Agriplex mid density markers	Agriplex mid density markers	A/C
4	63211680	2	S100K-SNP-SB04-063211680-A-C-02	ICRISAT	BI/ICRISAT	A/C
4	63457188	2	S100K-SNP-SB04-063457188-C-G	Agriplex mid density markers	Agriplex mid density markers	C/G
4	63457188	2	S100K-SNP-SB04-063457188-C-G-02	ICRISAT	BI/ICRISAT	C/G
4	63620549	2	S100K-SNP-SB04-063620549-C-G	Agriplex mid density markers	Agriplex mid density markers	C/G
4	63620549	2	S100K-SNP-SB04-063620549-C-G-02	ICRISAT	BI/ICRISAT	C/G
4	63788767	2	S100K-SNP-SB04-063788767-G-A	Agriplex mid density markers	Agriplex mid density markers	G/A
4	63788767	2	S100K-SNP-SB04-063788767-G-A-02	ICRISAT	BI/ICRISAT	G/A
4	63956221	2	S100K-SNP-SB04-063956221-A-G	Agriplex mid density markers	Agriplex mid density markers	A/G
4	63956221	2	S100K-SNP-SB04-063956221-A-G-02	ICRISAT	BI/ICRISAT	A/G
4	6415464	2	S100K-SNP-SB04-006415464-A-C	Agriplex mid density markers	Agriplex mid density markers	A/C
4	6415464	2	S100K-SNP-SB04-006415464-A-C-02	ICRISAT	BI/ICRISAT	A/C
4	6417758	2	S100K-SNP-SB04-006417758-G-T	Agriplex mid density markers	Agriplex mid density markers	G/T
4	6417758	2	S100K-SNP-SB04-006417758-G-T-02	ICRISAT	BI/ICRISAT	G/T
4	64403295	2	S100K-SNP-SB04-064403295-C-T	Agriplex mid density markers	Agriplex mid density markers	C/T
4	64403295	2	S100K-SNP-SB04-064403295-C-T-02	ICRISAT	BI/ICRISAT	C/T
4	64684360	2	S100K-SNP-SB04-064684360-T-C	Agriplex mid density markers	Agriplex mid density markers	T/C
4	64684360	2	S100K-SNP-SB04-064684360-T-C-02	ICRISAT	BI/ICRISAT	T/C
4	6480661	2	S100K-SNP-SB04-006480661-A-G	Agriplex mid density markers	Agriplex mid density markers	A/G
4	6480661	2	S100K-SNP-SB04-006480661-A-G-02	ICRISAT	BI/ICRISAT	A/G
4	64901386	2	S100K-SNP-SB04-064901386-A-G	Agriplex mid density markers	Agriplex mid density markers	A/G
4	64901386	2	S100K-SNP-SB04-064901386-A-G-02	ICRISAT	BI/ICRISAT	A/G
4	65150530	2	S100K-SNP-SB04-065150530-A-G	Agriplex mid density markers	Agriplex mid density markers	A/G
4	65150530	2	S100K-SNP-SB04-065150530-A-G-02	ICRISAT	BI/ICRISAT	A/G
4	65330689	2	S100K-SNP-SB04-065330689-C-T	Agriplex mid density markers	Agriplex mid density markers	C/T
4	65330689	2	S100K-SNP-SB04-065330689-C-T-02	ICRISAT	BI/ICRISAT	C/T
4	65553259	2	S100K-SNP-SB04-065553259-A-G	Agriplex mid density markers	Agriplex mid density markers	A/G
4	65553259	2	S100K-SNP-SB04-065553259-A-G-02	ICRISAT	BI/ICRISAT	A/G
4	6610538	2	S100K-SNP-SB04-006610538-A-G	Agriplex mid density markers	Agriplex mid density markers	A/G
4	6610538	2	S100K-SNP-SB04-006610538-A-G-02	ICRISAT	BI/ICRISAT	A/G
4	66204568	2	S100K-SNP-SB04-066204568-G-A	Agriplex mid density markers	Agriplex mid density markers	G/A
4	66204568	2	S100K-SNP-SB04-066204568-G-A-02	ICRISAT	BI/ICRISAT	G/A
4	66431272	2	S100K-SNP-SB04-066431272-C-T	Agriplex mid density markers	Agriplex mid density markers	C/T
4	66431272	2	S100K-SNP-SB04-066431272-C-T-02	ICRISAT	BI/ICRISAT	C/T
4	66691004	2	S100K-SNP-SB04-066691004-C-T	Agriplex mid density markers	Agriplex mid density markers	C/T
4	66691004	2	S100K-SNP-SB04-066691004-C-T-02	ICRISAT	BI/ICRISAT	C/T
4	6703433	2	S100K-SNP-SB04-006703433-G-C	Agriplex mid density markers	Agriplex mid density markers	G/C
4	6703433	2	S100K-SNP-SB04-006703433-G-C-02	ICRISAT	BI/ICRISAT	G/C
4	67359962	2	S100K-SNP-SB04-067359962-G-T	Agriplex mid density markers	Agriplex mid density markers	G/T
4	67359962	2	S100K-SNP-SB04-067359962-G-T-02	ICRISAT	BI/ICRISAT	G/T
4	67362524	2	S100K-SNP-SB04-067362524-G-A	Agriplex mid density markers	Agriplex mid density markers	G/A
4	67362524	2	S100K-SNP-SB04-067362524-G-A-02	ICRISAT	BI/ICRISAT	G/A
4	67712021	2	S100K-SNP-SB04-067712021-A-G	Agriplex mid density markers	Agriplex mid density markers	A/G
4	67712021	2	S100K-SNP-SB04-067712021-A-G-02	ICRISAT	BI/ICRISAT	A/G
4	67850119	2	S100K-SNP-SB04-067850119-G-A	Agriplex mid density markers	Agriplex mid density markers	G/A
4	67850119	2	S100K-SNP-SB04-067850119-G-A-02	ICRISAT	BI/ICRISAT	G/A
4	67970776	2	S100K-SNP-SB04-067970776-C-T	Agriplex mid density markers	Agriplex mid density markers	C/T
4	67970776	2	S100K-SNP-SB04-067970776-C-T-02	ICRISAT	BI/ICRISAT	C/T
4	68260182	2	S100K-SNP-SB04-068260182-G-C	Agriplex mid density markers	Agriplex mid density markers	G/C
4	68260182	2	S100K-SNP-SB04-068260182-G-C-02	ICRISAT	BI/ICRISAT	G/C
4	6830932	2	S100K-SNP-SB04-006830932-T-C	Agriplex mid density markers	Agriplex mid density markers	T/C
4	6830932	2	S100K-SNP-SB04-006830932-T-C-02	ICRISAT	BI/ICRISAT	T/C
4	6903254	2	S100K-SNP-SB04-006903254-C-T	Agriplex mid density markers	Agriplex mid density markers	C/T
4	6903254	2	S100K-SNP-SB04-006903254-C-T-02	ICRISAT	BI/ICRISAT	C/T
4	7138677	2	S100K-SNP-SB04-007138677-T-C	Agriplex mid density markers	Agriplex mid density markers	T/C
4	7138677	2	S100K-SNP-SB04-007138677-T-C-02	ICRISAT	BI/ICRISAT	T/C
4	7965849	2	S100K-SNP-SB04-007965849-G-A	Agriplex mid density markers	Agriplex mid density markers	G/A
4	7965849	2	S100K-SNP-SB04-007965849-G-A-02	ICRISAT	BI/ICRISAT	G/A
4	8525989	2	S100K-SNP-SB04-008525989-T-C	Agriplex mid density markers	Agriplex mid density markers	T/C
4	8525989	2	S100K-SNP-SB04-008525989-T-C-02	ICRISAT	BI/ICRISAT	T/C
4	8677731	2	S100K-SNP-SB04-008677731-G-C	Agriplex mid density markers	Agriplex mid density markers	G/C
4	8677731	2	S100K-SNP-SB04-008677731-G-C-02	ICRISAT	BI/ICRISAT	G/C
4	8721827	2	S100K-SNP-SB04-008721827-C-G	Agriplex mid density markers	Agriplex mid density markers	C/G
4	8721827	2	S100K-SNP-SB04-008721827-C-G-02	ICRISAT	BI/ICRISAT	C/G
4	8776939	2	S100K-SNP-SB04-008776939-C-G	Agriplex mid density markers	Agriplex mid density markers	C/G
4	8776939	2	S100K-SNP-SB04-008776939-C-G-02	ICRISAT	BI/ICRISAT	C/G
4	8815121	2	S100K-SNP-SB04-008815121-C-T	Agriplex mid density markers	Agriplex mid density markers	C/T
4	8815121	2	S100K-SNP-SB04-008815121-C-T-02	ICRISAT	BI/ICRISAT	C/T
4	8919303	2	S100K-SNP-SB04-008919303-T-G	Agriplex mid density markers	Agriplex mid density markers	T/G
4	8919303	2	S100K-SNP-SB04-008919303-T-G-02	ICRISAT	BI/ICRISAT	T/G
4	8930790	2	S100K-SNP-SB04-008930790-A-G	Agriplex mid density markers	Agriplex mid density markers	A/G
4	8930790	2	S100K-SNP-SB04-008930790-A-G-02	ICRISAT	BI/ICRISAT	A/G
4	930255	2	S100K-SNP-SB04-000930255-C-G	Agriplex mid density markers	Agriplex mid density markers	C/G
4	930255	2	S100K-SNP-SB04-000930255-C-G-02	ICRISAT	BI/ICRISAT	C/G
4	9387982	2	S100K-SNP-SB04-009387982-C-T	Agriplex mid density markers	Agriplex mid density markers	C/T
4	9387982	2	S100K-SNP-SB04-009387982-C-T-02	ICRISAT	BI/ICRISAT	C/T
4	9599898	2	S100K-SNP-SB04-009599898-G-A	Agriplex mid density markers	Agriplex mid density markers	G/A
4	9599898	2	S100K-SNP-SB04-009599898-G-A-02	ICRISAT	BI/ICRISAT	G/A
4	9866471	2	S100K-SNP-SB04-009866471-C-G	Agriplex mid density markers	Agriplex mid density markers	C/G
4	9866471	2	S100K-SNP-SB04-009866471-C-G-02	ICRISAT	BI/ICRISAT	C/G
4	9881140	2	S100K-SNP-SB04-009881140-A-G	Agriplex mid density markers	Agriplex mid density markers	A/G
4	9881140	2	S100K-SNP-SB04-009881140-A-G-02	ICRISAT	BI/ICRISAT	A/G
5	10194503	2	S100K-SNP-SB05-010194503-A-G	Agriplex mid density markers	Agriplex mid density markers	A/G
5	10194503	2	S100K-SNP-SB05-010194503-A-G-02	ICRISAT	BI/ICRISAT	A/G
5	10490547	2	S100K-SNP-SB05-010490547-C-T	Agriplex mid density markers	Agriplex mid density markers	C/T
5	10490547	2	S100K-SNP-SB05-010490547-C-T-02	ICRISAT	BI/ICRISAT	C/T
5	10915646	2	S100K-SNP-SB05-010915646-A-T	Agriplex mid density markers	Agriplex mid density markers	A/T
5	10915646	2	S100K-SNP-SB05-010915646-A-T-02	ICRISAT	BI/ICRISAT	A/T
5	11064554	2	S100K-SNP-SB05-011064554-C-T	Agriplex mid density markers	Agriplex mid density markers	C/T
5	11064554	2	S100K-SNP-SB05-011064554-C-T-02	ICRISAT	BI/ICRISAT	C/T
5	11114869	2	S100K-SNP-SB05-011114869-G-C	Agriplex mid density markers	Agriplex mid density markers	G/C
5	11114869	2	S100K-SNP-SB05-011114869-G-C-02	ICRISAT	BI/ICRISAT	G/C
5	11309581	2	S100K-SNP-SB05-011309581-A-T	Agriplex mid density markers	Agriplex mid density markers	A/T
5	11309581	2	S100K-SNP-SB05-011309581-A-T-02	ICRISAT	BI/ICRISAT	A/T
5	11366861	2	S100K-SNP-SB05-011366861-G-C	Agriplex mid density markers	Agriplex mid density markers	G/C
5	11366861	2	S100K-SNP-SB05-011366861-G-C-02	ICRISAT	BI/ICRISAT	G/C
5	11539181	2	S100K-SNP-SB05-011539181-T-C	Agriplex mid density markers	Agriplex mid density markers	T/C
5	11539181	2	S100K-SNP-SB05-011539181-T-C-02	ICRISAT	BI/ICRISAT	T/C
5	11781274	2	S100K-SNP-SB05-011781274-T-A	Agriplex mid density markers	Agriplex mid density markers	T/A
5	11781274	2	S100K-SNP-SB05-011781274-T-A-02	ICRISAT	BI/ICRISAT	T/A
5	1180493	2	S100K-SNP-SB05-001180493-T-C	ICRISAT	BI/ICRISAT	T/C
5	1180493	2	S100K-SNP-SB05-001180493-C-T	Fertility restoration gene	ICRISAT/EiB	C/T
5	11931276	2	S100K-SNP-SB05-011931276-C-G	Agriplex mid density markers	Agriplex mid density markers	C/G
5	11931276	2	S100K-SNP-SB05-011931276-C-G-02	ICRISAT	BI/ICRISAT	C/G
5	12084207	2	S100K-SNP-SB05-012084207-A-G	Agriplex mid density markers	Agriplex mid density markers	A/G
5	12084207	2	S100K-SNP-SB05-012084207-A-G-02	ICRISAT	BI/ICRISAT	A/G
5	12296954	2	S100K-SNP-SB05-012296954-T-C	Agriplex mid density markers	Agriplex mid density markers	T/C
5	12296954	2	S100K-SNP-SB05-012296954-T-C-02	ICRISAT	BI/ICRISAT	T/C
5	12453029	2	S100K-SNP-SB05-012453029-T-C	Agriplex mid density markers	Agriplex mid density markers	T/C
5	12453029	2	S100K-SNP-SB05-012453029-C-T	Quality Control	ICRISAT/EiB	C/T
5	12453114	2	S100K-SNP-SB05-012453114-A-G	Agriplex mid density markers	Agriplex mid density markers	A/G
5	12453114	2	S100K-SNP-SB05-012453114-A-G-02	ICRISAT	BI/ICRISAT	A/G
5	12536617	2	S100K-SNP-SB05-012536617-C-T	Amylose	Yerka/YJ	C/T
5	12536617	2	S100K-SNP-SB05-012536617-C-T-02	Filler Markers	BI/ICRISAT	C/T
5	12857271	2	S100K-SNP-SB05-012857271-C-T	Agriplex mid density markers	Agriplex mid density markers	C/T
5	12857271	2	S100K-SNP-SB05-012857271-C-T-02	ICRISAT	BI/ICRISAT	C/T
5	1315969	2	S100K-SNP-SB05-001315969-G-A	Agriplex mid density markers	Agriplex mid density markers	G/A
5	1315969	2	S100K-SNP-SB05-001315969-G-A-02	ICRISAT	BI/ICRISAT	G/A
5	1375985	2	S100K-SNP-SB05-001375985-G-A	Agriplex mid density markers	Agriplex mid density markers	G/A
5	1375985	2	S100K-SNP-SB05-001375985-G-A-02	ICRISAT	BI/ICRISAT	G/A
5	14529506	2	S100K-SNP-SB05-014529506-C-T	Agriplex mid density markers	Agriplex mid density markers	C/T
5	14529506	2	S100K-SNP-SB05-014529506-C-T-02	ICRISAT	BI/ICRISAT	C/T
5	14864088	2	S100K-SNP-SB05-014864088-G-C	Agriplex mid density markers	Agriplex mid density markers	G/C
5	14864088	2	S100K-SNP-SB05-014864088-G-C-02	ICRISAT	BI/ICRISAT	G/C
5	14898462	2	S100K-SNP-SB05-014898462-T-C	Agriplex mid density markers	Agriplex mid density markers	T/C
5	14898462	2	S100K-SNP-SB05-014898462-T-C-02	ICRISAT	BI/ICRISAT	T/C
5	1584375	2	S100K-SNP-SB05-001584375-T-C	Agriplex mid density markers	Agriplex mid density markers	T/C
5	1584375	2	S100K-SNP-SB05-001584375-T-C-02	ICRISAT	BI/ICRISAT	T/C
5	15917442	3	S100K-SNP-SB05-015917442-G-C	Agriplex mid density markers	Agriplex mid density markers	G/C
5	15917442	3	S100K-SNP-SB05-015917442-G-C-02	ICRISAT	BI/ICRISAT	G/C
5	15917442	3	S100K-SNP-SB05-015917442-G-C-03	Quality Control	ICRISAT/EiB	G/C
5	1608322	4	S100K-SNP-SB05-001608322-NA-NA	Fertility restoration	ICRISAT/EiB	-/-
5	1608322	4	S100K-SNP-SB05-001608322-G-A	Agriplex mid density markers	Agriplex mid density markers	G/A
5	1608322	4	S100K-SNP-SB05-001608322-G-A-02	ICRISAT	BI/ICRISAT	G/A
5	1608322	4	S100K-SNP-SB05-001608322-G-A-03	Fertility restoration gene	ICRISAT/EiB	G/A
5	1610046	2	S100K-SNP-SB05-001610046-C-A	ICRISAT	BI/ICRISAT	C/A
5	1610046	2	S100K-SNP-SB05-001610046-C-A-02	Fertility restoration gene	ICRISAT/EiB	C/A
5	16116728	2	S100K-SNP-SB05-016116728-C-T	Agriplex mid density markers	Agriplex mid density markers	C/T
5	16116728	2	S100K-SNP-SB05-016116728-C-T-02	ICRISAT	BI/ICRISAT	C/T
5	16130299	2	S100K-SNP-SB05-016130299-T-G	Agriplex mid density markers	Agriplex mid density markers	T/G
5	16130299	2	S100K-SNP-SB05-016130299-T-G-02	ICRISAT	BI/ICRISAT	T/G
5	16221873	2	S100K-SNP-SB05-016221873-G-C	Agriplex mid density markers	Agriplex mid density markers	G/C
5	16221873	2	S100K-SNP-SB05-016221873-G-C-02	ICRISAT	BI/ICRISAT	G/C
5	17172975	2	S100K-SNP-SB05-017172975-C-G	Agriplex mid density markers	Agriplex mid density markers	C/G
5	17172975	2	S100K-SNP-SB05-017172975-C-G-02	ICRISAT	BI/ICRISAT	C/G
5	1730282	2	S100K-SNP-SB05-001730282-C-G	ICRISAT	BI/ICRISAT	C/G
5	1730282	2	S100K-SNP-SB05-001730282-C-G-02	Shoot fly resistance	ICRISAT/EiB	C/G
5	17553897	2	S100K-SNP-SB05-017553897-T-A	Agriplex mid density markers	Agriplex mid density markers	T/A
5	17553897	2	S100K-SNP-SB05-017553897-T-A-02	ICRISAT	BI/ICRISAT	T/A
5	17626079	2	S100K-SNP-SB05-017626079-T-C	Agriplex mid density markers	Agriplex mid density markers	T/C
5	17626079	2	S100K-SNP-SB05-017626079-T-C-02	ICRISAT	BI/ICRISAT	T/C
5	17753373	2	S100K-SNP-SB05-017753373-C-T	Agriplex mid density markers	Agriplex mid density markers	C/T
5	17753373	2	S100K-SNP-SB05-017753373-C-T-02	ICRISAT	BI/ICRISAT	C/T
5	19512281	2	S100K-SNP-SB05-019512281-C-A	Agriplex mid density markers	Agriplex mid density markers	C/A
5	19512281	2	S100K-SNP-SB05-019512281-C-A-02	ICRISAT	BI/ICRISAT	C/A
5	19688110	2	S100K-SNP-SB05-019688110-A-T	Agriplex mid density markers	Agriplex mid density markers	A/T
5	19688110	2	S100K-SNP-SB05-019688110-A-T-02	ICRISAT	BI/ICRISAT	A/T
5	19798041	2	S100K-SNP-SB05-019798041-C-T	Agriplex mid density markers	Agriplex mid density markers	C/T
5	19798041	2	S100K-SNP-SB05-019798041-C-T-02	ICRISAT	BI/ICRISAT	C/T
5	2015608	2	S100K-SNP-SB05-002015608-T-G	ICRISAT	BI/ICRISAT	T/G
5	2015608	2	S100K-SNP-SB05-002015608-T-G-02	Shoot fly resistance	ICRISAT/EiB	T/G
5	20970097	2	S100K-SNP-SB05-020970097-T-C	Agriplex mid density markers	Agriplex mid density markers	T/C
5	20970097	2	S100K-SNP-SB05-020970097-T-C-02	ICRISAT	BI/ICRISAT	T/C
5	21004410	3	S100K-SNP-SB05-021004410-G-A	Agriplex mid density markers	Agriplex mid density markers	G/A
5	21004410	3	S100K-SNP-SB05-021004410-NA-NA	HarvestIndex2_S	Mural_etal_UB	-/-
5	21004410	3	S100K-SNP-SB05-021004410-G-A-02	ICRISAT	BI/ICRISAT	G/A
5	21004695	2	S100K-SNP-SB05-021004695-C-G	Agriplex mid density markers	Agriplex mid density markers	C/G
5	21004695	2	S100K-SNP-SB05-021004695-C-G-02	ICRISAT	BI/ICRISAT	C/G
5	21004861	2	S100K-SNP-SB05-021004861-C-T	Agriplex mid density markers	Agriplex mid density markers	C/T
5	21004861	2	S100K-SNP-SB05-021004861-C-T-02	ICRISAT	BI/ICRISAT	C/T
5	21089776	2	S100K-SNP-SB05-021089776-T-G	Agriplex mid density markers	Agriplex mid density markers	T/G
5	21089776	2	S100K-SNP-SB05-021089776-T-G-02	ICRISAT	BI/ICRISAT	T/G
5	21261244	2	S100K-SNP-SB05-021261244-G-A	Agriplex mid density markers	Agriplex mid density markers	G/A
5	21261244	2	S100K-SNP-SB05-021261244-G-A-02	ICRISAT	BI/ICRISAT	G/A
5	2200635	2	S100K-SNP-SB05-002200635-C-T	Agriplex mid density markers	Agriplex mid density markers	C/T
5	2200635	2	S100K-SNP-SB05-002200635-C-T-02	ICRISAT	BI/ICRISAT	C/T
5	2340804	2	S100K-SNP-SB05-002340804-A-G	Agriplex mid density markers	Agriplex mid density markers	A/G
5	2340804	2	S100K-SNP-SB05-002340804-A-G-02	ICRISAT	BI/ICRISAT	A/G
5	26922359	2	S100K-SNP-SB05-026922359-G-A	Agriplex mid density markers	Agriplex mid density markers	G/A
5	26922359	2	S100K-SNP-SB05-026922359-G-A-02	ICRISAT	BI/ICRISAT	G/A
5	2696571	2	S100K-SNP-SB05-002696571-A-T	Agriplex mid density markers	Agriplex mid density markers	A/T
5	2696571	2	S100K-SNP-SB05-002696571-A-T-02	ICRISAT	BI/ICRISAT	A/T
5	27269045	2	S100K-SNP-SB05-027269045-G-A	Agriplex mid density markers	Agriplex mid density markers	G/A
5	27269045	2	S100K-SNP-SB05-027269045-G-A-02	ICRISAT	BI/ICRISAT	G/A
5	27577195	2	S100K-SNP-SB05-027577195-C-T	Agriplex mid density markers	Agriplex mid density markers	C/T
5	27577195	2	S100K-SNP-SB05-027577195-C-T-02	ICRISAT	BI/ICRISAT	C/T
5	2915387	2	S100K-SNP-SB05-002915387-A-C	Agriplex mid density markers	Agriplex mid density markers	A/C
5	2915387	2	S100K-SNP-SB05-002915387-A-C-02	ICRISAT	BI/ICRISAT	A/C
5	3022709	2	S100K-SNP-SB05-003022709-A-G	Agriplex mid density markers	Agriplex mid density markers	A/G
5	3022709	2	S100K-SNP-SB05-003022709-A-G-02	ICRISAT	BI/ICRISAT	A/G
5	3214952	2	S100K-SNP-SB05-003214952-A-T	Agriplex mid density markers	Agriplex mid density markers	A/T
5	3214952	2	S100K-SNP-SB05-003214952-A-T-02	ICRISAT	BI/ICRISAT	A/T
5	33882609	2	S100K-SNP-SB05-033882609-G-A	Agriplex mid density markers	Agriplex mid density markers	G/A
5	33882609	2	S100K-SNP-SB05-033882609-G-A-02	ICRISAT	BI/ICRISAT	G/A
5	33883219	2	S100K-SNP-SB05-033883219-C-T	Agriplex mid density markers	Agriplex mid density markers	C/T
5	33883219	2	S100K-SNP-SB05-033883219-C-T-02	ICRISAT	BI/ICRISAT	C/T
5	33895729	2	S100K-SNP-SB05-033895729-C-T	Agriplex mid density markers	Agriplex mid density markers	C/T
5	33895729	2	S100K-SNP-SB05-033895729-C-T-02	ICRISAT	BI/ICRISAT	C/T
5	33942089	2	S100K-SNP-SB05-033942089-C-T	Agriplex mid density markers	Agriplex mid density markers	C/T
5	33942089	2	S100K-SNP-SB05-033942089-C-T-02	ICRISAT	BI/ICRISAT	C/T
5	33946205	2	S100K-SNP-SB05-033946205-A-C	Agriplex mid density markers	Agriplex mid density markers	A/C
5	33946205	2	S100K-SNP-SB05-033946205-A-C-02	ICRISAT	BI/ICRISAT	A/C
5	34231061	2	S100K-SNP-SB05-034231061-T-G	Agriplex mid density markers	Agriplex mid density markers	T/G
5	34231061	2	S100K-SNP-SB05-034231061-T-G-02	ICRISAT	BI/ICRISAT	T/G
5	3534549	2	S100K-SNP-SB05-003534549-G-C	Agriplex mid density markers	Agriplex mid density markers	G/C
5	3534549	2	S100K-SNP-SB05-003534549-G-C-02	ICRISAT	BI/ICRISAT	G/C
5	3566148	2	S100K-SNP-SB05-003566148-T-C	Agriplex mid density markers	Agriplex mid density markers	T/C
5	3566148	2	S100K-SNP-SB05-003566148-T-C-02	ICRISAT	BI/ICRISAT	T/C
5	3566738	2	S100K-SNP-SB05-003566738-T-G	Agriplex mid density markers	Agriplex mid density markers	T/G
5	3566738	2	S100K-SNP-SB05-003566738-T-G-02	ICRISAT	BI/ICRISAT	T/G
5	3584452	2	S100K-SNP-SB05-003584452-T-C	Agriplex mid density markers	Agriplex mid density markers	T/C
5	3584452	2	S100K-SNP-SB05-003584452-T-C-02	ICRISAT	BI/ICRISAT	T/C
5	3631544	2	S100K-SNP-SB05-003631544-G-C	Agriplex mid density markers	Agriplex mid density markers	G/C
5	3631544	2	S100K-SNP-SB05-003631544-G-C-02	ICRISAT	BI/ICRISAT	G/C
5	36544381	2	S100K-SNP-SB05-036544381-G-A	Agriplex mid density markers	Agriplex mid density markers	G/A
5	36544381	2	S100K-SNP-SB05-036544381-G-A-02	ICRISAT	BI/ICRISAT	G/A
5	3658502	2	S100K-SNP-SB05-003658502-G-T	Agriplex mid density markers	Agriplex mid density markers	G/T
5	3658502	2	S100K-SNP-SB05-003658502-G-T-02	ICRISAT	BI/ICRISAT	G/T
5	36678368	2	S100K-SNP-SB05-036678368-NA-NA	GrainYield_S	Mural_etal_UB	-/-
5	36678368	2	S100K-SNP-SB05-036678368-T-C	Filler Markers	BI/ICRISAT	T/C
5	3768802	2	S100K-SNP-SB05-003768802-G-C	Agriplex mid density markers	Agriplex mid density markers	G/C
5	3768802	2	S100K-SNP-SB05-003768802-G-C-02	ICRISAT	BI/ICRISAT	G/C
5	37911590	2	S100K-SNP-SB05-037911590-T-G	Agriplex mid density markers	Agriplex mid density markers	T/G
5	37911590	2	S100K-SNP-SB05-037911590-T-G-02	ICRISAT	BI/ICRISAT	T/G
5	38427281	2	S100K-SNP-SB05-038427281-A-G	Agriplex mid density markers	Agriplex mid density markers	A/G
5	38427281	2	S100K-SNP-SB05-038427281-A-G-02	ICRISAT	BI/ICRISAT	A/G
5	39115252	2	S100K-SNP-SB05-039115252-T-A	Agriplex mid density markers	Agriplex mid density markers	T/A
5	39115252	2	S100K-SNP-SB05-039115252-T-A-02	ICRISAT	BI/ICRISAT	T/A
5	40774458	2	S100K-SNP-SB05-040774458-A-G	Agriplex mid density markers	Agriplex mid density markers	A/G
5	40774458	2	S100K-SNP-SB05-040774458-A-G-02	ICRISAT	BI/ICRISAT	A/G
5	41431134	2	S100K-SNP-SB05-041431134-A-C	Agriplex mid density markers	Agriplex mid density markers	A/C
5	41431134	2	S100K-SNP-SB05-041431134-A-C-02	ICRISAT	BI/ICRISAT	A/C
5	4223170	2	S100K-SNP-SB05-004223170-A-C	Agriplex mid density markers	Agriplex mid density markers	A/C
5	4223170	2	S100K-SNP-SB05-004223170-A-C-02	ICRISAT	BI/ICRISAT	A/C
5	44815496	2	S100K-SNP-SB05-044815496-A-G	Agriplex mid density markers	Agriplex mid density markers	A/G
5	44815496	2	S100K-SNP-SB05-044815496-A-G-02	ICRISAT	BI/ICRISAT	A/G
5	45458043	2	S100K-SNP-SB05-045458043-T-C	Agriplex mid density markers	Agriplex mid density markers	T/C
5	45458043	2	S100K-SNP-SB05-045458043-C-T	Quality Control	ICRISAT/EiB	C/T
5	45568161	2	S100K-SNP-SB05-045568161-T-A	Agriplex mid density markers	Agriplex mid density markers	T/A
5	45568161	2	S100K-SNP-SB05-045568161-A-T	Quality Control	ICRISAT/EiB	A/T
5	4616776	2	S100K-SNP-SB05-004616776-C-G	Agriplex mid density markers	Agriplex mid density markers	C/G
5	4616776	2	S100K-SNP-SB05-004616776-C-G-02	ICRISAT	BI/ICRISAT	C/G
5	4754454	2	S100K-SNP-SB05-004754454-G-C	Agriplex mid density markers	Agriplex mid density markers	G/C
5	4754454	2	S100K-SNP-SB05-004754454-G-C-02	ICRISAT	BI/ICRISAT	G/C
5	5040994	2	S100K-SNP-SB05-005040994-C-G	Agriplex mid density markers	Agriplex mid density markers	C/G
5	5040994	2	S100K-SNP-SB05-005040994-C-G-02	ICRISAT	BI/ICRISAT	C/G
5	50600981	2	S100K-SNP-SB05-050600981-A-G	Agriplex mid density markers	Agriplex mid density markers	A/G
5	50600981	2	S100K-SNP-SB05-050600981-A-G-02	ICRISAT	BI/ICRISAT	A/G
5	50727386	2	S100K-SNP-SB05-050727386-A-T	Agriplex mid density markers	Agriplex mid density markers	A/T
5	50727386	2	S100K-SNP-SB05-050727386-A-T-02	ICRISAT	BI/ICRISAT	A/T
5	50894812	2	S100K-SNP-SB05-050894812-G-A	Agriplex mid density markers	Agriplex mid density markers	G/A
5	50894812	2	S100K-SNP-SB05-050894812-A-G	Quality Control	ICRISAT/EiB	A/G
5	50895751	2	S100K-SNP-SB05-050895751-T-G	Agriplex mid density markers	Agriplex mid density markers	T/G
5	50895751	2	S100K-SNP-SB05-050895751-T-G-02	ICRISAT	BI/ICRISAT	T/G
5	52009469	2	S100K-SNP-SB05-052009469-C-G	Agriplex mid density markers	Agriplex mid density markers	C/G
5	52009469	2	S100K-SNP-SB05-052009469-C-G-02	ICRISAT	BI/ICRISAT	C/G
5	52058372	2	S100K-SNP-SB05-052058372-C-G	Agriplex mid density markers	Agriplex mid density markers	C/G
5	52058372	2	S100K-SNP-SB05-052058372-C-G-02	ICRISAT	BI/ICRISAT	C/G
5	5249161	2	S100K-SNP-SB05-005249161-G-C	Agriplex mid density markers	Agriplex mid density markers	G/C
5	5249161	2	S100K-SNP-SB05-005249161-G-C-02	ICRISAT	BI/ICRISAT	G/C
5	5294544	2	S100K-SNP-SB05-005294544-T-C	Agriplex mid density markers	Agriplex mid density markers	T/C
5	5294544	2	S100K-SNP-SB05-005294544-T-C-02	ICRISAT	BI/ICRISAT	T/C
5	54646834	2	S100K-SNP-SB05-054646834-G-A	Agriplex mid density markers	Agriplex mid density markers	G/A
5	54646834	2	S100K-SNP-SB05-054646834-G-A-02	ICRISAT	BI/ICRISAT	G/A
5	55269947	2	S100K-SNP-SB05-055269947-G-T	Agriplex mid density markers	Agriplex mid density markers	G/T
5	55269947	2	S100K-SNP-SB05-055269947-G-T-02	ICRISAT	BI/ICRISAT	G/T
5	55912013	2	S100K-SNP-SB05-055912013-T-G	Agriplex mid density markers	Agriplex mid density markers	T/G
5	55912013	2	S100K-SNP-SB05-055912013-T-G-02	ICRISAT	BI/ICRISAT	T/G
5	55985835	2	S100K-SNP-SB05-055985835-G-C	Agriplex mid density markers	Agriplex mid density markers	G/C
5	55985835	2	S100K-SNP-SB05-055985835-G-C-02	ICRISAT	BI/ICRISAT	G/C
5	5608090	2	S100K-SNP-SB05-005608090-A-T	Agriplex mid density markers	Agriplex mid density markers	A/T
5	5608090	2	S100K-SNP-SB05-005608090-A-T-02	ICRISAT	BI/ICRISAT	A/T
5	56707928	2	S100K-SNP-SB05-056707928-G-C	Agriplex mid density markers	Agriplex mid density markers	G/C
5	56707928	2	S100K-SNP-SB05-056707928-G-C-02	ICRISAT	BI/ICRISAT	G/C
5	56744127	2	S100K-SNP-SB05-056744127-G-A	Agriplex mid density markers	Agriplex mid density markers	G/A
5	56744127	2	S100K-SNP-SB05-056744127-G-A-02	ICRISAT	BI/ICRISAT	G/A
5	5702314	2	S100K-SNP-SB05-005702314-C-G	Agriplex mid density markers	Agriplex mid density markers	C/G
5	5702314	2	S100K-SNP-SB05-005702314-C-G-02	ICRISAT	BI/ICRISAT	C/G
5	57167284	2	S100K-SNP-SB05-057167284-C-T	Agriplex mid density markers	Agriplex mid density markers	C/T
5	57167284	2	S100K-SNP-SB05-057167284-C-T-02	ICRISAT	BI/ICRISAT	C/T
5	57995949	2	S100K-SNP-SB05-057995949-C-G	Agriplex mid density markers	Agriplex mid density markers	C/G
5	57995949	2	S100K-SNP-SB05-057995949-C-G-02	ICRISAT	BI/ICRISAT	C/G
5	5814004	2	S100K-SNP-SB05-005814004-C-G	Agriplex mid density markers	Agriplex mid density markers	C/G
5	5814004	2	S100K-SNP-SB05-005814004-C-G-02	ICRISAT	BI/ICRISAT	C/G
5	5814548	2	S100K-SNP-SB05-005814548-C-A	Agriplex mid density markers	Agriplex mid density markers	C/A
5	5814548	2	S100K-SNP-SB05-005814548-C-A-02	ICRISAT	BI/ICRISAT	C/A
5	58554352	2	S100K-SNP-SB05-058554352-T-G	Agriplex mid density markers	Agriplex mid density markers	T/G
5	58554352	2	S100K-SNP-SB05-058554352-T-G-02	ICRISAT	BI/ICRISAT	T/G
5	58856853	2	S100K-SNP-SB05-058856853-C-T	Agriplex mid density markers	Agriplex mid density markers	C/T
5	58856853	2	S100K-SNP-SB05-058856853-C-T-02	ICRISAT	BI/ICRISAT	C/T
5	59436380	2	S100K-SNP-SB05-059436380-G-A	Agriplex mid density markers	Agriplex mid density markers	G/A
5	59436380	2	S100K-SNP-SB05-059436380-G-A-02	ICRISAT	BI/ICRISAT	G/A
5	59444708	2	S100K-SNP-SB05-059444708-G-C	Agriplex mid density markers	Agriplex mid density markers	G/C
5	59444708	2	S100K-SNP-SB05-059444708-G-C-02	ICRISAT	BI/ICRISAT	G/C
5	59447744	2	S100K-SNP-SB05-059447744-G-C	Agriplex mid density markers	Agriplex mid density markers	G/C
5	59447744	2	S100K-SNP-SB05-059447744-G-C-02	ICRISAT	BI/ICRISAT	G/C
5	59574508	2	S100K-SNP-SB05-059574508-G-A	Agriplex mid density markers	Agriplex mid density markers	G/A
5	59574508	2	S100K-SNP-SB05-059574508-G-A-02	ICRISAT	BI/ICRISAT	G/A
5	60450850	2	S100K-SNP-SB05-060450850-C-G	Agriplex mid density markers	Agriplex mid density markers	C/G
5	60450850	2	S100K-SNP-SB05-060450850-C-G-02	ICRISAT	BI/ICRISAT	C/G
5	60680549	2	S100K-SNP-SB05-060680549-T-C	Agriplex mid density markers	Agriplex mid density markers	T/C
5	60680549	2	S100K-SNP-SB05-060680549-T-C-02	ICRISAT	BI/ICRISAT	T/C
5	60791687	2	S100K-SNP-SB05-060791687-A-G	Agriplex mid density markers	Agriplex mid density markers	A/G
5	60791687	2	S100K-SNP-SB05-060791687-A-G-02	ICRISAT	BI/ICRISAT	A/G
5	6092084	2	S100K-SNP-SB05-006092084-C-T	Agriplex mid density markers	Agriplex mid density markers	C/T
5	6092084	2	S100K-SNP-SB05-006092084-C-T-02	ICRISAT	BI/ICRISAT	C/T
5	61168342	2	S100K-SNP-SB05-061168342-C-G	Agriplex mid density markers	Agriplex mid density markers	C/G
5	61168342	2	S100K-SNP-SB05-061168342-C-G-02	ICRISAT	BI/ICRISAT	C/G
5	61407903	2	S100K-SNP-SB05-061407903-G-C	Agriplex mid density markers	Agriplex mid density markers	G/C
5	61407903	2	S100K-SNP-SB05-061407903-G-C-02	ICRISAT	BI/ICRISAT	G/C
5	61615958	2	S100K-SNP-SB05-061615958-T-A	Agriplex mid density markers	Agriplex mid density markers	T/A
5	61615958	2	S100K-SNP-SB05-061615958-T-A-02	ICRISAT	BI/ICRISAT	T/A
5	6175972	2	S100K-SNP-SB05-006175972-C-G	Agriplex mid density markers	Agriplex mid density markers	C/G
5	6175972	2	S100K-SNP-SB05-006175972-C-G-02	ICRISAT	BI/ICRISAT	C/G
5	62015333	2	S100K-SNP-SB05-062015333-G-A	Agriplex mid density markers	Agriplex mid density markers	G/A
5	62015333	2	S100K-SNP-SB05-062015333-G-A-02	ICRISAT	BI/ICRISAT	G/A
5	62034047	3	S100K-SNP-SB05-062034047-G-A	Agriplex mid density markers	Agriplex mid density markers	G/A
5	62034047	3	S100K-SNP-SB05-062034047-G-A-02	ICRISAT	BI/ICRISAT	G/A
5	62034047	3	S100K-SNP-SB05-062034047-G-A-03	Quality Control	ICRISAT/EiB	G/A
5	62196166	2	S100K-SNP-SB05-062196166-A-G	Agriplex mid density markers	Agriplex mid density markers	A/G
5	62196166	2	S100K-SNP-SB05-062196166-A-G-02	ICRISAT	BI/ICRISAT	A/G
5	62383594	2	S100K-SNP-SB05-062383594-T-C	Agriplex mid density markers	Agriplex mid density markers	T/C
5	62383594	2	S100K-SNP-SB05-062383594-T-C-02	ICRISAT	BI/ICRISAT	T/C
5	62386671	2	S100K-SNP-SB05-062386671-C-T	Agriplex mid density markers	Agriplex mid density markers	C/T
5	62386671	2	S100K-SNP-SB05-062386671-C-T-02	ICRISAT	BI/ICRISAT	C/T
5	62509203	3	S100K-SNP-SB05-062509203-G-A	Agriplex mid density markers	Agriplex mid density markers	G/A
5	62509203	3	S100K-SNP-SB05-062509203-G-A-02	ICRISAT	BI/ICRISAT	G/A
5	62509203	3	S100K-SNP-SB05-062509203-G-A-03	Quality Control	ICRISAT/EiB	G/A
5	62530405	2	S100K-SNP-SB05-062530405-C-T	Agriplex mid density markers	Agriplex mid density markers	C/T
5	62530405	2	S100K-SNP-SB05-062530405-C-T-02	ICRISAT	BI/ICRISAT	C/T
5	62738479	2	S100K-SNP-SB05-062738479-A-G	Agriplex mid density markers	Agriplex mid density markers	A/G
5	62738479	2	S100K-SNP-SB05-062738479-A-G-02	ICRISAT	BI/ICRISAT	A/G
5	62754800	2	S100K-SNP-SB05-062754800-G-T	Agriplex mid density markers	Agriplex mid density markers	G/T
5	62754800	2	S100K-SNP-SB05-062754800-G-T-02	ICRISAT	BI/ICRISAT	G/T
5	62916140	2	S100K-SNP-SB05-062916140-A-G	Agriplex mid density markers	Agriplex mid density markers	A/G
5	62916140	2	S100K-SNP-SB05-062916140-A-G-02	ICRISAT	BI/ICRISAT	A/G
5	62918887	2	S100K-SNP-SB05-062918887-T-G	Agriplex mid density markers	Agriplex mid density markers	T/G
5	62918887	2	S100K-SNP-SB05-062918887-T-G-02	ICRISAT	BI/ICRISAT	T/G
5	63334951	2	S100K-SNP-SB05-063334951-G-A	Agriplex mid density markers	Agriplex mid density markers	G/A
5	63334951	2	S100K-SNP-SB05-063334951-G-A-02	ICRISAT	BI/ICRISAT	G/A
5	63404087	2	S100K-SNP-SB05-063404087-T-C	Agriplex mid density markers	Agriplex mid density markers	T/C
5	63404087	2	S100K-SNP-SB05-063404087-T-C-02	ICRISAT	BI/ICRISAT	T/C
5	63531462	2	S100K-SNP-SB05-063531462-C-T	Agriplex mid density markers	Agriplex mid density markers	C/T
5	63531462	2	S100K-SNP-SB05-063531462-C-T-02	ICRISAT	BI/ICRISAT	C/T
5	63876151	2	S100K-SNP-SB05-063876151-A-G	Agriplex mid density markers	Agriplex mid density markers	A/G
5	63876151	2	S100K-SNP-SB05-063876151-A-G-02	ICRISAT	BI/ICRISAT	A/G
5	639064	2	S100K-SNP-SB05-000639064-C-G	Agriplex mid density markers	Agriplex mid density markers	C/G
5	639064	2	S100K-SNP-SB05-000639064-C-G-02	ICRISAT	BI/ICRISAT	C/G
5	64058943	2	S100K-SNP-SB05-064058943-C-G	Agriplex mid density markers	Agriplex mid density markers	C/G
5	64058943	2	S100K-SNP-SB05-064058943-C-G-02	ICRISAT	BI/ICRISAT	C/G
5	64101389	2	S100K-SNP-SB05-064101389-G-A	Agriplex mid density markers	Agriplex mid density markers	G/A
5	64101389	2	S100K-SNP-SB05-064101389-G-A-02	ICRISAT	BI/ICRISAT	G/A
5	64281775	2	S100K-SNP-SB05-064281775-C-G	Agriplex mid density markers	Agriplex mid density markers	C/G
5	64281775	2	S100K-SNP-SB05-064281775-C-G-02	ICRISAT	BI/ICRISAT	C/G
5	64396901	2	S100K-SNP-SB05-064396901-G-A	Agriplex mid density markers	Agriplex mid density markers	G/A
5	64396901	2	S100K-SNP-SB05-064396901-G-A-02	ICRISAT	BI/ICRISAT	G/A
5	64411841	2	S100K-SNP-SB05-064411841-G-C	Agriplex mid density markers	Agriplex mid density markers	G/C
5	64411841	2	S100K-SNP-SB05-064411841-G-C-02	ICRISAT	BI/ICRISAT	G/C
5	64424670	2	S100K-SNP-SB05-064424670-G-A	Agriplex mid density markers	Agriplex mid density markers	G/A
5	64424670	2	S100K-SNP-SB05-064424670-G-A-02	ICRISAT	BI/ICRISAT	G/A
5	64643182	2	S100K-SNP-SB05-064643182-G-A	Agriplex mid density markers	Agriplex mid density markers	G/A
5	64643182	2	S100K-SNP-SB05-064643182-G-A-02	ICRISAT	BI/ICRISAT	G/A
5	64669495	2	S100K-SNP-SB05-064669495-G-T	Agriplex mid density markers	Agriplex mid density markers	G/T
5	64669495	2	S100K-SNP-SB05-064669495-G-T-02	ICRISAT	BI/ICRISAT	G/T
5	64801769	2	S100K-SNP-SB05-064801769-T-C	Agriplex mid density markers	Agriplex mid density markers	T/C
5	64801769	2	S100K-SNP-SB05-064801769-T-C-02	ICRISAT	BI/ICRISAT	T/C
5	64920286	2	S100K-SNP-SB05-064920286-G-C	Agriplex mid density markers	Agriplex mid density markers	G/C
5	64920286	2	S100K-SNP-SB05-064920286-G-C-02	ICRISAT	BI/ICRISAT	G/C
5	65038525	2	S100K-SNP-SB05-065038525-A-G	Agriplex mid density markers	Agriplex mid density markers	A/G
5	65038525	2	S100K-SNP-SB05-065038525-A-G-02	ICRISAT	BI/ICRISAT	A/G
5	65697673	2	S100K-SNP-SB05-065697673-C-A	Agriplex mid density markers	Agriplex mid density markers	C/A
5	65697673	2	S100K-SNP-SB05-065697673-C-A-02	ICRISAT	BI/ICRISAT	C/A
5	65847349	2	S100K-SNP-SB05-065847349-C-A	Agriplex mid density markers	Agriplex mid density markers	C/A
5	65847349	2	S100K-SNP-SB05-065847349-C-A-02	ICRISAT	BI/ICRISAT	C/A
5	65934261	2	S100K-SNP-SB05-065934261-G-C	Agriplex mid density markers	Agriplex mid density markers	G/C
5	65934261	2	S100K-SNP-SB05-065934261-G-C-02	ICRISAT	BI/ICRISAT	G/C
5	66081206	2	S100K-SNP-SB05-066081206-C-A	Agriplex mid density markers	Agriplex mid density markers	C/A
5	66081206	2	S100K-SNP-SB05-066081206-C-A-02	ICRISAT	BI/ICRISAT	C/A
5	66622383	2	S100K-SNP-SB05-066622383-G-T	Agriplex mid density markers	Agriplex mid density markers	G/T
5	66622383	2	S100K-SNP-SB05-066622383-G-T-02	ICRISAT	BI/ICRISAT	G/T
5	66622578	2	S100K-SNP-SB05-066622578-A-G	Agriplex mid density markers	Agriplex mid density markers	A/G
5	66622578	2	S100K-SNP-SB05-066622578-A-G-02	ICRISAT	BI/ICRISAT	A/G
5	66627710	2	S100K-SNP-SB05-066627710-G-C	Agriplex mid density markers	Agriplex mid density markers	G/C
5	66627710	2	S100K-SNP-SB05-066627710-G-C-02	ICRISAT	BI/ICRISAT	G/C
5	66910484	3	S100K-SNP-SB05-066910484-A-C	Agriplex mid density markers	Agriplex mid density markers	A/C
5	66910484	3	S100K-SNP-SB05-066910484-A-C-02	ICRISAT	BI/ICRISAT	A/C
5	66910484	3	S100K-SNP-SB05-066910484-A-C-03	Quality Control	ICRISAT/EiB	A/C
5	66935973	2	S100K-SNP-SB05-066935973-G-C	Agriplex mid density markers	Agriplex mid density markers	G/C
5	66935973	2	S100K-SNP-SB05-066935973-G-C-02	ICRISAT	BI/ICRISAT	G/C
5	67306771	2	S100K-SNP-SB05-067306771-G-C	Number of leaves	Behera/AAU	G/C
5	67306771	2	S100K-SNP-SB05-067306771-G-C-02	Internodal length	Behera/AAU	G/C
5	67329778	2	S100K-SNP-SB05-067329778-C-T	Agriplex mid density markers	Agriplex mid density markers	C/T
5	67329778	2	S100K-SNP-SB05-067329778-C-T-02	ICRISAT	BI/ICRISAT	C/T
5	67433894	2	S100K-SNP-SB05-067433894-C-G	Agriplex mid density markers	Agriplex mid density markers	C/G
5	67433894	2	S100K-SNP-SB05-067433894-C-G-02	ICRISAT	BI/ICRISAT	C/G
5	67433963	2	S100K-SNP-SB05-067433963-C-G	Agriplex mid density markers	Agriplex mid density markers	C/G
5	67433963	2	S100K-SNP-SB05-067433963-C-G-02	ICRISAT	BI/ICRISAT	C/G
5	67567058	2	S100K-SNP-SB05-067567058-C-T	Agriplex mid density markers	Agriplex mid density markers	C/T
5	67567058	2	S100K-SNP-SB05-067567058-C-T-02	ICRISAT	BI/ICRISAT	C/T
5	67736587	2	S100K-SNP-SB05-067736587-G-A	Agriplex mid density markers	Agriplex mid density markers	G/A
5	67736587	2	S100K-SNP-SB05-067736587-G-A-02	ICRISAT	BI/ICRISAT	G/A
5	67987987	3	S100K-SNP-SB05-067987987-A-G	Agriplex mid density markers	Agriplex mid density markers	A/G
5	67987987	3	S100K-SNP-SB05-067987987-A-G-02	ICRISAT	BI/ICRISAT	A/G
5	67987987	3	S100K-SNP-SB05-067987987-A-G-03	Quality Control	ICRISAT/EiB	A/G
5	68185691	2	S100K-SNP-SB05-068185691-A-G	Agriplex mid density markers	Agriplex mid density markers	A/G
5	68185691	2	S100K-SNP-SB05-068185691-A-G-02	ICRISAT	BI/ICRISAT	A/G
5	68205140	2	S100K-SNP-SB05-068205140-G-C	Agriplex mid density markers	Agriplex mid density markers	G/C
5	68205140	2	S100K-SNP-SB05-068205140-G-C-02	ICRISAT	BI/ICRISAT	G/C
5	68228905	2	S100K-SNP-SB05-068228905-C-G	Agriplex mid density markers	Agriplex mid density markers	C/G
5	68228905	2	S100K-SNP-SB05-068228905-C-G-02	ICRISAT	BI/ICRISAT	C/G
5	68337776	2	S100K-SNP-SB05-068337776-G-A	Agriplex mid density markers	Agriplex mid density markers	G/A
5	68337776	2	S100K-SNP-SB05-068337776-G-A-02	ICRISAT	BI/ICRISAT	G/A
5	68538260	2	S100K-SNP-SB05-068538260-A-C	Agriplex mid density markers	Agriplex mid density markers	A/C
5	68538260	2	S100K-SNP-SB05-068538260-A-C-02	ICRISAT	BI/ICRISAT	A/C
5	68658674	2	S100K-SNP-SB05-068658674-G-A	Agriplex mid density markers	Agriplex mid density markers	G/A
5	68658674	2	S100K-SNP-SB05-068658674-G-A-02	ICRISAT	BI/ICRISAT	G/A
5	6866446	2	S100K-SNP-SB05-006866446-C-G	Agriplex mid density markers	Agriplex mid density markers	C/G
5	6866446	2	S100K-SNP-SB05-006866446-C-G-02	ICRISAT	BI/ICRISAT	C/G
5	68691842	2	S100K-SNP-SB05-068691842-T-G	Agriplex mid density markers	Agriplex mid density markers	T/G
5	68691842	2	S100K-SNP-SB05-068691842-T-G-02	ICRISAT	BI/ICRISAT	T/G
5	68811663	2	S100K-SNP-SB05-068811663-C-T	Agriplex mid density markers	Agriplex mid density markers	C/T
5	68811663	2	S100K-SNP-SB05-068811663-C-T-02	ICRISAT	BI/ICRISAT	C/T
5	68814273	2	S100K-SNP-SB05-068814273-T-G	Agriplex mid density markers	Agriplex mid density markers	T/G
5	68814273	2	S100K-SNP-SB05-068814273-T-G-02	ICRISAT	BI/ICRISAT	T/G
5	68881899	2	S100K-SNP-SB05-068881899-A-G	Agriplex mid density markers	Agriplex mid density markers	A/G
5	68881899	2	S100K-SNP-SB05-068881899-A-G-02	ICRISAT	BI/ICRISAT	A/G
5	68963850	2	S100K-SNP-SB05-068963850-T-A	Agriplex mid density markers	Agriplex mid density markers	T/A
5	68963850	2	S100K-SNP-SB05-068963850-T-A-02	ICRISAT	BI/ICRISAT	T/A
5	69163820	2	S100K-SNP-SB05-069163820-T-C	Agriplex mid density markers	Agriplex mid density markers	T/C
5	69163820	2	S100K-SNP-SB05-069163820-T-C-02	ICRISAT	BI/ICRISAT	T/C
5	69450954	3	S100K-SNP-SB05-069450954-G-A	ICRISAT	BI/ICRISAT	G/A
5	69450954	3	S100K-SNP-SB05-069450954-A-G	Striga Resistance	ICRISAT/EiB	A/G
5	69450954	3	S100K-SNP-SB05-069450954-T-C	Striga Resistance	ICRISAT/EiB	T/C
5	69512674	2	S100K-SNP-SB05-069512674-T-G	Agriplex mid density markers	Agriplex mid density markers	T/G
5	69512674	2	S100K-SNP-SB05-069512674-T-G-02	ICRISAT	BI/ICRISAT	T/G
5	69794954	4	S100K-SNP-SB05-069794954-NA-NA	Striga resistance	ICRISAT/EiB	-/-
5	69794954	4	S100K-SNP-SB05-069794954-G-A	Agriplex mid density markers	Agriplex mid density markers	G/A
5	69794954	4	S100K-SNP-SB05-069794954-G-A-02	ICRISAT	BI/ICRISAT	G/A
5	69794954	4	S100K-SNP-SB05-069794954-A-G	Striga Resistance	ICRISAT/EiB	A/G
5	69804013	2	S100K-SNP-SB05-069804013-A-T	Agriplex mid density markers	Agriplex mid density markers	A/T
5	69804013	2	S100K-SNP-SB05-069804013-A-T-02	ICRISAT	BI/ICRISAT	A/T
5	69847924	4	S100K-SNP-SB05-069847924-NA-NA	Striga resistance	ICRISAT/EiB	-/-
5	69847924	4	S100K-SNP-SB05-069847924-C-T	Agriplex mid density markers	Agriplex mid density markers	C/T
5	69847924	4	S100K-SNP-SB05-069847924-C-T-02	ICRISAT	BI/ICRISAT	C/T
5	69847924	4	S100K-SNP-SB05-069847924-T-C	Striga Resistance	ICRISAT/EiB	T/C
5	69851828	4	S100K-SNP-SB05-069851828-NA-NA	Striga resistance	ICRISAT/EiB	-/-
5	69851828	4	S100K-SNP-SB05-069851828-C-G	Agriplex mid density markers	Agriplex mid density markers	C/G
5	69851828	4	S100K-SNP-SB05-069851828-C-G-02	ICRISAT	BI/ICRISAT	C/G
5	69851828	4	S100K-SNP-SB05-069851828-G-C	Striga Resistance	ICRISAT/EiB	G/C
5	69852443	4	S100K-SNP-SB05-069852443-NA-NA	Striga resistance	ICRISAT/EiB	-/-
5	69852443	4	S100K-SNP-SB05-069852443-A-G	Agriplex mid density markers	Agriplex mid density markers	A/G
5	69852443	4	S100K-SNP-SB05-069852443-A-G-02	ICRISAT	BI/ICRISAT	A/G
5	69852443	4	S100K-SNP-SB05-069852443-G-A	Striga Resistance	ICRISAT/EiB	G/A
5	69852503	2	S100K-SNP-SB05-069852503-G-A	Agriplex mid density markers	Agriplex mid density markers	G/A
5	69852503	2	S100K-SNP-SB05-069852503-G-A-02	ICRISAT	BI/ICRISAT	G/A
5	69861647	2	S100K-SNP-SB05-069861647-C-T	Agriplex mid density markers	Agriplex mid density markers	C/T
5	69861647	2	S100K-SNP-SB05-069861647-C-T-02	ICRISAT	BI/ICRISAT	C/T
5	69879981	2	S100K-SNP-SB05-069879981-T-G	ICRISAT	BI/ICRISAT	T/G
5	69879981	2	S100K-SNP-SB05-069879981-G-T	Striga Resistance	ICRISAT/EiB	G/T
5	69882454	2	S100K-SNP-SB05-069882454-T-C	ICRISAT	BI/ICRISAT	T/C
5	69882454	2	S100K-SNP-SB05-069882454-C-T	Striga Resistance	ICRISAT/EiB	C/T
5	6991478	2	S100K-SNP-SB05-006991478-G-A	Agriplex mid density markers	Agriplex mid density markers	G/A
5	6991478	2	S100K-SNP-SB05-006991478-G-A-02	ICRISAT	BI/ICRISAT	G/A
5	69923151	2	S100K-SNP-SB05-069923151-C-G	Agriplex mid density markers	Agriplex mid density markers	C/G
5	69923151	2	S100K-SNP-SB05-069923151-C-G-02	ICRISAT	BI/ICRISAT	C/G
5	69997060	2	S100K-SNP-SB05-069997060-T-C	Agriplex mid density markers	Agriplex mid density markers	T/C
5	69997060	2	S100K-SNP-SB05-069997060-T-C-02	ICRISAT	BI/ICRISAT	T/C
5	69998956	2	S100K-SNP-SB05-069998956-G-A	Agriplex mid density markers	Agriplex mid density markers	G/A
5	69998956	2	S100K-SNP-SB05-069998956-G-A-02	ICRISAT	BI/ICRISAT	G/A
5	70224804	2	S100K-SNP-SB05-070224804-A-C	Agriplex mid density markers	Agriplex mid density markers	A/C
5	70224804	2	S100K-SNP-SB05-070224804-A-C-02	ICRISAT	BI/ICRISAT	A/C
5	70340875	2	S100K-SNP-SB05-070340875-G-C	ICRISAT	BI/ICRISAT	G/C
5	70340875	2	S100K-SNP-SB05-070340875-C-G	Quality Control	ICRISAT/EiB	C/G
5	70610574	2	S100K-SNP-SB05-070610574-C-G	Agriplex mid density markers	Agriplex mid density markers	C/G
5	70610574	2	S100K-SNP-SB05-070610574-C-G-02	ICRISAT	BI/ICRISAT	C/G
5	70651344	2	S100K-SNP-SB05-070651344-A-T	Agriplex mid density markers	Agriplex mid density markers	A/T
5	70651344	2	S100K-SNP-SB05-070651344-A-T-02	ICRISAT	BI/ICRISAT	A/T
5	7076566	2	S100K-SNP-SB05-007076566-T-A	Agriplex mid density markers	Agriplex mid density markers	T/A
5	7076566	2	S100K-SNP-SB05-007076566-T-A-02	ICRISAT	BI/ICRISAT	T/A
5	70870208	2	S100K-SNP-SB05-070870208-T-G	Agriplex mid density markers	Agriplex mid density markers	T/G
5	70870208	2	S100K-SNP-SB05-070870208-T-G-02	ICRISAT	BI/ICRISAT	T/G
5	71310522	2	S100K-SNP-SB05-071310522-C-T	ICRISAT	BI/ICRISAT	C/T
5	71310522	2	S100K-SNP-SB05-071310522-C-T-02	Quality Control	ICRISAT/EiB	C/T
5	7145698	2	S100K-SNP-SB05-007145698-C-T	Agriplex mid density markers	Agriplex mid density markers	C/T
5	7145698	2	S100K-SNP-SB05-007145698-C-T-02	ICRISAT	BI/ICRISAT	C/T
5	71519452	2	S100K-SNP-SB05-071519452-C-G	Agriplex mid density markers	Agriplex mid density markers	C/G
5	71519452	2	S100K-SNP-SB05-071519452-C-G-02	ICRISAT	BI/ICRISAT	C/G
5	71600716	2	S100K-SNP-SB05-071600716-G-C	Agriplex mid density markers	Agriplex mid density markers	G/C
5	71600716	2	S100K-SNP-SB05-071600716-G-C-02	ICRISAT	BI/ICRISAT	G/C
5	71606153	2	S100K-SNP-SB05-071606153-A-T	Agriplex mid density markers	Agriplex mid density markers	A/T
5	71606153	2	S100K-SNP-SB05-071606153-A-T-02	ICRISAT	BI/ICRISAT	A/T
5	71672875	2	S100K-SNP-SB05-071672875-T-A	Agriplex mid density markers	Agriplex mid density markers	T/A
5	71672875	2	S100K-SNP-SB05-071672875-T-A-02	ICRISAT	BI/ICRISAT	T/A
5	71686329	2	S100K-SNP-SB05-071686329-C-G	Agriplex mid density markers	Agriplex mid density markers	C/G
5	71686329	2	S100K-SNP-SB05-071686329-C-G-02	ICRISAT	BI/ICRISAT	C/G
5	71688634	2	S100K-SNP-SB05-071688634-G-C	Agriplex mid density markers	Agriplex mid density markers	G/C
5	71688634	2	S100K-SNP-SB05-071688634-G-C-02	ICRISAT	BI/ICRISAT	G/C
5	71726595	2	S100K-SNP-SB05-071726595-A-G	Agriplex mid density markers	Agriplex mid density markers	A/G
5	71726595	2	S100K-SNP-SB05-071726595-A-G-02	ICRISAT	BI/ICRISAT	A/G
5	71726777	2	S100K-SNP-SB05-071726777-T-A	Agriplex mid density markers	Agriplex mid density markers	T/A
5	71726777	2	S100K-SNP-SB05-071726777-T-A-02	ICRISAT	BI/ICRISAT	T/A
5	71729971	2	S100K-SNP-SB05-071729971-G-A	Agriplex mid density markers	Agriplex mid density markers	G/A
5	71729971	2	S100K-SNP-SB05-071729971-G-A-02	ICRISAT	BI/ICRISAT	G/A
5	7295750	2	S100K-SNP-SB05-007295750-T-C	Agriplex mid density markers	Agriplex mid density markers	T/C
5	7295750	2	S100K-SNP-SB05-007295750-T-C-02	ICRISAT	BI/ICRISAT	T/C
5	8039872	2	S100K-SNP-SB05-008039872-G-T	Agriplex mid density markers	Agriplex mid density markers	G/T
5	8039872	2	S100K-SNP-SB05-008039872-G-T-02	ICRISAT	BI/ICRISAT	G/T
5	8063027	2	S100K-SNP-SB05-008063027-A-G	Agriplex mid density markers	Agriplex mid density markers	A/G
5	8063027	2	S100K-SNP-SB05-008063027-A-G-02	ICRISAT	BI/ICRISAT	A/G
5	8222692	2	S100K-SNP-SB05-008222692-C-T	Agriplex mid density markers	Agriplex mid density markers	C/T
5	8222692	2	S100K-SNP-SB05-008222692-C-T-02	ICRISAT	BI/ICRISAT	C/T
5	8331800	2	S100K-SNP-SB05-008331800-A-C	Agriplex mid density markers	Agriplex mid density markers	A/C
5	8331800	2	S100K-SNP-SB05-008331800-A-C-02	ICRISAT	BI/ICRISAT	A/C
5	838874	4	S100K-SNP-SB05-000838874-NA-NA	Shoot fly resistance	ICRISAT/EiB	-/-
5	838874	4	S100K-SNP-SB05-000838874-C-T	Agriplex mid density markers	Agriplex mid density markers	C/T
5	838874	4	S100K-SNP-SB05-000838874-C-T-02	ICRISAT	BI/ICRISAT	C/T
5	838874	4	S100K-SNP-SB05-000838874-C-T-03	Shoot fly resistance	ICRISAT/EiB	C/T
5	8437589	2	S100K-SNP-SB05-008437589-T-C	Agriplex mid density markers	Agriplex mid density markers	T/C
5	8437589	2	S100K-SNP-SB05-008437589-T-C-02	ICRISAT	BI/ICRISAT	T/C
5	8674350	2	S100K-SNP-SB05-008674350-A-G	Agriplex mid density markers	Agriplex mid density markers	A/G
5	8674350	2	S100K-SNP-SB05-008674350-A-G-02	ICRISAT	BI/ICRISAT	A/G
5	8789731	2	S100K-SNP-SB05-008789731-G-A	Agriplex mid density markers	Agriplex mid density markers	G/A
5	8789731	2	S100K-SNP-SB05-008789731-G-A-02	ICRISAT	BI/ICRISAT	G/A
5	8830742	2	S100K-SNP-SB05-008830742-T-C	Agriplex mid density markers	Agriplex mid density markers	T/C
5	8830742	2	S100K-SNP-SB05-008830742-T-C-02	Quality Control	ICRISAT/EiB	T/C
5	8831267	2	S100K-SNP-SB05-008831267-T-C	Agriplex mid density markers	Agriplex mid density markers	T/C
5	8831267	2	S100K-SNP-SB05-008831267-T-C-02	ICRISAT	BI/ICRISAT	T/C
5	8838314	2	S100K-SNP-SB05-008838314-G-C	Agriplex mid density markers	Agriplex mid density markers	G/C
5	8838314	2	S100K-SNP-SB05-008838314-G-C-02	ICRISAT	BI/ICRISAT	G/C
5	9025495	2	S100K-SNP-SB05-009025495-A-G	Agriplex mid density markers	Agriplex mid density markers	A/G
5	9025495	2	S100K-SNP-SB05-009025495-A-G-02	ICRISAT	BI/ICRISAT	A/G
5	9051425	2	S100K-SNP-SB05-009051425-G-A	Agriplex mid density markers	Agriplex mid density markers	G/A
5	9051425	2	S100K-SNP-SB05-009051425-G-A-02	ICRISAT	BI/ICRISAT	G/A
5	9183937	2	S100K-SNP-SB05-009183937-G-A	Agriplex mid density markers	Agriplex mid density markers	G/A
5	9183937	2	S100K-SNP-SB05-009183937-G-A-02	ICRISAT	BI/ICRISAT	G/A
5	9396890	2	S100K-SNP-SB05-009396890-G-T	Agriplex mid density markers	Agriplex mid density markers	G/T
5	9396890	2	S100K-SNP-SB05-009396890-G-T-02	ICRISAT	BI/ICRISAT	G/T
5	9430686	2	S100K-SNP-SB05-009430686-A-T	Agriplex mid density markers	Agriplex mid density markers	A/T
5	9430686	2	S100K-SNP-SB05-009430686-A-T-02	ICRISAT	BI/ICRISAT	A/T
5	9535556	2	S100K-SNP-SB05-009535556-C-T	Agriplex mid density markers	Agriplex mid density markers	C/T
5	9535556	2	S100K-SNP-SB05-009535556-C-T-02	ICRISAT	BI/ICRISAT	C/T
5	9537077	2	S100K-SNP-SB05-009537077-T-C	Agriplex mid density markers	Agriplex mid density markers	T/C
5	9537077	2	S100K-SNP-SB05-009537077-T-C-02	ICRISAT	BI/ICRISAT	T/C
6	10566902	2	S100K-SNP-SB06-010566902-G-A	Agriplex mid density markers	Agriplex mid density markers	G/A
6	10566902	2	S100K-SNP-SB06-010566902-G-A-02	ICRISAT	BI/ICRISAT	G/A
6	14498115	2	S100K-SNP-SB06-014498115-A-T	Agriplex mid density markers	Agriplex mid density markers	A/T
6	14498115	2	S100K-SNP-SB06-014498115-A-T-02	ICRISAT	BI/ICRISAT	A/T
6	17558400	2	S100K-SNP-SB06-017558400-G-A	Agriplex mid density markers	Agriplex mid density markers	G/A
6	17558400	2	S100K-SNP-SB06-017558400-G-A-02	ICRISAT	BI/ICRISAT	G/A
6	1839684	2	S100K-SNP-SB06-001839684-G-A	Agriplex mid density markers	Agriplex mid density markers	G/A
6	1839684	2	S100K-SNP-SB06-001839684-G-A-02	ICRISAT	BI/ICRISAT	G/A
6	1911065	2	S100K-SNP-SB06-001911065-G-C	Agriplex mid density markers	Agriplex mid density markers	G/C
6	1911065	2	S100K-SNP-SB06-001911065-G-C-02	ICRISAT	BI/ICRISAT	G/C
6	1912562	2	S100K-SNP-SB06-001912562-G-C	Agriplex mid density markers	Agriplex mid density markers	G/C
6	1912562	2	S100K-SNP-SB06-001912562-G-C-02	ICRISAT	BI/ICRISAT	G/C
6	19232571	2	S100K-SNP-SB06-019232571-C-T	Agriplex mid density markers	Agriplex mid density markers	C/T
6	19232571	2	S100K-SNP-SB06-019232571-C-T-02	ICRISAT	BI/ICRISAT	C/T
6	1925880	2	S100K-SNP-SB06-001925880-C-T	Agriplex mid density markers	Agriplex mid density markers	C/T
6	1925880	2	S100K-SNP-SB06-001925880-C-T-02	ICRISAT	BI/ICRISAT	C/T
6	2316351	2	S100K-SNP-SB06-002316351-C-T	Sorghum Aphid Tolerance	Marla/KSU	C/T
6	2316351	2	S100K-SNP-SB06-002316351-T-C	Sugarcane Aphid Resistance	ICRISAT/EiB	T/C
6	2396650	2	S100K-SNP-SB06-002396650-G-A	Agriplex mid density markers	Agriplex mid density markers	G/A
6	2396650	2	S100K-SNP-SB06-002396650-G-A-02	ICRISAT	BI/ICRISAT	G/A
6	2454378	2	S100K-SNP-SB06-002454378-C-T	Agriplex mid density markers	Agriplex mid density markers	C/T
6	2454378	2	S100K-SNP-SB06-002454378-C-T-02	ICRISAT	BI/ICRISAT	C/T
6	246208	2	S100K-SNP-SB06-000246208-C-A	Agriplex mid density markers	Agriplex mid density markers	C/A
6	246208	2	S100K-SNP-SB06-000246208-C-A-02	ICRISAT	BI/ICRISAT	C/A
6	256323	2	S100K-SNP-SB06-000256323-G-C	Agriplex mid density markers	Agriplex mid density markers	G/C
6	256323	2	S100K-SNP-SB06-000256323-G-C-02	ICRISAT	BI/ICRISAT	G/C
6	26390356	2	S100K-SNP-SB06-026390356-C-T	Agriplex mid density markers	Agriplex mid density markers	C/T
6	26390356	2	S100K-SNP-SB06-026390356-C-T-02	ICRISAT	BI/ICRISAT	C/T
6	2682627	4	S100K-SNP-SB06-002682627-NA-NA	Sugarcane aphid resist.	ICRISAT/EiB	-/-
6	2682627	4	S100K-SNP-SB06-002682627-C-A	Agriplex mid density markers	Agriplex mid density markers	C/A
6	2682627	4	S100K-SNP-SB06-002682627-C-A-02	ICRISAT	BI/ICRISAT	C/A
6	2682627	4	S100K-SNP-SB06-002682627-A-C	Sugarcane Aphid Resistance	ICRISAT/EiB	A/C
6	27450292	2	S100K-SNP-SB06-027450292-T-C	Agriplex mid density markers	Agriplex mid density markers	T/C
6	27450292	2	S100K-SNP-SB06-027450292-T-C-02	ICRISAT	BI/ICRISAT	T/C
6	28158855	2	S100K-SNP-SB06-028158855-A-T	Agriplex mid density markers	Agriplex mid density markers	A/T
6	28158855	2	S100K-SNP-SB06-028158855-A-T-02	ICRISAT	BI/ICRISAT	A/T
6	2892438	4	S100K-SNP-SB06-002892438-NA-NA	Sugarcane aphid resist.	ICRISAT/EiB	-/-
6	2892438	4	S100K-SNP-SB06-002892438-C-T	Sorghum Aphid Tolerance	Marla/KSU	C (G)/T (A)
6	2892438	4	S100K-SNP-SB06-002892438-C-G	Agriplex mid density markers	Agriplex mid density markers	C/G
6	2892438	4	S100K-SNP-SB06-002892438-A-G	Sugarcane Aphid Resistance	ICRISAT/EiB	A/G
6	29347909	2	S100K-SNP-SB06-029347909-C-T	Agriplex mid density markers	Agriplex mid density markers	C/T
6	29347909	2	S100K-SNP-SB06-029347909-C-T-02	ICRISAT	BI/ICRISAT	C/T
6	29539381	2	S100K-SNP-SB06-029539381-C-G	Agriplex mid density markers	Agriplex mid density markers	C/G
6	29539381	2	S100K-SNP-SB06-029539381-C-G-02	ICRISAT	BI/ICRISAT	C/G
6	29590198	2	S100K-SNP-SB06-029590198-A-G	Agriplex mid density markers	Agriplex mid density markers	A/G
6	29590198	2	S100K-SNP-SB06-029590198-A-G-02	ICRISAT	BI/ICRISAT	A/G
6	30441715	2	S100K-SNP-SB06-030441715-C-A	Agriplex mid density markers	Agriplex mid density markers	C/A
6	30441715	2	S100K-SNP-SB06-030441715-C-A-02	ICRISAT	BI/ICRISAT	C/A
6	30771060	2	S100K-SNP-SB06-030771060-A-C	Agriplex mid density markers	Agriplex mid density markers	A/C
6	30771060	2	S100K-SNP-SB06-030771060-A-C-02	ICRISAT	BI/ICRISAT	A/C
6	30982177	2	S100K-SNP-SB06-030982177-C-T	Agriplex mid density markers	Agriplex mid density markers	C/T
6	30982177	2	S100K-SNP-SB06-030982177-C-T-02	ICRISAT	BI/ICRISAT	C/T
6	31581245	2	S100K-SNP-SB06-031581245-T-C	Agriplex mid density markers	Agriplex mid density markers	T/C
6	31581245	2	S100K-SNP-SB06-031581245-T-C-02	ICRISAT	BI/ICRISAT	T/C
6	3199668	2	S100K-SNP-SB06-003199668-A-G	Agriplex mid density markers	Agriplex mid density markers	A/G
6	3199668	2	S100K-SNP-SB06-003199668-A-G-02	Quality Control	ICRISAT/EiB	A/G
6	3201106	2	S100K-SNP-SB06-003201106-A-G	Agriplex mid density markers	Agriplex mid density markers	A/G
6	3201106	2	S100K-SNP-SB06-003201106-A-G-02	ICRISAT	BI/ICRISAT	A/G
6	32142574	2	S100K-SNP-SB06-032142574-A-G	Agriplex mid density markers	Agriplex mid density markers	A/G
6	32142574	2	S100K-SNP-SB06-032142574-A-G-02	ICRISAT	BI/ICRISAT	A/G
6	3223724	2	S100K-SNP-SB06-003223724-T-C	Agriplex mid density markers	Agriplex mid density markers	T/C
6	3223724	2	S100K-SNP-SB06-003223724-T-C-02	ICRISAT	BI/ICRISAT	T/C
6	3310278	2	S100K-SNP-SB06-003310278-G-A	Agriplex mid density markers	Agriplex mid density markers	G/A
6	3310278	2	S100K-SNP-SB06-003310278-G-A-02	ICRISAT	BI/ICRISAT	G/A
6	3312978	2	S100K-SNP-SB06-003312978-A-G	Agriplex mid density markers	Agriplex mid density markers	A/G
6	3312978	2	S100K-SNP-SB06-003312978-A-G-02	ICRISAT	BI/ICRISAT	A/G
6	33541147	2	S100K-SNP-SB06-033541147-A-C	Agriplex mid density markers	Agriplex mid density markers	A/C
6	33541147	2	S100K-SNP-SB06-033541147-A-C-02	ICRISAT	BI/ICRISAT	A/C
6	3463592	2	S100K-SNP-SB06-003463592-T-C	Agriplex mid density markers	Agriplex mid density markers	T/C
6	3463592	2	S100K-SNP-SB06-003463592-T-C-02	ICRISAT	BI/ICRISAT	T/C
6	35572916	2	S100K-SNP-SB06-035572916-T-C	Agriplex mid density markers	Agriplex mid density markers	T/C
6	35572916	2	S100K-SNP-SB06-035572916-T-C-02	ICRISAT	BI/ICRISAT	T/C
6	35658116	2	S100K-SNP-SB06-035658116-G-A	Agriplex mid density markers	Agriplex mid density markers	G/A
6	35658116	2	S100K-SNP-SB06-035658116-G-A-02	ICRISAT	BI/ICRISAT	G/A
6	3610699	2	S100K-SNP-SB06-003610699-C-A	Agriplex mid density markers	Agriplex mid density markers	C/A
6	3610699	2	S100K-SNP-SB06-003610699-C-A-02	ICRISAT	BI/ICRISAT	C/A
6	36778682	2	S100K-SNP-SB06-036778682-G-C	Agriplex mid density markers	Agriplex mid density markers	G/C
6	36778682	2	S100K-SNP-SB06-036778682-G-C-02	ICRISAT	BI/ICRISAT	G/C
6	37902123	2	S100K-SNP-SB06-037902123-A-G	Agriplex mid density markers	Agriplex mid density markers	A/G
6	37902123	2	S100K-SNP-SB06-037902123-A-G-02	ICRISAT	BI/ICRISAT	A/G
6	38113163	2	S100K-SNP-SB06-038113163-G-T	Agriplex mid density markers	Agriplex mid density markers	G/T
6	38113163	2	S100K-SNP-SB06-038113163-G-T-02	ICRISAT	BI/ICRISAT	G/T
6	38341725	2	S100K-SNP-SB06-038341725-G-C	Agriplex mid density markers	Agriplex mid density markers	G/C
6	38341725	2	S100K-SNP-SB06-038341725-G-C-02	ICRISAT	BI/ICRISAT	G/C
6	3898444	2	S100K-SNP-SB06-003898444-T-C	Agriplex mid density markers	Agriplex mid density markers	T/C
6	3898444	2	S100K-SNP-SB06-003898444-C-T	Quality Control	ICRISAT/EiB	C/T
6	3974137	2	S100K-SNP-SB06-003974137-T-C	Agriplex mid density markers	Agriplex mid density markers	T/C
6	3974137	2	S100K-SNP-SB06-003974137-T-C-02	ICRISAT	BI/ICRISAT	T/C
6	39929198	2	S100K-SNP-SB06-039929198-T-C	Agriplex mid density markers	Agriplex mid density markers	T/C
6	39929198	2	S100K-SNP-SB06-039929198-T-C-02	ICRISAT	BI/ICRISAT	T/C
6	39938146	2	S100K-SNP-SB06-039938146-A-G	Agriplex mid density markers	Agriplex mid density markers	A/G
6	39938146	2	S100K-SNP-SB06-039938146-A-G-02	ICRISAT	BI/ICRISAT	A/G
6	40312440	2	S100K-SNP-SB06-040312440-NA-A	Maturity	Marla/KSU	-/A
6	40312440	2	S100K-SNP-SB06-040312440-NA-T	Maturity	Marla/KSU	-/T
6	40312464	3	S100K-SNP-SB06-040312464-G-T	Maturity	Marla/KSU	G/T
6	40312464	3	S100K-SNP-SB06-040312464-C-A	Maturity	Marla/KSU	C/A
6	40312464	3	S100K-SNP-SB06-040312464-G-T-02	ICRISAT	BI/ICRISAT	G/T
6	40314508	2	S100K-SNP-SB06-040314508-C-T	Maturity	Marla/KSU	C/T
6	40314508	2	S100K-SNP-SB06-040314508-C-T-02	ICRISAT	BI/ICRISAT	C/T
6	40315320	2	S100K-SNP-SB06-040315320-C-T	Maturity	Marla/KSU	C/T
6	40315320	2	S100K-SNP-SB06-040315320-C-T-02	ICRISAT	BI/ICRISAT	C/T
6	40465470	2	S100K-SNP-SB06-040465470-T-G	Agriplex mid density markers	Agriplex mid density markers	T/G
6	40465470	2	S100K-SNP-SB06-040465470-T-G-02	ICRISAT	BI/ICRISAT	T/G
6	41827772	2	S100K-SNP-SB06-041827772-A-G	Agriplex mid density markers	Agriplex mid density markers	A/G
6	41827772	2	S100K-SNP-SB06-041827772-A-G-02	ICRISAT	BI/ICRISAT	A/G
6	42047270	2	S100K-SNP-SB06-042047270-T-A	Agriplex mid density markers	Agriplex mid density markers	T/A
6	42047270	2	S100K-SNP-SB06-042047270-T-A-02	ICRISAT	BI/ICRISAT	T/A
6	42047398	2	S100K-SNP-SB06-042047398-C-T	Agriplex mid density markers	Agriplex mid density markers	C/T
6	42047398	2	S100K-SNP-SB06-042047398-C-T-02	ICRISAT	BI/ICRISAT	C/T
6	42122367	2	S100K-SNP-SB06-042122367-A-T	Agriplex mid density markers	Agriplex mid density markers	A/T
6	42122367	2	S100K-SNP-SB06-042122367-A-T-02	ICRISAT	BI/ICRISAT	A/T
6	42183773	2	S100K-SNP-SB06-042183773-A-G	Agriplex mid density markers	Agriplex mid density markers	A/G
6	42183773	2	S100K-SNP-SB06-042183773-A-G-02	ICRISAT	BI/ICRISAT	A/G
6	42206494	2	S100K-SNP-SB06-042206494-G-C	Agriplex mid density markers	Agriplex mid density markers	G/C
6	42206494	2	S100K-SNP-SB06-042206494-G-C-02	ICRISAT	BI/ICRISAT	G/C
6	42256151	2	S100K-SNP-SB06-042256151-G-A	Agriplex mid density markers	Agriplex mid density markers	G/A
6	42256151	2	S100K-SNP-SB06-042256151-G-A-02	ICRISAT	BI/ICRISAT	G/A
6	42344102	2	S100K-SNP-SB06-042344102-G-C	Agriplex mid density markers	Agriplex mid density markers	G/C
6	42344102	2	S100K-SNP-SB06-042344102-G-C-02	ICRISAT	BI/ICRISAT	G/C
6	42578668	2	S100K-SNP-SB06-042578668-T-C	Agriplex mid density markers	Agriplex mid density markers	T/C
6	42578668	2	S100K-SNP-SB06-042578668-T-C-02	ICRISAT	BI/ICRISAT	T/C
6	42653400	2	S100K-SNP-SB06-042653400-C-T	Agriplex mid density markers	Agriplex mid density markers	C/T
6	42653400	2	S100K-SNP-SB06-042653400-C-T-02	ICRISAT	BI/ICRISAT	C/T
6	42793946	2	S100K-SNP-SB06-042793946-A-T	Agriplex mid density markers	Agriplex mid density markers	A/T
6	42793946	2	S100K-SNP-SB06-042793946-A-T-02	ICRISAT	BI/ICRISAT	A/T
6	42832536	2	S100K-SNP-SB06-042832536-G-C	Agriplex mid density markers	Agriplex mid density markers	G/C
6	42832536	2	S100K-SNP-SB06-042832536-G-C-02	ICRISAT	BI/ICRISAT	G/C
6	43305355	2	S100K-SNP-SB06-043305355-G-C	Agriplex mid density markers	Agriplex mid density markers	G/C
6	43305355	2	S100K-SNP-SB06-043305355-G-C-02	ICRISAT	BI/ICRISAT	G/C
6	43322397	2	S100K-SNP-SB06-043322397-C-A	Agriplex mid density markers	Agriplex mid density markers	C/A
6	43322397	2	S100K-SNP-SB06-043322397-C-A-02	ICRISAT	BI/ICRISAT	C/A
6	43637982	2	S100K-SNP-SB06-043637982-C-T	Agriplex mid density markers	Agriplex mid density markers	C/T
6	43637982	2	S100K-SNP-SB06-043637982-C-T-02	ICRISAT	BI/ICRISAT	C/T
6	43657028	2	S100K-SNP-SB06-043657028-G-C	Agriplex mid density markers	Agriplex mid density markers	G/C
6	43657028	2	S100K-SNP-SB06-043657028-G-C-02	ICRISAT	BI/ICRISAT	G/C
6	43657157	2	S100K-SNP-SB06-043657157-C-T	Agriplex mid density markers	Agriplex mid density markers	C/T
6	43657157	2	S100K-SNP-SB06-043657157-C-T-02	ICRISAT	BI/ICRISAT	C/T
6	43671858	2	S100K-SNP-SB06-043671858-C-G	Agriplex mid density markers	Agriplex mid density markers	C/G
6	43671858	2	S100K-SNP-SB06-043671858-C-G-02	ICRISAT	BI/ICRISAT	C/G
6	43672535	2	S100K-SNP-SB06-043672535-G-C	Agriplex mid density markers	Agriplex mid density markers	G/C
6	43672535	2	S100K-SNP-SB06-043672535-G-C-02	ICRISAT	BI/ICRISAT	G/C
6	43776021	2	S100K-SNP-SB06-043776021-C-T	Agriplex mid density markers	Agriplex mid density markers	C/T
6	43776021	2	S100K-SNP-SB06-043776021-C-T-02	ICRISAT	BI/ICRISAT	C/T
6	43991698	2	S100K-SNP-SB06-043991698-A-G	Agriplex mid density markers	Agriplex mid density markers	A/G
6	43991698	2	S100K-SNP-SB06-043991698-A-G-02	ICRISAT	BI/ICRISAT	A/G
6	44050445	3	S100K-SNP-SB06-044050445-G-A	Agriplex mid density markers	Agriplex mid density markers	G/A
6	44050445	3	S100K-SNP-SB06-044050445-G-A-02	ICRISAT	BI/ICRISAT	G/A
6	44050445	3	S100K-SNP-SB06-044050445-G-A-03	Quality Control	ICRISAT/EiB	G/A
6	44076824	2	S100K-SNP-SB06-044076824-A-T	Agriplex mid density markers	Agriplex mid density markers	A/T
6	44076824	2	S100K-SNP-SB06-044076824-A-T-02	ICRISAT	BI/ICRISAT	A/T
6	44604637	2	S100K-SNP-SB06-044604637-C-T	Agriplex mid density markers	Agriplex mid density markers	C/T
6	44604637	2	S100K-SNP-SB06-044604637-C-T-02	ICRISAT	BI/ICRISAT	C/T
6	44610491	2	S100K-SNP-SB06-044610491-G-A	Agriplex mid density markers	Agriplex mid density markers	G/A
6	44610491	2	S100K-SNP-SB06-044610491-G-A-02	ICRISAT	BI/ICRISAT	G/A
6	45203134	2	S100K-SNP-SB06-045203134-A-T	Agriplex mid density markers	Agriplex mid density markers	A/T
6	45203134	2	S100K-SNP-SB06-045203134-A-T-02	ICRISAT	BI/ICRISAT	A/T
6	45215330	2	S100K-SNP-SB06-045215330-C-T	Agriplex mid density markers	Agriplex mid density markers	C/T
6	45215330	2	S100K-SNP-SB06-045215330-C-T-02	ICRISAT	BI/ICRISAT	C/T
6	45484367	2	S100K-SNP-SB06-045484367-A-G	Agriplex mid density markers	Agriplex mid density markers	A/G
6	45484367	2	S100K-SNP-SB06-045484367-A-G-02	ICRISAT	BI/ICRISAT	A/G
6	45491360	2	S100K-SNP-SB06-045491360-A-C	Agriplex mid density markers	Agriplex mid density markers	A/C
6	45491360	2	S100K-SNP-SB06-045491360-A-C-02	ICRISAT	BI/ICRISAT	A/C
6	45670817	2	S100K-SNP-SB06-045670817-C-G	Agriplex mid density markers	Agriplex mid density markers	C/G
6	45670817	2	S100K-SNP-SB06-045670817-C-G-02	ICRISAT	BI/ICRISAT	C/G
6	45675310	2	S100K-SNP-SB06-045675310-C-T	Agriplex mid density markers	Agriplex mid density markers	C/T
6	45675310	2	S100K-SNP-SB06-045675310-C-T-02	ICRISAT	BI/ICRISAT	C/T
6	45715649	2	S100K-SNP-SB06-045715649-T-C	Agriplex mid density markers	Agriplex mid density markers	T/C
6	45715649	2	S100K-SNP-SB06-045715649-T-C-02	ICRISAT	BI/ICRISAT	T/C
6	45810611	2	S100K-SNP-SB06-045810611-C-T	Agriplex mid density markers	Agriplex mid density markers	C/T
6	45810611	2	S100K-SNP-SB06-045810611-C-T-02	ICRISAT	BI/ICRISAT	C/T
6	46045129	2	S100K-SNP-SB06-046045129-G-A	Agriplex mid density markers	Agriplex mid density markers	G/A
6	46045129	2	S100K-SNP-SB06-046045129-G-A-02	ICRISAT	BI/ICRISAT	G/A
6	46064034	2	S100K-SNP-SB06-046064034-A-T	Agriplex mid density markers	Agriplex mid density markers	A/T
6	46064034	2	S100K-SNP-SB06-046064034-A-T-02	ICRISAT	BI/ICRISAT	A/T
6	46071845	2	S100K-SNP-SB06-046071845-C-T	Agriplex mid density markers	Agriplex mid density markers	C/T
6	46071845	2	S100K-SNP-SB06-046071845-C-T-02	ICRISAT	BI/ICRISAT	C/T
6	46128631	2	S100K-SNP-SB06-046128631-C-G	Agriplex mid density markers	Agriplex mid density markers	C/G
6	46128631	2	S100K-SNP-SB06-046128631-C-G-02	ICRISAT	BI/ICRISAT	C/G
6	46381381	2	S100K-SNP-SB06-046381381-G-C	Agriplex mid density markers	Agriplex mid density markers	G/C
6	46381381	2	S100K-SNP-SB06-046381381-G-C-02	ICRISAT	BI/ICRISAT	G/C
6	46386473	2	S100K-SNP-SB06-046386473-T-C	Agriplex mid density markers	Agriplex mid density markers	T/C
6	46386473	2	S100K-SNP-SB06-046386473-T-C-02	ICRISAT	BI/ICRISAT	T/C
6	46493884	2	S100K-SNP-SB06-046493884-C-G	Agriplex mid density markers	Agriplex mid density markers	C/G
6	46493884	2	S100K-SNP-SB06-046493884-C-G-02	ICRISAT	BI/ICRISAT	C/G
6	46545495	2	S100K-SNP-SB06-046545495-T-C	Agriplex mid density markers	Agriplex mid density markers	T/C
6	46545495	2	S100K-SNP-SB06-046545495-T-C-02	ICRISAT	BI/ICRISAT	T/C
6	46735281	2	S100K-SNP-SB06-046735281-G-C	Agriplex mid density markers	Agriplex mid density markers	G/C
6	46735281	2	S100K-SNP-SB06-046735281-G-C-02	ICRISAT	BI/ICRISAT	G/C
6	47055810	2	S100K-SNP-SB06-047055810-C-T	Agriplex mid density markers	Agriplex mid density markers	C/T
6	47055810	2	S100K-SNP-SB06-047055810-C-T-02	ICRISAT	BI/ICRISAT	C/T
6	4707249	2	S100K-SNP-SB06-004707249-A-G	Agriplex mid density markers	Agriplex mid density markers	A/G
6	4707249	2	S100K-SNP-SB06-004707249-A-G-02	ICRISAT	BI/ICRISAT	A/G
6	47101054	2	S100K-SNP-SB06-047101054-T-A	Agriplex mid density markers	Agriplex mid density markers	T/A
6	47101054	2	S100K-SNP-SB06-047101054-T-A-02	ICRISAT	BI/ICRISAT	T/A
6	47104819	2	S100K-SNP-SB06-047104819-C-A	Agriplex mid density markers	Agriplex mid density markers	C/A
6	47104819	2	S100K-SNP-SB06-047104819-C-A-02	ICRISAT	BI/ICRISAT	C/A
6	47114408	2	S100K-SNP-SB06-047114408-G-C	Agriplex mid density markers	Agriplex mid density markers	G/C
6	47114408	2	S100K-SNP-SB06-047114408-G-C-02	ICRISAT	BI/ICRISAT	G/C
6	47179645	2	S100K-SNP-SB06-047179645-T-A	Agriplex mid density markers	Agriplex mid density markers	T/A
6	47179645	2	S100K-SNP-SB06-047179645-T-A-02	ICRISAT	BI/ICRISAT	T/A
6	47235150	2	S100K-SNP-SB06-047235150-C-A	Agriplex mid density markers	Agriplex mid density markers	C/A
6	47235150	2	S100K-SNP-SB06-047235150-C-A-02	ICRISAT	BI/ICRISAT	C/A
6	47315279	2	S100K-SNP-SB06-047315279-A-G	Agriplex mid density markers	Agriplex mid density markers	A/G
6	47315279	2	S100K-SNP-SB06-047315279-A-G-02	ICRISAT	BI/ICRISAT	A/G
6	47419484	2	S100K-SNP-SB06-047419484-G-A	Agriplex mid density markers	Agriplex mid density markers	G/A
6	47419484	2	S100K-SNP-SB06-047419484-G-A-02	ICRISAT	BI/ICRISAT	G/A
6	47420268	2	S100K-SNP-SB06-047420268-G-A	Agriplex mid density markers	Agriplex mid density markers	G/A
6	47420268	2	S100K-SNP-SB06-047420268-G-A-02	ICRISAT	BI/ICRISAT	G/A
6	47443837	2	S100K-SNP-SB06-047443837-A-T	Agriplex mid density markers	Agriplex mid density markers	A/T
6	47443837	2	S100K-SNP-SB06-047443837-A-T-02	ICRISAT	BI/ICRISAT	A/T
6	47468021	2	S100K-SNP-SB06-047468021-C-T	Agriplex mid density markers	Agriplex mid density markers	C/T
6	47468021	2	S100K-SNP-SB06-047468021-C-T-02	ICRISAT	BI/ICRISAT	C/T
6	47539333	2	S100K-SNP-SB06-047539333-G-T	Agriplex mid density markers	Agriplex mid density markers	G/T
6	47539333	2	S100K-SNP-SB06-047539333-G-T-02	ICRISAT	BI/ICRISAT	G/T
6	47562464	2	S100K-SNP-SB06-047562464-C-T	Agriplex mid density markers	Agriplex mid density markers	C/T
6	47562464	2	S100K-SNP-SB06-047562464-C-T-02	ICRISAT	BI/ICRISAT	C/T
6	47572337	2	S100K-SNP-SB06-047572337-C-G	Agriplex mid density markers	Agriplex mid density markers	C/G
6	47572337	2	S100K-SNP-SB06-047572337-C-G-02	ICRISAT	BI/ICRISAT	C/G
6	47601938	2	S100K-SNP-SB06-047601938-G-A	Agriplex mid density markers	Agriplex mid density markers	G/A
6	47601938	2	S100K-SNP-SB06-047601938-G-A-02	ICRISAT	BI/ICRISAT	G/A
6	47644622	2	S100K-SNP-SB06-047644622-T-G	Agriplex mid density markers	Agriplex mid density markers	T/G
6	47644622	2	S100K-SNP-SB06-047644622-T-G-02	ICRISAT	BI/ICRISAT	T/G
6	47672893	2	S100K-SNP-SB06-047672893-G-C	Agriplex mid density markers	Agriplex mid density markers	G/C
6	47672893	2	S100K-SNP-SB06-047672893-G-C-02	ICRISAT	BI/ICRISAT	G/C
6	47674369	2	S100K-SNP-SB06-047674369-G-A	Agriplex mid density markers	Agriplex mid density markers	G/A
6	47674369	2	S100K-SNP-SB06-047674369-G-A-02	ICRISAT	BI/ICRISAT	G/A
6	47677252	2	S100K-SNP-SB06-047677252-A-G	Agriplex mid density markers	Agriplex mid density markers	A/G
6	47677252	2	S100K-SNP-SB06-047677252-A-G-02	ICRISAT	BI/ICRISAT	A/G
6	47693927	2	S100K-SNP-SB06-047693927-A-C	Agriplex mid density markers	Agriplex mid density markers	A/C
6	47693927	2	S100K-SNP-SB06-047693927-A-C-02	ICRISAT	BI/ICRISAT	A/C
6	47793719	2	S100K-SNP-SB06-047793719-C-G	Agriplex mid density markers	Agriplex mid density markers	C/G
6	47793719	2	S100K-SNP-SB06-047793719-C-G-02	ICRISAT	BI/ICRISAT	C/G
6	47937092	2	S100K-SNP-SB06-047937092-A-C	Agriplex mid density markers	Agriplex mid density markers	A/C
6	47937092	2	S100K-SNP-SB06-047937092-A-C-02	ICRISAT	BI/ICRISAT	A/C
6	47959714	2	S100K-SNP-SB06-047959714-T-C	Agriplex mid density markers	Agriplex mid density markers	T/C
6	47959714	2	S100K-SNP-SB06-047959714-T-C-02	ICRISAT	BI/ICRISAT	T/C
6	47959762	2	S100K-SNP-SB06-047959762-C-G	Agriplex mid density markers	Agriplex mid density markers	C/G
6	47959762	2	S100K-SNP-SB06-047959762-C-G-02	ICRISAT	BI/ICRISAT	C/G
6	48041380	2	S100K-SNP-SB06-048041380-G-A	Agriplex mid density markers	Agriplex mid density markers	G/A
6	48041380	2	S100K-SNP-SB06-048041380-G-A-02	ICRISAT	BI/ICRISAT	G/A
6	48366168	2	S100K-SNP-SB06-048366168-T-C	Agriplex mid density markers	Agriplex mid density markers	T/C
6	48366168	2	S100K-SNP-SB06-048366168-T-C-02	ICRISAT	BI/ICRISAT	T/C
6	48402568	2	S100K-SNP-SB06-048402568-C-T	Agriplex mid density markers	Agriplex mid density markers	C/T
6	48402568	2	S100K-SNP-SB06-048402568-C-T-02	ICRISAT	BI/ICRISAT	C/T
6	48555416	2	S100K-SNP-SB06-048555416-C-T	Agriplex mid density markers	Agriplex mid density markers	C/T
6	48555416	2	S100K-SNP-SB06-048555416-C-T-02	ICRISAT	BI/ICRISAT	C/T
6	48582278	2	S100K-SNP-SB06-048582278-G-A	Agriplex mid density markers	Agriplex mid density markers	G/A
6	48582278	2	S100K-SNP-SB06-048582278-G-A-02	ICRISAT	BI/ICRISAT	G/A
6	48605625	2	S100K-SNP-SB06-048605625-C-G	Agriplex mid density markers	Agriplex mid density markers	C/G
6	48605625	2	S100K-SNP-SB06-048605625-C-G-02	ICRISAT	BI/ICRISAT	C/G
6	48609960	2	S100K-SNP-SB06-048609960-C-T	Agriplex mid density markers	Agriplex mid density markers	C/T
6	48609960	2	S100K-SNP-SB06-048609960-C-T-02	ICRISAT	BI/ICRISAT	C/T
6	48799922	2	S100K-SNP-SB06-048799922-A-G	Agriplex mid density markers	Agriplex mid density markers	A/G
6	48799922	2	S100K-SNP-SB06-048799922-A-G-02	ICRISAT	BI/ICRISAT	A/G
6	48811095	2	S100K-SNP-SB06-048811095-T-C	Agriplex mid density markers	Agriplex mid density markers	T/C
6	48811095	2	S100K-SNP-SB06-048811095-T-C-02	ICRISAT	BI/ICRISAT	T/C
6	49163626	2	S100K-SNP-SB06-049163626-G-A	Agriplex mid density markers	Agriplex mid density markers	G/A
6	49163626	2	S100K-SNP-SB06-049163626-G-A-02	ICRISAT	BI/ICRISAT	G/A
6	49170717	2	S100K-SNP-SB06-049170717-C-T	Agriplex mid density markers	Agriplex mid density markers	C/T
6	49170717	2	S100K-SNP-SB06-049170717-C-T-02	ICRISAT	BI/ICRISAT	C/T
6	49197173	2	S100K-SNP-SB06-049197173-G-A	Agriplex mid density markers	Agriplex mid density markers	G/A
6	49197173	2	S100K-SNP-SB06-049197173-G-A-02	ICRISAT	BI/ICRISAT	G/A
6	49407775	2	S100K-SNP-SB06-049407775-A-T	Agriplex mid density markers	Agriplex mid density markers	A/T
6	49407775	2	S100K-SNP-SB06-049407775-A-T-02	ICRISAT	BI/ICRISAT	A/T
6	49446667	2	S100K-SNP-SB06-049446667-G-C	Agriplex mid density markers	Agriplex mid density markers	G/C
6	49446667	2	S100K-SNP-SB06-049446667-G-C-02	ICRISAT	BI/ICRISAT	G/C
6	49451440	2	S100K-SNP-SB06-049451440-C-T	Agriplex mid density markers	Agriplex mid density markers	C/T
6	49451440	2	S100K-SNP-SB06-049451440-C-T-02	ICRISAT	BI/ICRISAT	C/T
6	49460970	2	S100K-SNP-SB06-049460970-G-A	Agriplex mid density markers	Agriplex mid density markers	G/A
6	49460970	2	S100K-SNP-SB06-049460970-G-A-02	ICRISAT	BI/ICRISAT	G/A
6	49545675	2	S100K-SNP-SB06-049545675-G-A	Agriplex mid density markers	Agriplex mid density markers	G/A
6	49545675	2	S100K-SNP-SB06-049545675-G-A-02	ICRISAT	BI/ICRISAT	G/A
6	49569979	2	S100K-SNP-SB06-049569979-C-T	Agriplex mid density markers	Agriplex mid density markers	C/T
6	49569979	2	S100K-SNP-SB06-049569979-C-T-02	ICRISAT	BI/ICRISAT	C/T
6	49616321	2	S100K-SNP-SB06-049616321-C-G	Agriplex mid density markers	Agriplex mid density markers	C/G
6	49616321	2	S100K-SNP-SB06-049616321-C-G-02	ICRISAT	BI/ICRISAT	C/G
6	49691842	2	S100K-SNP-SB06-049691842-G-C	Agriplex mid density markers	Agriplex mid density markers	G/C
6	49691842	2	S100K-SNP-SB06-049691842-G-C-02	ICRISAT	BI/ICRISAT	G/C
6	49712021	2	S100K-SNP-SB06-049712021-C-T	Agriplex mid density markers	Agriplex mid density markers	C/T
6	49712021	2	S100K-SNP-SB06-049712021-C-T-02	ICRISAT	BI/ICRISAT	C/T
6	49765295	2	S100K-SNP-SB06-049765295-G-A	Agriplex mid density markers	Agriplex mid density markers	G/A
6	49765295	2	S100K-SNP-SB06-049765295-G-A-02	ICRISAT	BI/ICRISAT	G/A
6	49841826	2	S100K-SNP-SB06-049841826-G-A	Agriplex mid density markers	Agriplex mid density markers	G/A
6	49841826	2	S100K-SNP-SB06-049841826-G-A-02	ICRISAT	BI/ICRISAT	G/A
6	50077855	2	S100K-SNP-SB06-050077855-C-A	Agriplex mid density markers	Agriplex mid density markers	C/A
6	50077855	2	S100K-SNP-SB06-050077855-C-A-02	ICRISAT	BI/ICRISAT	C/A
6	50213600	2	S100K-SNP-SB06-050213600-A-C	Agriplex mid density markers	Agriplex mid density markers	A/C
6	50213600	2	S100K-SNP-SB06-050213600-A-C-02	ICRISAT	BI/ICRISAT	A/C
6	50307500	2	S100K-SNP-SB06-050307500-G-A	Agriplex mid density markers	Agriplex mid density markers	G/A
6	50307500	2	S100K-SNP-SB06-050307500-G-A-02	ICRISAT	BI/ICRISAT	G/A
6	50391547	2	S100K-SNP-SB06-050391547-A-G	Agriplex mid density markers	Agriplex mid density markers	A/G
6	50391547	2	S100K-SNP-SB06-050391547-A-G-02	ICRISAT	BI/ICRISAT	A/G
6	50473457	2	S100K-SNP-SB06-050473457-A-G	Agriplex mid density markers	Agriplex mid density markers	A/G
6	50473457	2	S100K-SNP-SB06-050473457-A-G-02	ICRISAT	BI/ICRISAT	A/G
6	50647247	2	S100K-SNP-SB06-050647247-A-G	Agriplex mid density markers	Agriplex mid density markers	A/G
6	50647247	2	S100K-SNP-SB06-050647247-A-G-02	ICRISAT	BI/ICRISAT	A/G
6	50690547	2	S100K-SNP-SB06-050690547-G-T	Agriplex mid density markers	Agriplex mid density markers	G/T
6	50690547	2	S100K-SNP-SB06-050690547-G-T-02	ICRISAT	BI/ICRISAT	G/T
6	50704210	2	S100K-SNP-SB06-050704210-A-G	Agriplex mid density markers	Agriplex mid density markers	A/G
6	50704210	2	S100K-SNP-SB06-050704210-A-G-02	ICRISAT	BI/ICRISAT	A/G
6	50791904	2	S100K-SNP-SB06-050791904-T-C	Agriplex mid density markers	Agriplex mid density markers	T/C
6	50791904	2	S100K-SNP-SB06-050791904-T-C-02	ICRISAT	BI/ICRISAT	T/C
6	50818299	2	S100K-SNP-SB06-050818299-A-G	Agriplex mid density markers	Agriplex mid density markers	A/G
6	50818299	2	S100K-SNP-SB06-050818299-A-G-02	ICRISAT	BI/ICRISAT	A/G
6	50932807	2	S100K-SNP-SB06-050932807-A-C	Agriplex mid density markers	Agriplex mid density markers	A/C
6	50932807	2	S100K-SNP-SB06-050932807-A-C-02	ICRISAT	BI/ICRISAT	A/C
6	50944419	2	S100K-SNP-SB06-050944419-C-A	Agriplex mid density markers	Agriplex mid density markers	C/A
6	50944419	2	S100K-SNP-SB06-050944419-C-A-02	ICRISAT	BI/ICRISAT	C/A
6	51034813	2	S100K-SNP-SB06-051034813-G-A	Agriplex mid density markers	Agriplex mid density markers	G/A
6	51034813	2	S100K-SNP-SB06-051034813-G-A-02	ICRISAT	BI/ICRISAT	G/A
6	51096872	2	S100K-SNP-SB06-051096872-A-G	Agriplex mid density markers	Agriplex mid density markers	A/G
6	51096872	2	S100K-SNP-SB06-051096872-A-G-02	ICRISAT	BI/ICRISAT	A/G
6	51098542	2	S100K-SNP-SB06-051098542-T-G	Agriplex mid density markers	Agriplex mid density markers	T/G
6	51098542	2	S100K-SNP-SB06-051098542-T-G-02	ICRISAT	BI/ICRISAT	T/G
6	51177337	2	S100K-SNP-SB06-051177337-T-C	Agriplex mid density markers	Agriplex mid density markers	T/C
6	51177337	2	S100K-SNP-SB06-051177337-T-C-02	ICRISAT	BI/ICRISAT	T/C
6	51256111	2	S100K-SNP-SB06-051256111-C-T	Agriplex mid density markers	Agriplex mid density markers	C/T
6	51256111	2	S100K-SNP-SB06-051256111-C-T-02	ICRISAT	BI/ICRISAT	C/T
6	51449251	2	S100K-SNP-SB06-051449251-T-C	Agriplex mid density markers	Agriplex mid density markers	T/C
6	51449251	2	S100K-SNP-SB06-051449251-T-C-02	ICRISAT	BI/ICRISAT	T/C
6	51520792	2	S100K-SNP-SB06-051520792-T-G	Agriplex mid density markers	Agriplex mid density markers	T/G
6	51520792	2	S100K-SNP-SB06-051520792-T-G-02	ICRISAT	BI/ICRISAT	T/G
6	51538707	2	S100K-SNP-SB06-051538707-T-C	Agriplex mid density markers	Agriplex mid density markers	T/C
6	51538707	2	S100K-SNP-SB06-051538707-T-C-02	ICRISAT	BI/ICRISAT	T/C
6	51539086	2	S100K-SNP-SB06-051539086-G-A	Agriplex mid density markers	Agriplex mid density markers	G/A
6	51539086	2	S100K-SNP-SB06-051539086-G-A-02	ICRISAT	BI/ICRISAT	G/A
6	51734742	2	S100K-SNP-SB06-051734742-T-G	Agriplex mid density markers	Agriplex mid density markers	T/G
6	51734742	2	S100K-SNP-SB06-051734742-T-G-02	ICRISAT	BI/ICRISAT	T/G
6	52051667	2	S100K-SNP-SB06-052051667-G-C	Agriplex mid density markers	Agriplex mid density markers	G/C
6	52051667	2	S100K-SNP-SB06-052051667-G-C-02	ICRISAT	BI/ICRISAT	G/C
6	52285886	2	S100K-SNP-SB06-052285886-T-C	ICRISAT	BI/ICRISAT	T/C
6	52285886	2	S100K-SNP-SB06-052285886-T-C-02	Quality Control	ICRISAT/EiB	T/C
6	52515226	2	S100K-SNP-SB06-052515226-G-T	Agriplex mid density markers	Agriplex mid density markers	G/T
6	52515226	2	S100K-SNP-SB06-052515226-G-T-02	ICRISAT	BI/ICRISAT	G/T
6	52826386	2	S100K-SNP-SB06-052826386-A-G	Agriplex mid density markers	Agriplex mid density markers	A/G
6	52826386	2	S100K-SNP-SB06-052826386-A-G-02	ICRISAT	BI/ICRISAT	A/G
6	52835444	2	S100K-SNP-SB06-052835444-G-A	Agriplex mid density markers	Agriplex mid density markers	G/A
6	52835444	2	S100K-SNP-SB06-052835444-G-A-02	ICRISAT	BI/ICRISAT	G/A
6	53187340	2	S100K-SNP-SB06-053187340-A-T	Agriplex mid density markers	Agriplex mid density markers	A/T
6	53187340	2	S100K-SNP-SB06-053187340-A-T-02	ICRISAT	BI/ICRISAT	A/T
6	53399440	2	S100K-SNP-SB06-053399440-C-T	Agriplex mid density markers	Agriplex mid density markers	C/T
6	53399440	2	S100K-SNP-SB06-053399440-C-T-02	ICRISAT	BI/ICRISAT	C/T
6	53456518	2	S100K-SNP-SB06-053456518-C-T	Agriplex mid density markers	Agriplex mid density markers	C/T
6	53456518	2	S100K-SNP-SB06-053456518-C-T-02	ICRISAT	BI/ICRISAT	C/T
6	53592346	2	S100K-SNP-SB06-053592346-A-C	Agriplex mid density markers	Agriplex mid density markers	A/C
6	53592346	2	S100K-SNP-SB06-053592346-A-C-02	ICRISAT	BI/ICRISAT	A/C
6	53990048	2	S100K-SNP-SB06-053990048-C-T	Agriplex mid density markers	Agriplex mid density markers	C/T
6	53990048	2	S100K-SNP-SB06-053990048-C-T-02	ICRISAT	BI/ICRISAT	C/T
6	54193169	2	S100K-SNP-SB06-054193169-A-G	Agriplex mid density markers	Agriplex mid density markers	A/G
6	54193169	2	S100K-SNP-SB06-054193169-A-G-02	ICRISAT	BI/ICRISAT	A/G
6	54263744	2	S100K-SNP-SB06-054263744-G-T	Agriplex mid density markers	Agriplex mid density markers	G/T
6	54263744	2	S100K-SNP-SB06-054263744-G-T-02	ICRISAT	BI/ICRISAT	G/T
6	54462665	2	S100K-SNP-SB06-054462665-G-A	Agriplex mid density markers	Agriplex mid density markers	G/A
6	54462665	2	S100K-SNP-SB06-054462665-G-A-02	ICRISAT	BI/ICRISAT	G/A
6	54715540	2	S100K-SNP-SB06-054715540-G-A	Agriplex mid density markers	Agriplex mid density markers	G/A
6	54715540	2	S100K-SNP-SB06-054715540-G-A-02	ICRISAT	BI/ICRISAT	G/A
6	54718400	2	S100K-SNP-SB06-054718400-A-G	Agriplex mid density markers	Agriplex mid density markers	A/G
6	54718400	2	S100K-SNP-SB06-054718400-A-G-02	ICRISAT	BI/ICRISAT	A/G
6	55041743	2	S100K-SNP-SB06-055041743-T-A	Agriplex mid density markers	Agriplex mid density markers	T/A
6	55041743	2	S100K-SNP-SB06-055041743-T-A-02	ICRISAT	BI/ICRISAT	T/A
6	55263696	2	S100K-SNP-SB06-055263696-A-G	Agriplex mid density markers	Agriplex mid density markers	A/G
6	55263696	2	S100K-SNP-SB06-055263696-A-G-02	ICRISAT	BI/ICRISAT	A/G
6	55480761	2	S100K-SNP-SB06-055480761-G-T	Agriplex mid density markers	Agriplex mid density markers	G/T
6	55480761	2	S100K-SNP-SB06-055480761-G-T-02	ICRISAT	BI/ICRISAT	G/T
6	55698548	2	S100K-SNP-SB06-055698548-A-G	Agriplex mid density markers	Agriplex mid density markers	A/G
6	55698548	2	S100K-SNP-SB06-055698548-A-G-02	ICRISAT	BI/ICRISAT	A/G
6	5573833	2	S100K-SNP-SB06-005573833-G-A	Agriplex mid density markers	Agriplex mid density markers	G/A
6	5573833	2	S100K-SNP-SB06-005573833-G-A-02	ICRISAT	BI/ICRISAT	G/A
6	55815377	2	S100K-SNP-SB06-055815377-C-T	Agriplex mid density markers	Agriplex mid density markers	C/T
6	55815377	2	S100K-SNP-SB06-055815377-C-T-02	ICRISAT	BI/ICRISAT	C/T
6	55870408	2	S100K-SNP-SB06-055870408-T-C	Agriplex mid density markers	Agriplex mid density markers	T/C
6	55870408	2	S100K-SNP-SB06-055870408-T-C-02	ICRISAT	BI/ICRISAT	T/C
6	56193976	3	S100K-SNP-SB06-056193976-A-G	Agriplex mid density markers	Agriplex mid density markers	A/G
6	56193976	3	S100K-SNP-SB06-056193976-A-G-02	ICRISAT	BI/ICRISAT	A/G
6	56193976	3	S100K-SNP-SB06-056193976-G-A	Quality Control	ICRISAT/EiB	G/A
6	56335798	2	S100K-SNP-SB06-056335798-C-T	Agriplex mid density markers	Agriplex mid density markers	C/T
6	56335798	2	S100K-SNP-SB06-056335798-C-T-02	ICRISAT	BI/ICRISAT	C/T
6	56654425	2	S100K-SNP-SB06-056654425-C-T	Agriplex mid density markers	Agriplex mid density markers	C/T
6	56654425	2	S100K-SNP-SB06-056654425-C-T-02	ICRISAT	BI/ICRISAT	C/T
6	56759309	2	S100K-SNP-SB06-056759309-G-A	Agriplex mid density markers	Agriplex mid density markers	G/A
6	56759309	2	S100K-SNP-SB06-056759309-G-A-02	ICRISAT	BI/ICRISAT	G/A
6	56896888	2	S100K-SNP-SB06-056896888-G-T	Agriplex mid density markers	Agriplex mid density markers	G/T
6	56896888	2	S100K-SNP-SB06-056896888-G-T-02	ICRISAT	BI/ICRISAT	G/T
6	57074740	2	S100K-SNP-SB06-057074740-C-A	Agriplex mid density markers	Agriplex mid density markers	C/A
6	57074740	2	S100K-SNP-SB06-057074740-C-A-02	ICRISAT	BI/ICRISAT	C/A
6	57265137	2	S100K-SNP-SB06-057265137-C-T	Agriplex mid density markers	Agriplex mid density markers	C/T
6	57265137	2	S100K-SNP-SB06-057265137-C-T-02	ICRISAT	BI/ICRISAT	C/T
6	57643404	2	S100K-SNP-SB06-057643404-A-G	Agriplex mid density markers	Agriplex mid density markers	A/G
6	57643404	2	S100K-SNP-SB06-057643404-A-G-02	ICRISAT	BI/ICRISAT	A/G
6	5765055	2	S100K-SNP-SB06-005765055-A-C	Agriplex mid density markers	Agriplex mid density markers	A/C
6	5765055	2	S100K-SNP-SB06-005765055-A-C-02	ICRISAT	BI/ICRISAT	A/C
6	57816533	2	S100K-SNP-SB06-057816533-C-G	Agriplex mid density markers	Agriplex mid density markers	C/G
6	57816533	2	S100K-SNP-SB06-057816533-C-G-02	ICRISAT	BI/ICRISAT	C/G
6	57987100	2	S100K-SNP-SB06-057987100-G-C	Agriplex mid density markers	Agriplex mid density markers	G/C
6	57987100	2	S100K-SNP-SB06-057987100-G-C-02	ICRISAT	BI/ICRISAT	G/C
6	58115768	2	S100K-SNP-SB06-058115768-A-C	Agriplex mid density markers	Agriplex mid density markers	A/C
6	58115768	2	S100K-SNP-SB06-058115768-A-C-02	ICRISAT	BI/ICRISAT	A/C
6	58508740	2	S100K-SNP-SB06-058508740-T-G	Agriplex mid density markers	Agriplex mid density markers	T/G
6	58508740	2	S100K-SNP-SB06-058508740-T-G-02	ICRISAT	BI/ICRISAT	T/G
6	58602944	2	S100K-SNP-SB06-058602944-T-C	Agriplex mid density markers	Agriplex mid density markers	T/C
6	58602944	2	S100K-SNP-SB06-058602944-T-C-02	ICRISAT	BI/ICRISAT	T/C
6	58761978	2	S100K-SNP-SB06-058761978-C-G	Agriplex mid density markers	Agriplex mid density markers	C/G
6	58761978	2	S100K-SNP-SB06-058761978-C-G-02	ICRISAT	BI/ICRISAT	C/G
6	58913126	2	S100K-SNP-SB06-058913126-T-C	Agriplex mid density markers	Agriplex mid density markers	T/C
6	58913126	2	S100K-SNP-SB06-058913126-T-C-02	ICRISAT	BI/ICRISAT	T/C
6	59030350	2	S100K-SNP-SB06-059030350-C-A	Agriplex mid density markers	Agriplex mid density markers	C/A
6	59030350	2	S100K-SNP-SB06-059030350-C-A-02	ICRISAT	BI/ICRISAT	C/A
6	59264648	2	S100K-SNP-SB06-059264648-A-G	Agriplex mid density markers	Agriplex mid density markers	A/G
6	59264648	2	S100K-SNP-SB06-059264648-A-G-02	ICRISAT	BI/ICRISAT	A/G
6	59456620	2	S100K-SNP-SB06-059456620-A-T	Agriplex mid density markers	Agriplex mid density markers	A/T
6	59456620	2	S100K-SNP-SB06-059456620-A-T-02	ICRISAT	BI/ICRISAT	A/T
6	59592835	2	S100K-SNP-SB06-059592835-C-G	Agriplex mid density markers	Agriplex mid density markers	C/G
6	59592835	2	S100K-SNP-SB06-059592835-C-G-02	ICRISAT	BI/ICRISAT	C/G
6	5959735	2	S100K-SNP-SB06-005959735-G-T	Agriplex mid density markers	Agriplex mid density markers	G/T
6	5959735	2	S100K-SNP-SB06-005959735-G-T-02	ICRISAT	BI/ICRISAT	G/T
6	59705847	2	S100K-SNP-SB06-059705847-C-G	Agriplex mid density markers	Agriplex mid density markers	C/G
6	59705847	2	S100K-SNP-SB06-059705847-C-G-02	ICRISAT	BI/ICRISAT	C/G
6	59971769	2	S100K-SNP-SB06-059971769-G-C	Agriplex mid density markers	Agriplex mid density markers	G/C
6	59971769	2	S100K-SNP-SB06-059971769-G-C-02	ICRISAT	BI/ICRISAT	G/C
6	60051100	2	S100K-SNP-SB06-060051100-T-G	Agriplex mid density markers	Agriplex mid density markers	T/G
6	60051100	2	S100K-SNP-SB06-060051100-T-G-02	ICRISAT	BI/ICRISAT	T/G
6	60086312	2	S100K-SNP-SB06-060086312-A-C	Agriplex mid density markers	Agriplex mid density markers	A/C
6	60086312	2	S100K-SNP-SB06-060086312-A-C-02	ICRISAT	BI/ICRISAT	A/C
6	60104480	2	S100K-SNP-SB06-060104480-A-C	Agriplex mid density markers	Agriplex mid density markers	A/C
6	60104480	2	S100K-SNP-SB06-060104480-A-C-02	ICRISAT	BI/ICRISAT	A/C
6	60125869	2	S100K-SNP-SB06-060125869-G-A	Agriplex mid density markers	Agriplex mid density markers	G/A
6	60125869	2	S100K-SNP-SB06-060125869-G-A-02	ICRISAT	BI/ICRISAT	G/A
6	60349036	2	S100K-SNP-SB06-060349036-C-G	Agriplex mid density markers	Agriplex mid density markers	C/G
6	60349036	2	S100K-SNP-SB06-060349036-C-G-02	ICRISAT	BI/ICRISAT	C/G
6	60398529	2	S100K-SNP-SB06-060398529-T-G	Agriplex mid density markers	Agriplex mid density markers	T/G
6	60398529	2	S100K-SNP-SB06-060398529-T-G-02	ICRISAT	BI/ICRISAT	T/G
6	60441494	2	S100K-SNP-SB06-060441494-T-G	Agriplex mid density markers	Agriplex mid density markers	T/G
6	60441494	2	S100K-SNP-SB06-060441494-T-G-02	ICRISAT	BI/ICRISAT	T/G
6	60532241	2	S100K-SNP-SB06-060532241-G-A	Agriplex mid density markers	Agriplex mid density markers	G/A
6	60532241	2	S100K-SNP-SB06-060532241-G-A-02	ICRISAT	BI/ICRISAT	G/A
6	60560878	2	S100K-SNP-SB06-060560878-T-G	Agriplex mid density markers	Agriplex mid density markers	T/G
6	60560878	2	S100K-SNP-SB06-060560878-T-G-02	ICRISAT	BI/ICRISAT	T/G
6	60726944	2	S100K-SNP-SB06-060726944-G-A	Agriplex mid density markers	Agriplex mid density markers	G/A
6	60726944	2	S100K-SNP-SB06-060726944-G-A-02	ICRISAT	BI/ICRISAT	G/A
6	60847862	2	S100K-SNP-SB06-060847862-C-G	Agriplex mid density markers	Agriplex mid density markers	C/G
6	60847862	2	S100K-SNP-SB06-060847862-C-G-02	ICRISAT	BI/ICRISAT	C/G
6	61062942	2	S100K-SNP-SB06-061062942-T-C	Agriplex mid density markers	Agriplex mid density markers	T/C
6	61062942	2	S100K-SNP-SB06-061062942-T-C-02	ICRISAT	BI/ICRISAT	T/C
6	61073629	2	S100K-SNP-SB06-061073629-G-T	Agriplex mid density markers	Agriplex mid density markers	G/T
6	61073629	2	S100K-SNP-SB06-061073629-G-T-02	ICRISAT	BI/ICRISAT	G/T
6	6110410	2	S100K-SNP-SB06-006110410-T-C	Agriplex mid density markers	Agriplex mid density markers	T/C
6	6110410	2	S100K-SNP-SB06-006110410-T-C-02	ICRISAT	BI/ICRISAT	T/C
6	61250660	2	S100K-SNP-SB06-061250660-T-C	Agriplex mid density markers	Agriplex mid density markers	T/C
6	61250660	2	S100K-SNP-SB06-061250660-T-C-02	ICRISAT	BI/ICRISAT	T/C
6	632992	2	S100K-SNP-SB06-000632992-T-C	Agriplex mid density markers	Agriplex mid density markers	T/C
6	632992	2	S100K-SNP-SB06-000632992-T-C-02	ICRISAT	BI/ICRISAT	T/C
6	6401507	2	S100K-SNP-SB06-006401507-A-G	Agriplex mid density markers	Agriplex mid density markers	A/G
6	6401507	2	S100K-SNP-SB06-006401507-A-G-02	ICRISAT	BI/ICRISAT	A/G
6	6450331	2	S100K-SNP-SB06-006450331-G-A	Agriplex mid density markers	Agriplex mid density markers	G/A
6	6450331	2	S100K-SNP-SB06-006450331-G-A-02	ICRISAT	BI/ICRISAT	G/A
6	6594827	2	S100K-SNP-SB06-006594827-A-G	Agriplex mid density markers	Agriplex mid density markers	A/G
6	6594827	2	S100K-SNP-SB06-006594827-A-G-02	ICRISAT	BI/ICRISAT	A/G
6	6738864	2	S100K-SNP-SB06-006738864-C-A	Agriplex mid density markers	Agriplex mid density markers	C/A
6	6738864	2	S100K-SNP-SB06-006738864-C-A-02	ICRISAT	BI/ICRISAT	C/A
6	7765103	2	S100K-SNP-SB06-007765103-C-T	Agriplex mid density markers	Agriplex mid density markers	C/T
6	7765103	2	S100K-SNP-SB06-007765103-C-T-02	ICRISAT	BI/ICRISAT	C/T
6	9536906	2	S100K-SNP-SB06-009536906-G-C	Agriplex mid density markers	Agriplex mid density markers	G/C
6	9536906	2	S100K-SNP-SB06-009536906-G-C-02	ICRISAT	BI/ICRISAT	G/C
7	10065673	2	S100K-SNP-SB07-010065673-A-T	Agriplex mid density markers	Agriplex mid density markers	A/T
7	10065673	2	S100K-SNP-SB07-010065673-A-T-02	ICRISAT	BI/ICRISAT	A/T
7	10287100	2	S100K-SNP-SB07-010287100-A-G	Agriplex mid density markers	Agriplex mid density markers	A/G
7	10287100	2	S100K-SNP-SB07-010287100-A-G-02	ICRISAT	BI/ICRISAT	A/G
7	10885094	2	S100K-SNP-SB07-010885094-C-G	Agriplex mid density markers	Agriplex mid density markers	C/G
7	10885094	2	S100K-SNP-SB07-010885094-C-G-02	ICRISAT	BI/ICRISAT	C/G
7	11866233	2	S100K-SNP-SB07-011866233-G-A	Agriplex mid density markers	Agriplex mid density markers	G/A
7	11866233	2	S100K-SNP-SB07-011866233-G-A-02	ICRISAT	BI/ICRISAT	G/A
7	12011818	2	S100K-SNP-SB07-012011818-A-G	Agriplex mid density markers	Agriplex mid density markers	A/G
7	12011818	2	S100K-SNP-SB07-012011818-A-G-02	ICRISAT	BI/ICRISAT	A/G
7	12015926	2	S100K-SNP-SB07-012015926-C-G	Agriplex mid density markers	Agriplex mid density markers	C/G
7	12015926	2	S100K-SNP-SB07-012015926-C-G-02	ICRISAT	BI/ICRISAT	C/G
7	12049713	2	S100K-SNP-SB07-012049713-G-A	Agriplex mid density markers	Agriplex mid density markers	G/A
7	12049713	2	S100K-SNP-SB07-012049713-G-A-02	ICRISAT	BI/ICRISAT	G/A
7	13257987	2	S100K-SNP-SB07-013257987-G-A	Agriplex mid density markers	Agriplex mid density markers	G/A
7	13257987	2	S100K-SNP-SB07-013257987-G-A-02	ICRISAT	BI/ICRISAT	G/A
7	13913109	2	S100K-SNP-SB07-013913109-T-A	Agriplex mid density markers	Agriplex mid density markers	T/A
7	13913109	2	S100K-SNP-SB07-013913109-T-A-02	ICRISAT	BI/ICRISAT	T/A
7	14021752	2	S100K-SNP-SB07-014021752-T-A	Agriplex mid density markers	Agriplex mid density markers	T/A
7	14021752	2	S100K-SNP-SB07-014021752-T-A-02	ICRISAT	BI/ICRISAT	T/A
7	14135566	2	S100K-SNP-SB07-014135566-T-A	Agriplex mid density markers	Agriplex mid density markers	T/A
7	14135566	2	S100K-SNP-SB07-014135566-T-A-02	ICRISAT	BI/ICRISAT	T/A
7	14397195	2	S100K-SNP-SB07-014397195-A-G	Agriplex mid density markers	Agriplex mid density markers	A/G
7	14397195	2	S100K-SNP-SB07-014397195-A-G-02	ICRISAT	BI/ICRISAT	A/G
7	147787	2	S100K-SNP-SB07-000147787-C-T	Agriplex mid density markers	Agriplex mid density markers	C/T
7	147787	2	S100K-SNP-SB07-000147787-C-T-02	ICRISAT	BI/ICRISAT	C/T
7	15404555	2	S100K-SNP-SB07-015404555-C-G	Agriplex mid density markers	Agriplex mid density markers	C/G
7	15404555	2	S100K-SNP-SB07-015404555-C-G-02	ICRISAT	BI/ICRISAT	C/G
7	15545781	2	S100K-SNP-SB07-015545781-G-A	Agriplex mid density markers	Agriplex mid density markers	G/A
7	15545781	2	S100K-SNP-SB07-015545781-G-A-02	ICRISAT	BI/ICRISAT	G/A
7	15926392	2	S100K-SNP-SB07-015926392-T-C	Agriplex mid density markers	Agriplex mid density markers	T/C
7	15926392	2	S100K-SNP-SB07-015926392-T-C-02	ICRISAT	BI/ICRISAT	T/C
7	164687	2	S100K-SNP-SB07-000164687-C-T	Agriplex mid density markers	Agriplex mid density markers	C/T
7	164687	2	S100K-SNP-SB07-000164687-C-T-02	ICRISAT	BI/ICRISAT	C/T
7	17092963	2	S100K-SNP-SB07-017092963-T-C	Agriplex mid density markers	Agriplex mid density markers	T/C
7	17092963	2	S100K-SNP-SB07-017092963-T-C-02	ICRISAT	BI/ICRISAT	T/C
7	1799521	2	S100K-SNP-SB07-001799521-A-C	ICRISAT	BI/ICRISAT	A/C
7	1799521	2	S100K-SNP-SB07-001799521-A-C-02	Fertility restoration gene	ICRISAT/EiB	A/C
7	1838966	2	S100K-SNP-SB07-001838966-A-T	Agriplex mid density markers	Agriplex mid density markers	A/T
7	1838966	2	S100K-SNP-SB07-001838966-A-T-02	ICRISAT	BI/ICRISAT	A/T
7	2065778	2	S100K-SNP-SB07-002065778-C-T	Agriplex mid density markers	Agriplex mid density markers	C/T
7	2065778	2	S100K-SNP-SB07-002065778-C-T-02	ICRISAT	BI/ICRISAT	C/T
7	2113119	2	S100K-SNP-SB07-002113119-C-A	Agriplex mid density markers	Agriplex mid density markers	C/A
7	2113119	2	S100K-SNP-SB07-002113119-C-A-02	ICRISAT	BI/ICRISAT	C/A
7	23337292	2	S100K-SNP-SB07-023337292-T-C	Agriplex mid density markers	Agriplex mid density markers	T/C
7	23337292	2	S100K-SNP-SB07-023337292-T-C-02	ICRISAT	BI/ICRISAT	T/C
7	2354537	2	S100K-SNP-SB07-002354537-C-T	Agriplex mid density markers	Agriplex mid density markers	C/T
7	2354537	2	S100K-SNP-SB07-002354537-C-T-02	ICRISAT	BI/ICRISAT	C/T
7	2468906	2	S100K-SNP-SB07-002468906-T-C	Agriplex mid density markers	Agriplex mid density markers	T/C
7	2468906	2	S100K-SNP-SB07-002468906-T-C-02	ICRISAT	BI/ICRISAT	T/C
7	2509153	2	S100K-SNP-SB07-002509153-A-G	Agriplex mid density markers	Agriplex mid density markers	A/G
7	2509153	2	S100K-SNP-SB07-002509153-A-G-02	ICRISAT	BI/ICRISAT	A/G
7	254017	2	S100K-SNP-SB07-000254017-A-G	Agriplex mid density markers	Agriplex mid density markers	A/G
7	254017	2	S100K-SNP-SB07-000254017-A-G-02	ICRISAT	BI/ICRISAT	A/G
7	2543093	2	S100K-SNP-SB07-002543093-G-A	Agriplex mid density markers	Agriplex mid density markers	G/A
7	2543093	2	S100K-SNP-SB07-002543093-G-A-02	ICRISAT	BI/ICRISAT	G/A
7	2543271	2	S100K-SNP-SB07-002543271-T-C	Agriplex mid density markers	Agriplex mid density markers	T/C
7	2543271	2	S100K-SNP-SB07-002543271-T-C-02	ICRISAT	BI/ICRISAT	T/C
7	2554349	2	S100K-SNP-SB07-002554349-C-T	Agriplex mid density markers	Agriplex mid density markers	C/T
7	2554349	2	S100K-SNP-SB07-002554349-C-T-02	ICRISAT	BI/ICRISAT	C/T
7	2748578	2	S100K-SNP-SB07-002748578-T-C	Agriplex mid density markers	Agriplex mid density markers	T/C
7	2748578	2	S100K-SNP-SB07-002748578-T-C-02	ICRISAT	BI/ICRISAT	T/C
7	2771499	2	S100K-SNP-SB07-002771499-C-T	Agriplex mid density markers	Agriplex mid density markers	C/T
7	2771499	2	S100K-SNP-SB07-002771499-C-T-02	ICRISAT	BI/ICRISAT	C/T
7	2774881	2	S100K-SNP-SB07-002774881-T-A	Agriplex mid density markers	Agriplex mid density markers	T/A
7	2774881	2	S100K-SNP-SB07-002774881-T-A-02	ICRISAT	BI/ICRISAT	T/A
7	2907701	2	S100K-SNP-SB07-002907701-A-G	Agriplex mid density markers	Agriplex mid density markers	A/G
7	2907701	2	S100K-SNP-SB07-002907701-A-G-02	ICRISAT	BI/ICRISAT	A/G
7	2922655	2	S100K-SNP-SB07-002922655-C-A	Agriplex mid density markers	Agriplex mid density markers	C/A
7	2922655	2	S100K-SNP-SB07-002922655-C-A-02	ICRISAT	BI/ICRISAT	C/A
7	3016449	2	S100K-SNP-SB07-003016449-G-A	Agriplex mid density markers	Agriplex mid density markers	G/A
7	3016449	2	S100K-SNP-SB07-003016449-G-A-02	ICRISAT	BI/ICRISAT	G/A
7	3195842	2	S100K-SNP-SB07-003195842-C-G	Agriplex mid density markers	Agriplex mid density markers	C/G
7	3195842	2	S100K-SNP-SB07-003195842-C-G-02	ICRISAT	BI/ICRISAT	C/G
7	326599	2	S100K-SNP-SB07-000326599-A-G	Agriplex mid density markers	Agriplex mid density markers	A/G
7	326599	2	S100K-SNP-SB07-000326599-A-G-02	ICRISAT	BI/ICRISAT	A/G
7	3451743	2	S100K-SNP-SB07-003451743-T-G	Agriplex mid density markers	Agriplex mid density markers	T/G
7	3451743	2	S100K-SNP-SB07-003451743-T-G-02	ICRISAT	BI/ICRISAT	T/G
7	3487314	2	S100K-SNP-SB07-003487314-C-T	Agriplex mid density markers	Agriplex mid density markers	C/T
7	3487314	2	S100K-SNP-SB07-003487314-C-T-02	ICRISAT	BI/ICRISAT	C/T
7	3541178	2	S100K-SNP-SB07-003541178-T-A	Agriplex mid density markers	Agriplex mid density markers	T/A
7	3541178	2	S100K-SNP-SB07-003541178-T-A-02	ICRISAT	BI/ICRISAT	T/A
7	3637517	2	S100K-SNP-SB07-003637517-G-A	Agriplex mid density markers	Agriplex mid density markers	G/A
7	3637517	2	S100K-SNP-SB07-003637517-G-A-02	ICRISAT	BI/ICRISAT	G/A
7	3698780	2	S100K-SNP-SB07-003698780-G-C	Agriplex mid density markers	Agriplex mid density markers	G/C
7	3698780	2	S100K-SNP-SB07-003698780-G-C-02	ICRISAT	BI/ICRISAT	G/C
7	38852322	2	S100K-SNP-SB07-038852322-T-C	Agriplex mid density markers	Agriplex mid density markers	T/C
7	38852322	2	S100K-SNP-SB07-038852322-T-C-02	ICRISAT	BI/ICRISAT	T/C
7	39076729	2	S100K-SNP-SB07-039076729-T-G	Agriplex mid density markers	Agriplex mid density markers	T/G
7	39076729	2	S100K-SNP-SB07-039076729-T-G-02	ICRISAT	BI/ICRISAT	T/G
7	39089736	2	S100K-SNP-SB07-039089736-G-C	Agriplex mid density markers	Agriplex mid density markers	G/C
7	39089736	2	S100K-SNP-SB07-039089736-G-C-02	ICRISAT	BI/ICRISAT	G/C
7	39095683	2	S100K-SNP-SB07-039095683-C-T	Agriplex mid density markers	Agriplex mid density markers	C/T
7	39095683	2	S100K-SNP-SB07-039095683-C-T-02	ICRISAT	BI/ICRISAT	C/T
7	39914624	2	S100K-SNP-SB07-039914624-C-A	Agriplex mid density markers	Agriplex mid density markers	C/A
7	39914624	2	S100K-SNP-SB07-039914624-C-A-02	ICRISAT	BI/ICRISAT	C/A
7	4014254	2	S100K-SNP-SB07-004014254-G-T	Agriplex mid density markers	Agriplex mid density markers	G/T
7	4014254	2	S100K-SNP-SB07-004014254-G-T-02	ICRISAT	BI/ICRISAT	G/T
7	4015206	2	S100K-SNP-SB07-004015206-A-G	Agriplex mid density markers	Agriplex mid density markers	A/G
7	4015206	2	S100K-SNP-SB07-004015206-A-G-02	ICRISAT	BI/ICRISAT	A/G
7	41050515	2	S100K-SNP-SB07-041050515-C-T	Agriplex mid density markers	Agriplex mid density markers	C/T
7	41050515	2	S100K-SNP-SB07-041050515-C-T-02	ICRISAT	BI/ICRISAT	C/T
7	42752212	2	S100K-SNP-SB07-042752212-T-C	Agriplex mid density markers	Agriplex mid density markers	T/C
7	42752212	2	S100K-SNP-SB07-042752212-T-C-02	ICRISAT	BI/ICRISAT	T/C
7	4684475	2	S100K-SNP-SB07-004684475-A-G	Agriplex mid density markers	Agriplex mid density markers	A/G
7	4684475	2	S100K-SNP-SB07-004684475-A-G-02	ICRISAT	BI/ICRISAT	A/G
7	50318042	2	S100K-SNP-SB07-050318042-T-A	Agriplex mid density markers	Agriplex mid density markers	T/A
7	50318042	2	S100K-SNP-SB07-050318042-T-A-02	ICRISAT	BI/ICRISAT	T/A
7	50460454	2	S100K-SNP-SB07-050460454-A-G	Agriplex mid density markers	Agriplex mid density markers	A/G
7	50460454	2	S100K-SNP-SB07-050460454-A-G-02	ICRISAT	BI/ICRISAT	A/G
7	5099616	2	S100K-SNP-SB07-005099616-A-G	Agriplex mid density markers	Agriplex mid density markers	A/G
7	5099616	2	S100K-SNP-SB07-005099616-A-G-02	ICRISAT	BI/ICRISAT	A/G
7	5275814	2	S100K-SNP-SB07-005275814-T-A	Agriplex mid density markers	Agriplex mid density markers	T/A
7	5275814	2	S100K-SNP-SB07-005275814-T-A-02	ICRISAT	BI/ICRISAT	T/A
7	53013212	2	S100K-SNP-SB07-053013212-T-C	Agriplex mid density markers	Agriplex mid density markers	T/C
7	53013212	2	S100K-SNP-SB07-053013212-T-C-02	ICRISAT	BI/ICRISAT	T/C
7	53155596	2	S100K-SNP-SB07-053155596-G-A	Agriplex mid density markers	Agriplex mid density markers	G/A
7	53155596	2	S100K-SNP-SB07-053155596-G-A-02	ICRISAT	BI/ICRISAT	G/A
7	53916335	2	S100K-SNP-SB07-053916335-G-T	Agriplex mid density markers	Agriplex mid density markers	G/T
7	53916335	2	S100K-SNP-SB07-053916335-G-T-02	ICRISAT	BI/ICRISAT	G/T
7	539327	2	S100K-SNP-SB07-000539327-C-A	Agriplex mid density markers	Agriplex mid density markers	C/A
7	539327	2	S100K-SNP-SB07-000539327-C-A-02	ICRISAT	BI/ICRISAT	C/A
7	53994045	2	S100K-SNP-SB07-053994045-C-G	Agriplex mid density markers	Agriplex mid density markers	C/G
7	53994045	2	S100K-SNP-SB07-053994045-C-G-02	ICRISAT	BI/ICRISAT	C/G
7	54307379	2	S100K-SNP-SB07-054307379-C-T	Agriplex mid density markers	Agriplex mid density markers	C/T
7	54307379	2	S100K-SNP-SB07-054307379-C-T-02	ICRISAT	BI/ICRISAT	C/T
7	54307590	2	S100K-SNP-SB07-054307590-G-A	Agriplex mid density markers	Agriplex mid density markers	G/A
7	54307590	2	S100K-SNP-SB07-054307590-G-A-02	ICRISAT	BI/ICRISAT	G/A
7	54506420	2	S100K-SNP-SB07-054506420-C-A	Agriplex mid density markers	Agriplex mid density markers	C/A
7	54506420	2	S100K-SNP-SB07-054506420-C-A-02	ICRISAT	BI/ICRISAT	C/A
7	54708458	2	S100K-SNP-SB07-054708458-C-T	Agriplex mid density markers	Agriplex mid density markers	C/T
7	54708458	2	S100K-SNP-SB07-054708458-C-T-02	ICRISAT	BI/ICRISAT	C/T
7	54718460	2	S100K-SNP-SB07-054718460-T-C	Agriplex mid density markers	Agriplex mid density markers	T/C
7	54718460	2	S100K-SNP-SB07-054718460-T-C-02	ICRISAT	BI/ICRISAT	T/C
7	54789016	2	S100K-SNP-SB07-054789016-C-G	Agriplex mid density markers	Agriplex mid density markers	C/G
7	54789016	2	S100K-SNP-SB07-054789016-C-G-02	ICRISAT	BI/ICRISAT	C/G
7	55566988	2	S100K-SNP-SB07-055566988-T-C	Agriplex mid density markers	Agriplex mid density markers	T/C
7	55566988	2	S100K-SNP-SB07-055566988-T-C-02	ICRISAT	BI/ICRISAT	T/C
7	56398552	2	S100K-SNP-SB07-056398552-C-T	Agriplex mid density markers	Agriplex mid density markers	C/T
7	56398552	2	S100K-SNP-SB07-056398552-C-T-02	ICRISAT	BI/ICRISAT	C/T
7	56473815	2	S100K-SNP-SB07-056473815-G-C	Agriplex mid density markers	Agriplex mid density markers	G/C
7	56473815	2	S100K-SNP-SB07-056473815-G-C-02	ICRISAT	BI/ICRISAT	G/C
7	56493308	2	S100K-SNP-SB07-056493308-A-G	Agriplex mid density markers	Agriplex mid density markers	A/G
7	56493308	2	S100K-SNP-SB07-056493308-A-G-02	ICRISAT	BI/ICRISAT	A/G
7	56568292	2	S100K-SNP-SB07-056568292-A-C	Agriplex mid density markers	Agriplex mid density markers	A/C
7	56568292	2	S100K-SNP-SB07-056568292-A-C-02	ICRISAT	BI/ICRISAT	A/C
7	56629979	2	S100K-SNP-SB07-056629979-C-T	Agriplex mid density markers	Agriplex mid density markers	C/T
7	56629979	2	S100K-SNP-SB07-056629979-C-T-02	ICRISAT	BI/ICRISAT	C/T
7	56973244	2	S100K-SNP-SB07-056973244-A-C	Agriplex mid density markers	Agriplex mid density markers	A/C
7	56973244	2	S100K-SNP-SB07-056973244-A-C-02	ICRISAT	BI/ICRISAT	A/C
7	57110137	2	S100K-SNP-SB07-057110137-G-A	Agriplex mid density markers	Agriplex mid density markers	G/A
7	57110137	2	S100K-SNP-SB07-057110137-G-A-02	ICRISAT	BI/ICRISAT	G/A
7	57216307	2	S100K-SNP-SB07-057216307-T-A	Agriplex mid density markers	Agriplex mid density markers	T/A
7	57216307	2	S100K-SNP-SB07-057216307-T-A-02	ICRISAT	BI/ICRISAT	T/A
7	57224513	2	S100K-SNP-SB07-057224513-G-T	Agriplex mid density markers	Agriplex mid density markers	G/T
7	57224513	2	S100K-SNP-SB07-057224513-G-T-02	ICRISAT	BI/ICRISAT	G/T
7	57226099	2	S100K-SNP-SB07-057226099-G-A	Agriplex mid density markers	Agriplex mid density markers	G/A
7	57226099	2	S100K-SNP-SB07-057226099-G-A-02	ICRISAT	BI/ICRISAT	G/A
7	57380586	2	S100K-SNP-SB07-057380586-G-T	Agriplex mid density markers	Agriplex mid density markers	G/T
7	57380586	2	S100K-SNP-SB07-057380586-G-T-02	ICRISAT	BI/ICRISAT	G/T
7	57679482	2	S100K-SNP-SB07-057679482-G-A	Agriplex mid density markers	Agriplex mid density markers	G/A
7	57679482	2	S100K-SNP-SB07-057679482-G-A-02	ICRISAT	BI/ICRISAT	G/A
7	57819725	2	S100K-SNP-SB07-057819725-G-A	Agriplex mid density markers	Agriplex mid density markers	G/A
7	57819725	2	S100K-SNP-SB07-057819725-G-A-02	ICRISAT	BI/ICRISAT	G/A
7	58155181	2	S100K-SNP-SB07-058155181-T-C	Agriplex mid density markers	Agriplex mid density markers	T/C
7	58155181	2	S100K-SNP-SB07-058155181-T-C-02	ICRISAT	BI/ICRISAT	T/C
7	58325570	2	S100K-SNP-SB07-058325570-T-C	Agriplex mid density markers	Agriplex mid density markers	T/C
7	58325570	2	S100K-SNP-SB07-058325570-T-C-02	ICRISAT	BI/ICRISAT	T/C
7	58580597	2	S100K-SNP-SB07-058580597-G-T	Agriplex mid density markers	Agriplex mid density markers	G/T
7	58580597	2	S100K-SNP-SB07-058580597-G-T-02	ICRISAT	BI/ICRISAT	G/T
7	58732819	2	S100K-SNP-SB07-058732819-T-G	Agriplex mid density markers	Agriplex mid density markers	T/G
7	58732819	2	S100K-SNP-SB07-058732819-T-G-02	ICRISAT	BI/ICRISAT	T/G
7	58747355	2	S100K-SNP-SB07-058747355-A-T	Agriplex mid density markers	Agriplex mid density markers	A/T
7	58747355	2	S100K-SNP-SB07-058747355-A-T-02	ICRISAT	BI/ICRISAT	A/T
7	59033882	2	S100K-SNP-SB07-059033882-A-G	Agriplex mid density markers	Agriplex mid density markers	A/G
7	59033882	2	S100K-SNP-SB07-059033882-A-G-02	ICRISAT	BI/ICRISAT	A/G
7	59056668	2	S100K-SNP-SB07-059056668-A-C	Agriplex mid density markers	Agriplex mid density markers	A/C
7	59056668	2	S100K-SNP-SB07-059056668-A-C-02	ICRISAT	BI/ICRISAT	A/C
7	5931984	2	S100K-SNP-SB07-005931984-T-C	Agriplex mid density markers	Agriplex mid density markers	T/C
7	5931984	2	S100K-SNP-SB07-005931984-T-C-02	ICRISAT	BI/ICRISAT	T/C
7	59404098	2	S100K-SNP-SB07-059404098-A-C	Agriplex mid density markers	Agriplex mid density markers	A/C
7	59404098	2	S100K-SNP-SB07-059404098-A-C-02	ICRISAT	BI/ICRISAT	A/C
7	59417478	2	S100K-SNP-SB07-059417478-A-G	ICRISAT	BI/ICRISAT	A/G
7	59417478	2	S100K-SNP-SB07-059417478-A-G-02	Quality Control	ICRISAT/EiB	A/G
7	59597652	2	S100K-SNP-SB07-059597652-G-A	Agriplex mid density markers	Agriplex mid density markers	G/A
7	59597652	2	S100K-SNP-SB07-059597652-G-A-02	ICRISAT	BI/ICRISAT	G/A
7	60248577	2	S100K-SNP-SB07-060248577-C-G	Agriplex mid density markers	Agriplex mid density markers	C/G
7	60248577	2	S100K-SNP-SB07-060248577-C-G-02	ICRISAT	BI/ICRISAT	C/G
7	60297748	2	S100K-SNP-SB07-060297748-T-C	Agriplex mid density markers	Agriplex mid density markers	T/C
7	60297748	2	S100K-SNP-SB07-060297748-T-C-02	ICRISAT	BI/ICRISAT	T/C
7	60356421	2	S100K-SNP-SB07-060356421-T-C	Agriplex mid density markers	Agriplex mid density markers	T/C
7	60356421	2	S100K-SNP-SB07-060356421-T-C-02	ICRISAT	BI/ICRISAT	T/C
7	60573720	2	S100K-SNP-SB07-060573720-A-C	Agriplex mid density markers	Agriplex mid density markers	A/C
7	60573720	2	S100K-SNP-SB07-060573720-A-C-02	ICRISAT	BI/ICRISAT	A/C
7	60598717	2	S100K-SNP-SB07-060598717-T-C	Agriplex mid density markers	Agriplex mid density markers	T/C
7	60598717	2	S100K-SNP-SB07-060598717-T-C-02	ICRISAT	BI/ICRISAT	T/C
7	60741519	2	S100K-SNP-SB07-060741519-G-C	Agriplex mid density markers	Agriplex mid density markers	G/C
7	60741519	2	S100K-SNP-SB07-060741519-G-C-02	ICRISAT	BI/ICRISAT	G/C
7	60752447	2	S100K-SNP-SB07-060752447-A-G	Agriplex mid density markers	Agriplex mid density markers	A/G
7	60752447	2	S100K-SNP-SB07-060752447-A-G-02	ICRISAT	BI/ICRISAT	A/G
7	60758224	2	S100K-SNP-SB07-060758224-C-G	Agriplex mid density markers	Agriplex mid density markers	C/G
7	60758224	2	S100K-SNP-SB07-060758224-C-G-02	ICRISAT	BI/ICRISAT	C/G
7	60766424	2	S100K-SNP-SB07-060766424-A-G	Agriplex mid density markers	Agriplex mid density markers	A/G
7	60766424	2	S100K-SNP-SB07-060766424-A-G-02	ICRISAT	BI/ICRISAT	A/G
7	60850373	2	S100K-SNP-SB07-060850373-A-G	Agriplex mid density markers	Agriplex mid density markers	A/G
7	60850373	2	S100K-SNP-SB07-060850373-A-G-02	ICRISAT	BI/ICRISAT	A/G
7	60853629	2	S100K-SNP-SB07-060853629-T-C	Agriplex mid density markers	Agriplex mid density markers	T/C
7	60853629	2	S100K-SNP-SB07-060853629-T-C-02	ICRISAT	BI/ICRISAT	T/C
7	60936898	2	S100K-SNP-SB07-060936898-C-G	Agriplex mid density markers	Agriplex mid density markers	C/G
7	60936898	2	S100K-SNP-SB07-060936898-C-G-02	ICRISAT	BI/ICRISAT	C/G
7	61070995	2	S100K-SNP-SB07-061070995-A-C	Agriplex mid density markers	Agriplex mid density markers	A/C
7	61070995	2	S100K-SNP-SB07-061070995-A-C-02	ICRISAT	BI/ICRISAT	A/C
7	61598346	2	S100K-SNP-SB07-061598346-T-C	Agriplex mid density markers	Agriplex mid density markers	T/C
7	61598346	2	S100K-SNP-SB07-061598346-T-C-02	ICRISAT	BI/ICRISAT	T/C
7	61710185	2	S100K-SNP-SB07-061710185-C-A	Agriplex mid density markers	Agriplex mid density markers	C/A
7	61710185	2	S100K-SNP-SB07-061710185-C-A-02	ICRISAT	BI/ICRISAT	C/A
7	61860237	2	S100K-SNP-SB07-061860237-G-C	Agriplex mid density markers	Agriplex mid density markers	G/C
7	61860237	2	S100K-SNP-SB07-061860237-G-C-02	ICRISAT	BI/ICRISAT	G/C
7	61946475	2	S100K-SNP-SB07-061946475-G-C	Agriplex mid density markers	Agriplex mid density markers	G/C
7	61946475	2	S100K-SNP-SB07-061946475-G-C-02	ICRISAT	BI/ICRISAT	G/C
7	61947225	2	S100K-SNP-SB07-061947225-A-G	Agriplex mid density markers	Agriplex mid density markers	A/G
7	61947225	2	S100K-SNP-SB07-061947225-A-G-02	ICRISAT	BI/ICRISAT	A/G
7	62025593	2	S100K-SNP-SB07-062025593-G-A	Agriplex mid density markers	Agriplex mid density markers	G/A
7	62025593	2	S100K-SNP-SB07-062025593-G-A-02	ICRISAT	BI/ICRISAT	G/A
7	62056620	2	S100K-SNP-SB07-062056620-T-G	Agriplex mid density markers	Agriplex mid density markers	T/G
7	62056620	2	S100K-SNP-SB07-062056620-T-G-02	ICRISAT	BI/ICRISAT	T/G
7	62167754	2	S100K-SNP-SB07-062167754-C-G	Agriplex mid density markers	Agriplex mid density markers	C/G
7	62167754	2	S100K-SNP-SB07-062167754-C-G-02	ICRISAT	BI/ICRISAT	C/G
7	62232054	2	S100K-SNP-SB07-062232054-T-A	Agriplex mid density markers	Agriplex mid density markers	T/A
7	62232054	2	S100K-SNP-SB07-062232054-T-A-02	ICRISAT	BI/ICRISAT	T/A
7	62478858	2	S100K-SNP-SB07-062478858-A-G	Agriplex mid density markers	Agriplex mid density markers	A/G
7	62478858	2	S100K-SNP-SB07-062478858-A-G-02	ICRISAT	BI/ICRISAT	A/G
7	62481758	2	S100K-SNP-SB07-062481758-C-T	Agriplex mid density markers	Agriplex mid density markers	C/T
7	62481758	2	S100K-SNP-SB07-062481758-C-T-02	ICRISAT	BI/ICRISAT	C/T
7	62596766	2	S100K-SNP-SB07-062596766-C-G	Agriplex mid density markers	Agriplex mid density markers	C/G
7	62596766	2	S100K-SNP-SB07-062596766-C-G-02	ICRISAT	BI/ICRISAT	C/G
7	62640808	2	S100K-SNP-SB07-062640808-A-T	Agriplex mid density markers	Agriplex mid density markers	A/T
7	62640808	2	S100K-SNP-SB07-062640808-A-T-02	ICRISAT	BI/ICRISAT	A/T
7	62656349	2	S100K-SNP-SB07-062656349-C-T	Agriplex mid density markers	Agriplex mid density markers	C/T
7	62656349	2	S100K-SNP-SB07-062656349-C-T-02	ICRISAT	BI/ICRISAT	C/T
7	62752351	2	S100K-SNP-SB07-062752351-G-T	Agriplex mid density markers	Agriplex mid density markers	G/T
7	62752351	2	S100K-SNP-SB07-062752351-G-T-02	ICRISAT	BI/ICRISAT	G/T
7	62794520	2	S100K-SNP-SB07-062794520-A-G	Agriplex mid density markers	Agriplex mid density markers	A/G
7	62794520	2	S100K-SNP-SB07-062794520-A-G-02	ICRISAT	BI/ICRISAT	A/G
7	62836873	2	S100K-SNP-SB07-062836873-T-C	Agriplex mid density markers	Agriplex mid density markers	T/C
7	62836873	2	S100K-SNP-SB07-062836873-T-C-02	ICRISAT	BI/ICRISAT	T/C
7	62895081	2	S100K-SNP-SB07-062895081-T-C	Agriplex mid density markers	Agriplex mid density markers	T/C
7	62895081	2	S100K-SNP-SB07-062895081-T-C-02	ICRISAT	BI/ICRISAT	T/C
7	62907311	2	S100K-SNP-SB07-062907311-C-T	Agriplex mid density markers	Agriplex mid density markers	C/T
7	62907311	2	S100K-SNP-SB07-062907311-C-T-02	ICRISAT	BI/ICRISAT	C/T
7	62963950	2	S100K-SNP-SB07-062963950-C-T	Agriplex mid density markers	Agriplex mid density markers	C/T
7	62963950	2	S100K-SNP-SB07-062963950-C-T-02	ICRISAT	BI/ICRISAT	C/T
7	63002461	2	S100K-SNP-SB07-063002461-C-T	Agriplex mid density markers	Agriplex mid density markers	C/T
7	63002461	2	S100K-SNP-SB07-063002461-C-T-02	ICRISAT	BI/ICRISAT	C/T
7	63018383	2	S100K-SNP-SB07-063018383-A-G	Agriplex mid density markers	Agriplex mid density markers	A/G
7	63018383	2	S100K-SNP-SB07-063018383-A-G-02	ICRISAT	BI/ICRISAT	A/G
7	63075893	2	S100K-SNP-SB07-063075893-T-A	Agriplex mid density markers	Agriplex mid density markers	T/A
7	63075893	2	S100K-SNP-SB07-063075893-T-A-02	ICRISAT	BI/ICRISAT	T/A
7	63325621	2	S100K-SNP-SB07-063325621-G-A	Agriplex mid density markers	Agriplex mid density markers	G/A
7	63325621	2	S100K-SNP-SB07-063325621-G-A-02	ICRISAT	BI/ICRISAT	G/A
7	6343905	2	S100K-SNP-SB07-006343905-A-T	Agriplex mid density markers	Agriplex mid density markers	A/T
7	6343905	2	S100K-SNP-SB07-006343905-A-T-02	ICRISAT	BI/ICRISAT	A/T
7	63643873	2	S100K-SNP-SB07-063643873-A-G	Agriplex mid density markers	Agriplex mid density markers	A/G
7	63643873	2	S100K-SNP-SB07-063643873-A-G-02	ICRISAT	BI/ICRISAT	A/G
7	63646257	2	S100K-SNP-SB07-063646257-A-G	Agriplex mid density markers	Agriplex mid density markers	A/G
7	63646257	2	S100K-SNP-SB07-063646257-A-G-02	ICRISAT	BI/ICRISAT	A/G
7	63869230	2	S100K-SNP-SB07-063869230-C-G	Agriplex mid density markers	Agriplex mid density markers	C/G
7	63869230	2	S100K-SNP-SB07-063869230-C-G-02	ICRISAT	BI/ICRISAT	C/G
7	63965915	2	S100K-SNP-SB07-063965915-A-C	Agriplex mid density markers	Agriplex mid density markers	A/C
7	63965915	2	S100K-SNP-SB07-063965915-A-C-02	ICRISAT	BI/ICRISAT	A/C
7	63998483	2	S100K-SNP-SB07-063998483-A-G	Agriplex mid density markers	Agriplex mid density markers	A/G
7	63998483	2	S100K-SNP-SB07-063998483-A-G-02	ICRISAT	BI/ICRISAT	A/G
7	64061268	2	S100K-SNP-SB07-064061268-A-G	Agriplex mid density markers	Agriplex mid density markers	A/G
7	64061268	2	S100K-SNP-SB07-064061268-A-G-02	ICRISAT	BI/ICRISAT	A/G
7	64163902	2	S100K-SNP-SB07-064163902-T-C	Agriplex mid density markers	Agriplex mid density markers	T/C
7	64163902	2	S100K-SNP-SB07-064163902-T-C-02	ICRISAT	BI/ICRISAT	T/C
7	64331637	2	S100K-SNP-SB07-064331637-A-C	Agriplex mid density markers	Agriplex mid density markers	A/C
7	64331637	2	S100K-SNP-SB07-064331637-A-C-02	ICRISAT	BI/ICRISAT	A/C
7	64424595	2	S100K-SNP-SB07-064424595-A-G	Agriplex mid density markers	Agriplex mid density markers	A/G
7	64424595	2	S100K-SNP-SB07-064424595-A-G-02	ICRISAT	BI/ICRISAT	A/G
7	64472877	2	S100K-SNP-SB07-064472877-C-T	Agriplex mid density markers	Agriplex mid density markers	C/T
7	64472877	2	S100K-SNP-SB07-064472877-C-T-02	ICRISAT	BI/ICRISAT	C/T
7	64516206	2	S100K-SNP-SB07-064516206-C-A	Agriplex mid density markers	Agriplex mid density markers	C/A
7	64516206	2	S100K-SNP-SB07-064516206-C-A-02	ICRISAT	BI/ICRISAT	C/A
7	64618839	2	S100K-SNP-SB07-064618839-G-A	Agriplex mid density markers	Agriplex mid density markers	G/A
7	64618839	2	S100K-SNP-SB07-064618839-G-A-02	ICRISAT	BI/ICRISAT	G/A
7	64737987	2	S100K-SNP-SB07-064737987-A-G	Agriplex mid density markers	Agriplex mid density markers	A/G
7	64737987	2	S100K-SNP-SB07-064737987-A-G-02	ICRISAT	BI/ICRISAT	A/G
7	64745742	2	S100K-SNP-SB07-064745742-C-A	Agriplex mid density markers	Agriplex mid density markers	C/A
7	64745742	2	S100K-SNP-SB07-064745742-C-A-02	ICRISAT	BI/ICRISAT	C/A
7	64827187	2	S100K-SNP-SB07-064827187-A-G	Agriplex mid density markers	Agriplex mid density markers	A/G
7	64827187	2	S100K-SNP-SB07-064827187-A-G-02	ICRISAT	BI/ICRISAT	A/G
7	64913073	2	S100K-SNP-SB07-064913073-A-G	Agriplex mid density markers	Agriplex mid density markers	A/G
7	64913073	2	S100K-SNP-SB07-064913073-A-G-02	ICRISAT	BI/ICRISAT	A/G
7	64967149	2	S100K-SNP-SB07-064967149-T-C	Agriplex mid density markers	Agriplex mid density markers	T/C
7	64967149	2	S100K-SNP-SB07-064967149-T-C-02	ICRISAT	BI/ICRISAT	T/C
7	65083854	2	S100K-SNP-SB07-065083854-T-G	Agriplex mid density markers	Agriplex mid density markers	T/G
7	65083854	2	S100K-SNP-SB07-065083854-T-G-02	ICRISAT	BI/ICRISAT	T/G
7	65177282	2	S100K-SNP-SB07-065177282-A-G	Agriplex mid density markers	Agriplex mid density markers	A/G
7	65177282	2	S100K-SNP-SB07-065177282-A-G-02	ICRISAT	BI/ICRISAT	A/G
7	6530847	2	S100K-SNP-SB07-006530847-T-C	Agriplex mid density markers	Agriplex mid density markers	T/C
7	6530847	2	S100K-SNP-SB07-006530847-T-C-02	ICRISAT	BI/ICRISAT	T/C
7	65354901	2	S100K-SNP-SB07-065354901-G-C	Agriplex mid density markers	Agriplex mid density markers	G/C
7	65354901	2	S100K-SNP-SB07-065354901-G-C-02	ICRISAT	BI/ICRISAT	G/C
7	65355397	2	S100K-SNP-SB07-065355397-A-G	Agriplex mid density markers	Agriplex mid density markers	A/G
7	65355397	2	S100K-SNP-SB07-065355397-A-G-02	ICRISAT	BI/ICRISAT	A/G
7	65418956	2	S100K-SNP-SB07-065418956-A-G	Agriplex mid density markers	Agriplex mid density markers	A/G
7	65418956	2	S100K-SNP-SB07-065418956-A-G-02	ICRISAT	BI/ICRISAT	A/G
7	6584892	2	S100K-SNP-SB07-006584892-G-C	Agriplex mid density markers	Agriplex mid density markers	G/C
7	6584892	2	S100K-SNP-SB07-006584892-G-C-02	ICRISAT	BI/ICRISAT	G/C
7	6631546	2	S100K-SNP-SB07-006631546-A-G	Agriplex mid density markers	Agriplex mid density markers	A/G
7	6631546	2	S100K-SNP-SB07-006631546-A-G-02	ICRISAT	BI/ICRISAT	A/G
7	6639284	2	S100K-SNP-SB07-006639284-T-G	Agriplex mid density markers	Agriplex mid density markers	T/G
7	6639284	2	S100K-SNP-SB07-006639284-T-G-02	ICRISAT	BI/ICRISAT	T/G
7	6969051	2	S100K-SNP-SB07-006969051-A-G	Agriplex mid density markers	Agriplex mid density markers	A/G
7	6969051	2	S100K-SNP-SB07-006969051-A-G-02	ICRISAT	BI/ICRISAT	A/G
7	6978411	2	S100K-SNP-SB07-006978411-C-T	Agriplex mid density markers	Agriplex mid density markers	C/T
7	6978411	2	S100K-SNP-SB07-006978411-C-T-02	ICRISAT	BI/ICRISAT	C/T
7	7549726	2	S100K-SNP-SB07-007549726-T-C	ICRISAT	BI/ICRISAT	T/C
7	7549726	2	S100K-SNP-SB07-007549726-T-C-02	Quality Control	ICRISAT/EiB	T/C
7	7610042	2	S100K-SNP-SB07-007610042-G-C	Agriplex mid density markers	Agriplex mid density markers	G/C
7	7610042	2	S100K-SNP-SB07-007610042-G-C-02	ICRISAT	BI/ICRISAT	G/C
7	7619279	2	S100K-SNP-SB07-007619279-A-G	Agriplex mid density markers	Agriplex mid density markers	A/G
7	7619279	2	S100K-SNP-SB07-007619279-A-G-02	ICRISAT	BI/ICRISAT	A/G
7	7630164	2	S100K-SNP-SB07-007630164-C-G	Agriplex mid density markers	Agriplex mid density markers	C/G
7	7630164	2	S100K-SNP-SB07-007630164-C-G-02	ICRISAT	BI/ICRISAT	C/G
7	7826308	2	S100K-SNP-SB07-007826308-T-C	Agriplex mid density markers	Agriplex mid density markers	T/C
7	7826308	2	S100K-SNP-SB07-007826308-T-C-02	ICRISAT	BI/ICRISAT	T/C
7	7921806	2	S100K-SNP-SB07-007921806-C-T	Agriplex mid density markers	Agriplex mid density markers	C/T
7	7921806	2	S100K-SNP-SB07-007921806-C-T-02	ICRISAT	BI/ICRISAT	C/T
7	807355	2	S100K-SNP-SB07-000807355-C-A	Agriplex mid density markers	Agriplex mid density markers	C/A
7	807355	2	S100K-SNP-SB07-000807355-C-A-02	ICRISAT	BI/ICRISAT	C/A
7	807393	2	S100K-SNP-SB07-000807393-A-T	Agriplex mid density markers	Agriplex mid density markers	A/T
7	807393	2	S100K-SNP-SB07-000807393-A-T-02	ICRISAT	BI/ICRISAT	A/T
7	8094044	2	S100K-SNP-SB07-008094044-C-T	Agriplex mid density markers	Agriplex mid density markers	C/T
7	8094044	2	S100K-SNP-SB07-008094044-C-T-02	ICRISAT	BI/ICRISAT	C/T
7	8105662	2	S100K-SNP-SB07-008105662-A-G	Agriplex mid density markers	Agriplex mid density markers	A/G
7	8105662	2	S100K-SNP-SB07-008105662-A-G-02	ICRISAT	BI/ICRISAT	A/G
7	8120290	2	S100K-SNP-SB07-008120290-G-T	Agriplex mid density markers	Agriplex mid density markers	G/T
7	8120290	2	S100K-SNP-SB07-008120290-G-T-02	ICRISAT	BI/ICRISAT	G/T
7	8434105	2	S100K-SNP-SB07-008434105-C-G	Agriplex mid density markers	Agriplex mid density markers	C/G
7	8434105	2	S100K-SNP-SB07-008434105-C-G-02	ICRISAT	BI/ICRISAT	C/G
7	8583649	2	S100K-SNP-SB07-008583649-G-A	Agriplex mid density markers	Agriplex mid density markers	G/A
7	8583649	2	S100K-SNP-SB07-008583649-G-A-02	ICRISAT	BI/ICRISAT	G/A
7	8646573	2	S100K-SNP-SB07-008646573-A-G	Panicle length	AAU-SLU Biotech/Sida	A/G
7	8646573	2	S100K-SNP-SB07-008646573-A-G-02	Agriplex mid density markers	Agriplex mid density markers	A/G
7	8742420	2	S100K-SNP-SB07-008742420-G-A	Agriplex mid density markers	Agriplex mid density markers	G/A
7	8742420	2	S100K-SNP-SB07-008742420-G-A-02	ICRISAT	BI/ICRISAT	G/A
7	9425922	2	S100K-SNP-SB07-009425922-T-G	Agriplex mid density markers	Agriplex mid density markers	T/G
7	9425922	2	S100K-SNP-SB07-009425922-T-G-02	ICRISAT	BI/ICRISAT	T/G
7	9684645	2	S100K-SNP-SB07-009684645-G-A	Agriplex mid density markers	Agriplex mid density markers	G/A
7	9684645	2	S100K-SNP-SB07-009684645-G-A-02	ICRISAT	BI/ICRISAT	G/A
7	9795378	2	S100K-SNP-SB07-009795378-A-G	Agriplex mid density markers	Agriplex mid density markers	A/G
7	9795378	2	S100K-SNP-SB07-009795378-A-G-02	ICRISAT	BI/ICRISAT	A/G
8	1037980	2	S100K-SNP-SB08-001037980-T-C	Agriplex mid density markers	Agriplex mid density markers	T/C
8	1037980	2	S100K-SNP-SB08-001037980-T-C-02	ICRISAT	BI/ICRISAT	T/C
8	10694795	2	S100K-SNP-SB08-010694795-G-A	Agriplex mid density markers	Agriplex mid density markers	G/A
8	10694795	2	S100K-SNP-SB08-010694795-G-A-02	ICRISAT	BI/ICRISAT	G/A
8	1070295	2	S100K-SNP-SB08-001070295-C-A	Agriplex mid density markers	Agriplex mid density markers	C/A
8	1070295	2	S100K-SNP-SB08-001070295-C-A-02	ICRISAT	BI/ICRISAT	C/A
8	10795485	2	S100K-SNP-SB08-010795485-G-T	Agriplex mid density markers	Agriplex mid density markers	G/T
8	10795485	2	S100K-SNP-SB08-010795485-G-T-02	ICRISAT	BI/ICRISAT	G/T
8	10850798	2	S100K-SNP-SB08-010850798-G-C	Agriplex mid density markers	Agriplex mid density markers	G/C
8	10850798	2	S100K-SNP-SB08-010850798-G-C-02	ICRISAT	BI/ICRISAT	G/C
8	12106607	2	S100K-SNP-SB08-012106607-C-G	Agriplex mid density markers	Agriplex mid density markers	C/G
8	12106607	2	S100K-SNP-SB08-012106607-C-G-02	ICRISAT	BI/ICRISAT	C/G
8	1234813	2	S100K-SNP-SB08-001234813-T-G	Anthracnose resistance	Cuevas/USDA	T/G
8	1234813	2	S100K-SNP-SB08-001234813-T-G-02	Agriplex mid density markers	Agriplex mid density markers	T/G
8	1238786	2	S100K-SNP-SB08-001238786-C-A	Agriplex mid density markers	Agriplex mid density markers	C/A
8	1238786	2	S100K-SNP-SB08-001238786-C-A-02	ICRISAT	BI/ICRISAT	C/A
8	1240725	2	S100K-SNP-SB08-001240725-C-T	Agriplex mid density markers	Agriplex mid density markers	C/T
8	1240725	2	S100K-SNP-SB08-001240725-C-T-02	ICRISAT	BI/ICRISAT	C/T
8	1268567	2	S100K-SNP-SB08-001268567-A-G	Agriplex mid density markers	Agriplex mid density markers	A/G
8	1268567	2	S100K-SNP-SB08-001268567-A-G-02	ICRISAT	BI/ICRISAT	A/G
8	14252601	3	S100K-SNP-SB08-014252601-C-T	Agriplex mid density markers	Agriplex mid density markers	C/T
8	14252601	3	S100K-SNP-SB08-014252601-C-T-02	ICRISAT	BI/ICRISAT	C/T
8	14252601	3	S100K-SNP-SB08-014252601-C-T-03	Quality Control	ICRISAT/EiB	C/T
8	1471082	2	S100K-SNP-SB08-001471082-T-G	Agriplex mid density markers	Agriplex mid density markers	T/G
8	1471082	2	S100K-SNP-SB08-001471082-T-G-02	ICRISAT	BI/ICRISAT	T/G
8	15405996	2	S100K-SNP-SB08-015405996-A-G	Agriplex mid density markers	Agriplex mid density markers	A/G
8	15405996	2	S100K-SNP-SB08-015405996-A-G-02	ICRISAT	BI/ICRISAT	A/G
8	15936480	2	S100K-SNP-SB08-015936480-T-G	Agriplex mid density markers	Agriplex mid density markers	T/G
8	15936480	2	S100K-SNP-SB08-015936480-T-G-02	ICRISAT	BI/ICRISAT	T/G
8	1641762	2	S100K-SNP-SB08-001641762-A-G	Agriplex mid density markers	Agriplex mid density markers	A/G
8	1641762	2	S100K-SNP-SB08-001641762-A-G-02	ICRISAT	BI/ICRISAT	A/G
8	1699232	2	S100K-SNP-SB08-001699232-T-C	Agriplex mid density markers	Agriplex mid density markers	T/C
8	1699232	2	S100K-SNP-SB08-001699232-T-C-02	ICRISAT	BI/ICRISAT	T/C
8	17983641	2	S100K-SNP-SB08-017983641-G-C	Agriplex mid density markers	Agriplex mid density markers	G/C
8	17983641	2	S100K-SNP-SB08-017983641-G-C-02	ICRISAT	BI/ICRISAT	G/C
8	1839095	2	S100K-SNP-SB08-001839095-T-C	Agriplex mid density markers	Agriplex mid density markers	T/C
8	1839095	2	S100K-SNP-SB08-001839095-T-C-02	ICRISAT	BI/ICRISAT	T/C
8	1865498	2	S100K-SNP-SB08-001865498-T-G	Agriplex mid density markers	Agriplex mid density markers	T/G
8	1865498	2	S100K-SNP-SB08-001865498-T-G-02	ICRISAT	BI/ICRISAT	T/G
8	1913441	2	S100K-SNP-SB08-001913441-C-T	Agriplex mid density markers	Agriplex mid density markers	C/T
8	1913441	2	S100K-SNP-SB08-001913441-C-T-02	ICRISAT	BI/ICRISAT	C/T
8	2182521	2	S100K-SNP-SB08-002182521-C-T	Agriplex mid density markers	Agriplex mid density markers	C/T
8	2182521	2	S100K-SNP-SB08-002182521-C-T-02	ICRISAT	BI/ICRISAT	C/T
8	2205697	2	S100K-SNP-SB08-002205697-C-A	Agriplex mid density markers	Agriplex mid density markers	C/A
8	2205697	2	S100K-SNP-SB08-002205697-C-A-02	ICRISAT	BI/ICRISAT	C/A
8	2356445	2	S100K-SNP-SB08-002356445-A-G	Agriplex mid density markers	Agriplex mid density markers	A/G
8	2356445	2	S100K-SNP-SB08-002356445-A-G-02	ICRISAT	BI/ICRISAT	A/G
8	2472931	2	S100K-SNP-SB08-002472931-C-G	Agriplex mid density markers	Agriplex mid density markers	C/G
8	2472931	2	S100K-SNP-SB08-002472931-C-G-02	ICRISAT	BI/ICRISAT	C/G
8	2535992	2	S100K-SNP-SB08-002535992-C-T	Agriplex mid density markers	Agriplex mid density markers	C/T
8	2535992	2	S100K-SNP-SB08-002535992-C-T-02	ICRISAT	BI/ICRISAT	C/T
8	2604994	2	S100K-SNP-SB08-002604994-C-G	Agriplex mid density markers	Agriplex mid density markers	C/G
8	2604994	2	S100K-SNP-SB08-002604994-C-G-02	ICRISAT	BI/ICRISAT	C/G
8	2626842	2	S100K-SNP-SB08-002626842-A-G	Agriplex mid density markers	Agriplex mid density markers	A/G
8	2626842	2	S100K-SNP-SB08-002626842-A-G-02	ICRISAT	BI/ICRISAT	A/G
8	2631057	2	S100K-SNP-SB08-002631057-A-G	Agriplex mid density markers	Agriplex mid density markers	A/G
8	2631057	2	S100K-SNP-SB08-002631057-A-G-02	ICRISAT	BI/ICRISAT	A/G
8	2879089	2	S100K-SNP-SB08-002879089-C-G	Agriplex mid density markers	Agriplex mid density markers	C/G
8	2879089	2	S100K-SNP-SB08-002879089-C-G-02	ICRISAT	BI/ICRISAT	C/G
8	2938859	2	S100K-SNP-SB08-002938859-A-G	Agriplex mid density markers	Agriplex mid density markers	A/G
8	2938859	2	S100K-SNP-SB08-002938859-A-G-02	ICRISAT	BI/ICRISAT	A/G
8	3046448	2	S100K-SNP-SB08-003046448-C-G	Agriplex mid density markers	Agriplex mid density markers	C/G
8	3046448	2	S100K-SNP-SB08-003046448-C-G-02	ICRISAT	BI/ICRISAT	C/G
8	3133512	2	S100K-SNP-SB08-003133512-A-G	Agriplex mid density markers	Agriplex mid density markers	A/G
8	3133512	2	S100K-SNP-SB08-003133512-A-G-02	ICRISAT	BI/ICRISAT	A/G
8	3193897	2	S100K-SNP-SB08-003193897-A-G	Agriplex mid density markers	Agriplex mid density markers	A/G
8	3193897	2	S100K-SNP-SB08-003193897-A-G-02	ICRISAT	BI/ICRISAT	A/G
8	3195426	2	S100K-SNP-SB08-003195426-C-G	Agriplex mid density markers	Agriplex mid density markers	C/G
8	3195426	2	S100K-SNP-SB08-003195426-C-G-02	ICRISAT	BI/ICRISAT	C/G
8	3230406	2	S100K-SNP-SB08-003230406-G-C	Agriplex mid density markers	Agriplex mid density markers	G/C
8	3230406	2	S100K-SNP-SB08-003230406-G-C-02	ICRISAT	BI/ICRISAT	G/C
8	3231972	2	S100K-SNP-SB08-003231972-G-A	Agriplex mid density markers	Agriplex mid density markers	G/A
8	3231972	2	S100K-SNP-SB08-003231972-G-A-02	ICRISAT	BI/ICRISAT	G/A
8	3347441	2	S100K-SNP-SB08-003347441-T-A	Agriplex mid density markers	Agriplex mid density markers	T/A
8	3347441	2	S100K-SNP-SB08-003347441-T-A-02	ICRISAT	BI/ICRISAT	T/A
8	3369623	2	S100K-SNP-SB08-003369623-G-A	Agriplex mid density markers	Agriplex mid density markers	G/A
8	3369623	2	S100K-SNP-SB08-003369623-G-A-02	ICRISAT	BI/ICRISAT	G/A
8	3429289	2	S100K-SNP-SB08-003429289-C-T	Agriplex mid density markers	Agriplex mid density markers	C/T
8	3429289	2	S100K-SNP-SB08-003429289-C-T-02	ICRISAT	BI/ICRISAT	C/T
8	3429420	2	S100K-SNP-SB08-003429420-T-C	Agriplex mid density markers	Agriplex mid density markers	T/C
8	3429420	2	S100K-SNP-SB08-003429420-T-C-02	ICRISAT	BI/ICRISAT	T/C
8	3823563	2	S100K-SNP-SB08-003823563-NA-NA	ManganeseDrought_M	Mural_etal_UB	-/-
8	3823563	2	S100K-SNP-SB08-003823563-A-T	Filler Markers	BI/ICRISAT	A/T
8	39466000	2	S100K-SNP-SB08-039466000-G-C	Agriplex mid density markers	Agriplex mid density markers	G/C
8	39466000	2	S100K-SNP-SB08-039466000-G-C-02	ICRISAT	BI/ICRISAT	G/C
8	4051690	2	S100K-SNP-SB08-004051690-A-T	Agriplex mid density markers	Agriplex mid density markers	A/T
8	4051690	2	S100K-SNP-SB08-004051690-A-T-02	ICRISAT	BI/ICRISAT	A/T
8	4142831	2	S100K-SNP-SB08-004142831-C-A	Agriplex mid density markers	Agriplex mid density markers	C/A
8	4142831	2	S100K-SNP-SB08-004142831-C-A-02	ICRISAT	BI/ICRISAT	C/A
8	41501132	2	S100K-SNP-SB08-041501132-A-G	Agriplex mid density markers	Agriplex mid density markers	A/G
8	41501132	2	S100K-SNP-SB08-041501132-A-G-02	ICRISAT	BI/ICRISAT	A/G
8	42230584	2	S100K-SNP-SB08-042230584-C-T	Agriplex mid density markers	Agriplex mid density markers	C/T
8	42230584	2	S100K-SNP-SB08-042230584-C-T-02	ICRISAT	BI/ICRISAT	C/T
8	4278542	2	S100K-SNP-SB08-004278542-A-G	Agriplex mid density markers	Agriplex mid density markers	A/G
8	4278542	2	S100K-SNP-SB08-004278542-A-G-02	ICRISAT	BI/ICRISAT	A/G
8	4279660	2	S100K-SNP-SB08-004279660-G-A	Agriplex mid density markers	Agriplex mid density markers	G/A
8	4279660	2	S100K-SNP-SB08-004279660-G-A-02	ICRISAT	BI/ICRISAT	G/A
8	4289984	2	S100K-SNP-SB08-004289984-G-C	Agriplex mid density markers	Agriplex mid density markers	G/C
8	4289984	2	S100K-SNP-SB08-004289984-G-C-02	ICRISAT	BI/ICRISAT	G/C
8	43931182	2	S100K-SNP-SB08-043931182-A-G	Agriplex mid density markers	Agriplex mid density markers	A/G
8	43931182	2	S100K-SNP-SB08-043931182-A-G-02	ICRISAT	BI/ICRISAT	A/G
8	4414063	2	S100K-SNP-SB08-004414063-T-C	Agriplex mid density markers	Agriplex mid density markers	T/C
8	4414063	2	S100K-SNP-SB08-004414063-T-C-02	ICRISAT	BI/ICRISAT	T/C
8	4462441	2	S100K-SNP-SB08-004462441-T-A	Agriplex mid density markers	Agriplex mid density markers	T/A
8	4462441	2	S100K-SNP-SB08-004462441-T-A-02	ICRISAT	BI/ICRISAT	T/A
8	45237438	2	S100K-SNP-SB08-045237438-G-A	Agriplex mid density markers	Agriplex mid density markers	G/A
8	45237438	2	S100K-SNP-SB08-045237438-G-A-02	ICRISAT	BI/ICRISAT	G/A
8	46410361	2	S100K-SNP-SB08-046410361-G-A	Agriplex mid density markers	Agriplex mid density markers	G/A
8	46410361	2	S100K-SNP-SB08-046410361-G-A-02	ICRISAT	BI/ICRISAT	G/A
8	47530952	2	S100K-SNP-SB08-047530952-A-G	Agriplex mid density markers	Agriplex mid density markers	A/G
8	47530952	2	S100K-SNP-SB08-047530952-A-G-02	ICRISAT	BI/ICRISAT	A/G
8	4912128	2	S100K-SNP-SB08-004912128-A-T	Agriplex mid density markers	Agriplex mid density markers	A/T
8	4912128	2	S100K-SNP-SB08-004912128-A-T-02	low	BI/ICRISAT	A/T
8	4920840	2	S100K-SNP-SB08-004920840-C-A	Agriplex mid density markers	Agriplex mid density markers	C/A
8	4920840	2	S100K-SNP-SB08-004920840-C-A-02	ICRISAT	BI/ICRISAT	C/A
8	49285354	2	S100K-SNP-SB08-049285354-C-T	Agriplex mid density markers	Agriplex mid density markers	C/T
8	49285354	2	S100K-SNP-SB08-049285354-C-T-02	ICRISAT	BI/ICRISAT	C/T
8	49663979	2	S100K-SNP-SB08-049663979-A-G	Agriplex mid density markers	Agriplex mid density markers	A/G
8	49663979	2	S100K-SNP-SB08-049663979-A-G-02	ICRISAT	BI/ICRISAT	A/G
8	49673676	2	S100K-SNP-SB08-049673676-C-T	Agriplex mid density markers	Agriplex mid density markers	C/T
8	49673676	2	S100K-SNP-SB08-049673676-C-T-02	ICRISAT	BI/ICRISAT	C/T
8	5017626	2	S100K-SNP-SB08-005017626-A-G	Agriplex mid density markers	Agriplex mid density markers	A/G
8	5017626	2	S100K-SNP-SB08-005017626-A-G-02	ICRISAT	BI/ICRISAT	A/G
8	504185	2	S100K-SNP-SB08-000504185-G-C	Agriplex mid density markers	Agriplex mid density markers	G/C
8	504185	2	S100K-SNP-SB08-000504185-G-C-02	ICRISAT	BI/ICRISAT	G/C
8	50444392	2	S100K-SNP-SB08-050444392-A-G	Agriplex mid density markers	Agriplex mid density markers	A/G
8	50444392	2	S100K-SNP-SB08-050444392-A-G-02	ICRISAT	BI/ICRISAT	A/G
8	5053406	2	S100K-SNP-SB08-005053406-G-A	Plant height	AAU-SLU Biotech/Sida	G/A
8	5053406	2	S100K-SNP-SB08-005053406-G-A-02	Dry shoot weight	AAU-SLU Biotech/Sida	G/A
8	50606728	2	S100K-SNP-SB08-050606728-G-A	Agriplex mid density markers	Agriplex mid density markers	G/A
8	50606728	2	S100K-SNP-SB08-050606728-G-A-02	ICRISAT	BI/ICRISAT	G/A
8	51549715	2	S100K-SNP-SB08-051549715-G-A	Agriplex mid density markers	Agriplex mid density markers	G/A
8	51549715	2	S100K-SNP-SB08-051549715-G-A-02	ICRISAT	BI/ICRISAT	G/A
8	5158604	2	S100K-SNP-SB08-005158604-C-G	Agriplex mid density markers	Agriplex mid density markers	C/G
8	5158604	2	S100K-SNP-SB08-005158604-C-G-02	ICRISAT	BI/ICRISAT	C/G
8	51761985	2	S100K-SNP-SB08-051761985-T-G	Agriplex mid density markers	Agriplex mid density markers	T/G
8	51761985	2	S100K-SNP-SB08-051761985-T-G-02	ICRISAT	BI/ICRISAT	T/G
8	51868231	2	S100K-SNP-SB08-051868231-G-A	Agriplex mid density markers	Agriplex mid density markers	G/A
8	51868231	2	S100K-SNP-SB08-051868231-G-A-02	ICRISAT	BI/ICRISAT	G/A
8	52227363	2	S100K-SNP-SB08-052227363-T-C	Agriplex mid density markers	Agriplex mid density markers	T/C
8	52227363	2	S100K-SNP-SB08-052227363-T-C-02	ICRISAT	BI/ICRISAT	T/C
8	5242383	2	S100K-SNP-SB08-005242383-A-G	Agriplex mid density markers	Agriplex mid density markers	A/G
8	5242383	2	S100K-SNP-SB08-005242383-A-G-02	ICRISAT	BI/ICRISAT	A/G
8	5242533	2	S100K-SNP-SB08-005242533-C-G	Days to flowering	AAU-SLU Biotech/Sida	C/G
8	5242533	2	S100K-SNP-SB08-005242533-C-G-02	Panicle length	AAU-SLU Biotech/Sida	C/G
8	5262953	2	S100K-SNP-SB08-005262953-T-C	Agriplex mid density markers	Agriplex mid density markers	T/C
8	5262953	2	S100K-SNP-SB08-005262953-T-C-02	ICRISAT	BI/ICRISAT	T/C
8	53132494	2	S100K-SNP-SB08-053132494-G-T	Agriplex mid density markers	Agriplex mid density markers	G/T
8	53132494	2	S100K-SNP-SB08-053132494-G-T-02	ICRISAT	BI/ICRISAT	G/T
8	53211227	2	S100K-SNP-SB08-053211227-A-T	Agriplex mid density markers	Agriplex mid density markers	A/T
8	53211227	2	S100K-SNP-SB08-053211227-A-T-02	ICRISAT	BI/ICRISAT	A/T
8	53409706	2	S100K-SNP-SB08-053409706-A-G	ICRISAT	BI/ICRISAT	A/G
8	53409706	2	S100K-SNP-SB08-053409706-G-A	Quality Control	ICRISAT/EiB	G/A
8	5379958	2	S100K-SNP-SB08-005379958-T-G	Agriplex mid density markers	Agriplex mid density markers	T/G
8	5379958	2	S100K-SNP-SB08-005379958-T-G-02	ICRISAT	BI/ICRISAT	T/G
8	53861070	2	S100K-SNP-SB08-053861070-G-C	Agriplex mid density markers	Agriplex mid density markers	G/C
8	53861070	2	S100K-SNP-SB08-053861070-G-C-02	ICRISAT	BI/ICRISAT	G/C
8	53944743	2	S100K-SNP-SB08-053944743-A-G	Agriplex mid density markers	Agriplex mid density markers	A/G
8	53944743	2	S100K-SNP-SB08-053944743-A-G-02	ICRISAT	BI/ICRISAT	A/G
8	54085198	2	S100K-SNP-SB08-054085198-T-C	Agriplex mid density markers	Agriplex mid density markers	T/C
8	54085198	2	S100K-SNP-SB08-054085198-T-C-02	ICRISAT	BI/ICRISAT	T/C
8	54223569	2	S100K-SNP-SB08-054223569-A-G	Agriplex mid density markers	Agriplex mid density markers	A/G
8	54223569	2	S100K-SNP-SB08-054223569-A-G-02	ICRISAT	BI/ICRISAT	A/G
8	54796806	2	S100K-SNP-SB08-054796806-T-C	Agriplex mid density markers	Agriplex mid density markers	T/C
8	54796806	2	S100K-SNP-SB08-054796806-T-C-02	ICRISAT	BI/ICRISAT	T/C
8	5480369	2	S100K-SNP-SB08-005480369-T-G	Agriplex mid density markers	Agriplex mid density markers	T/G
8	5480369	2	S100K-SNP-SB08-005480369-T-G-02	ICRISAT	BI/ICRISAT	T/G
8	54938492	2	S100K-SNP-SB08-054938492-G-A	Agriplex mid density markers	Agriplex mid density markers	G/A
8	54938492	2	S100K-SNP-SB08-054938492-G-A-02	ICRISAT	BI/ICRISAT	G/A
8	55063096	2	S100K-SNP-SB08-055063096-A-T	Agriplex mid density markers	Agriplex mid density markers	A/T
8	55063096	2	S100K-SNP-SB08-055063096-A-T-02	ICRISAT	BI/ICRISAT	A/T
8	55522055	2	S100K-SNP-SB08-055522055-G-A	Agriplex mid density markers	Agriplex mid density markers	G/A
8	55522055	2	S100K-SNP-SB08-055522055-G-A-02	ICRISAT	BI/ICRISAT	G/A
8	55571192	2	S100K-SNP-SB08-055571192-T-C	Agriplex mid density markers	Agriplex mid density markers	T/C
8	55571192	2	S100K-SNP-SB08-055571192-T-C-02	ICRISAT	BI/ICRISAT	T/C
8	55589108	2	S100K-SNP-SB08-055589108-A-C	Agriplex mid density markers	Agriplex mid density markers	A/C
8	55589108	2	S100K-SNP-SB08-055589108-A-C-02	ICRISAT	BI/ICRISAT	A/C
8	55725813	2	S100K-SNP-SB08-055725813-A-T	Agriplex mid density markers	Agriplex mid density markers	A/T
8	55725813	2	S100K-SNP-SB08-055725813-A-T-02	ICRISAT	BI/ICRISAT	A/T
8	55814710	2	S100K-SNP-SB08-055814710-T-A	Agriplex mid density markers	Agriplex mid density markers	T/A
8	55814710	2	S100K-SNP-SB08-055814710-T-A-02	ICRISAT	BI/ICRISAT	T/A
8	55843085	2	S100K-SNP-SB08-055843085-A-G	Agriplex mid density markers	Agriplex mid density markers	A/G
8	55843085	2	S100K-SNP-SB08-055843085-A-G-02	ICRISAT	BI/ICRISAT	A/G
8	55843231	2	S100K-SNP-SB08-055843231-T-A	Agriplex mid density markers	Agriplex mid density markers	T/A
8	55843231	2	S100K-SNP-SB08-055843231-T-A-02	ICRISAT	BI/ICRISAT	T/A
8	55843562	2	S100K-SNP-SB08-055843562-A-T	Agriplex mid density markers	Agriplex mid density markers	A/T
8	55843562	2	S100K-SNP-SB08-055843562-A-T-02	ICRISAT	BI/ICRISAT	A/T
8	55934571	2	S100K-SNP-SB08-055934571-A-G	Agriplex mid density markers	Agriplex mid density markers	A/G
8	55934571	2	S100K-SNP-SB08-055934571-A-G-02	ICRISAT	BI/ICRISAT	A/G
8	56098244	2	S100K-SNP-SB08-056098244-T-A	Agriplex mid density markers	Agriplex mid density markers	T/A
8	56098244	2	S100K-SNP-SB08-056098244-T-A-02	ICRISAT	BI/ICRISAT	T/A
8	56474994	2	S100K-SNP-SB08-056474994-G-T	Agriplex mid density markers	Agriplex mid density markers	G/T
8	56474994	2	S100K-SNP-SB08-056474994-G-T-02	ICRISAT	BI/ICRISAT	G/T
8	56501119	2	S100K-SNP-SB08-056501119-C-A	Agriplex mid density markers	Agriplex mid density markers	C/A
8	56501119	2	S100K-SNP-SB08-056501119-C-A-02	ICRISAT	BI/ICRISAT	C/A
8	5652481	2	S100K-SNP-SB08-005652481-C-G	Agriplex mid density markers	Agriplex mid density markers	C/G
8	5652481	2	S100K-SNP-SB08-005652481-C-G-02	ICRISAT	BI/ICRISAT	C/G
8	56595318	2	S100K-SNP-SB08-056595318-G-A	Agriplex mid density markers	Agriplex mid density markers	G/A
8	56595318	2	S100K-SNP-SB08-056595318-G-A-02	ICRISAT	BI/ICRISAT	G/A
8	56617626	2	S100K-SNP-SB08-056617626-G-C	Agriplex mid density markers	Agriplex mid density markers	G/C
8	56617626	2	S100K-SNP-SB08-056617626-G-C-02	ICRISAT	BI/ICRISAT	G/C
8	56639142	2	S100K-SNP-SB08-056639142-C-T	Agriplex mid density markers	Agriplex mid density markers	C/T
8	56639142	2	S100K-SNP-SB08-056639142-C-T-02	ICRISAT	BI/ICRISAT	C/T
8	56724683	2	S100K-SNP-SB08-056724683-G-T	Agriplex mid density markers	Agriplex mid density markers	G/T
8	56724683	2	S100K-SNP-SB08-056724683-G-T-02	ICRISAT	BI/ICRISAT	G/T
8	56745629	2	S100K-SNP-SB08-056745629-C-A	Agriplex mid density markers	Agriplex mid density markers	C/A
8	56745629	2	S100K-SNP-SB08-056745629-C-A-02	ICRISAT	BI/ICRISAT	C/A
8	57039500	2	S100K-SNP-SB08-057039500-A-G	Agriplex mid density markers	Agriplex mid density markers	A/G
8	57039500	2	S100K-SNP-SB08-057039500-A-G-02	ICRISAT	BI/ICRISAT	A/G
8	57039879	2	S100K-SNP-SB08-057039879-T-A	Agriplex mid density markers	Agriplex mid density markers	T/A
8	57039879	2	S100K-SNP-SB08-057039879-T-A-02	ICRISAT	BI/ICRISAT	T/A
8	57274084	2	S100K-SNP-SB08-057274084-G-A	Agriplex mid density markers	Agriplex mid density markers	G/A
8	57274084	2	S100K-SNP-SB08-057274084-G-A-02	ICRISAT	BI/ICRISAT	G/A
8	57285918	2	S100K-SNP-SB08-057285918-G-T	Agriplex mid density markers	Agriplex mid density markers	G/T
8	57285918	2	S100K-SNP-SB08-057285918-G-T-02	ICRISAT	BI/ICRISAT	G/T
8	57430174	2	S100K-SNP-SB08-057430174-A-G	Agriplex mid density markers	Agriplex mid density markers	A/G
8	57430174	2	S100K-SNP-SB08-057430174-A-G-02	ICRISAT	BI/ICRISAT	A/G
8	57442354	2	S100K-SNP-SB08-057442354-C-T	Agriplex mid density markers	Agriplex mid density markers	C/T
8	57442354	2	S100K-SNP-SB08-057442354-C-T-02	ICRISAT	BI/ICRISAT	C/T
8	57450092	2	S100K-SNP-SB08-057450092-A-G	Agriplex mid density markers	Agriplex mid density markers	A/G
8	57450092	2	S100K-SNP-SB08-057450092-A-G-02	ICRISAT	BI/ICRISAT	A/G
8	57539701	2	S100K-SNP-SB08-057539701-T-C	Agriplex mid density markers	Agriplex mid density markers	T/C
8	57539701	2	S100K-SNP-SB08-057539701-T-C-02	ICRISAT	BI/ICRISAT	T/C
8	57569203	2	S100K-SNP-SB08-057569203-G-A	Agriplex mid density markers	Agriplex mid density markers	G/A
8	57569203	2	S100K-SNP-SB08-057569203-G-A-02	ICRISAT	BI/ICRISAT	G/A
8	57569318	2	S100K-SNP-SB08-057569318-A-G	Agriplex mid density markers	Agriplex mid density markers	A/G
8	57569318	2	S100K-SNP-SB08-057569318-A-G-02	ICRISAT	BI/ICRISAT	A/G
8	57601724	2	S100K-SNP-SB08-057601724-A-G	Agriplex mid density markers	Agriplex mid density markers	A/G
8	57601724	2	S100K-SNP-SB08-057601724-A-G-02	ICRISAT	BI/ICRISAT	A/G
8	57753017	2	S100K-SNP-SB08-057753017-A-G	Agriplex mid density markers	Agriplex mid density markers	A/G
8	57753017	2	S100K-SNP-SB08-057753017-A-G-02	ICRISAT	BI/ICRISAT	A/G
8	58185874	2	S100K-SNP-SB08-058185874-A-G	Agriplex mid density markers	Agriplex mid density markers	A/G
8	58185874	2	S100K-SNP-SB08-058185874-A-G-02	ICRISAT	BI/ICRISAT	A/G
8	58332517	2	S100K-SNP-SB08-058332517-T-G	Agriplex mid density markers	Agriplex mid density markers	T/G
8	58332517	2	S100K-SNP-SB08-058332517-T-G-02	ICRISAT	BI/ICRISAT	T/G
8	58509620	2	S100K-SNP-SB08-058509620-T-C	Agriplex mid density markers	Agriplex mid density markers	T/C
8	58509620	2	S100K-SNP-SB08-058509620-T-C-02	ICRISAT	BI/ICRISAT	T/C
8	58556214	2	S100K-SNP-SB08-058556214-G-T	Agriplex mid density markers	Agriplex mid density markers	G/T
8	58556214	2	S100K-SNP-SB08-058556214-G-T-02	ICRISAT	BI/ICRISAT	G/T
8	58556292	2	S100K-SNP-SB08-058556292-C-T	Agriplex mid density markers	Agriplex mid density markers	C/T
8	58556292	2	S100K-SNP-SB08-058556292-C-T-02	ICRISAT	BI/ICRISAT	C/T
8	58556466	2	S100K-SNP-SB08-058556466-T-C	Agriplex mid density markers	Agriplex mid density markers	T/C
8	58556466	2	S100K-SNP-SB08-058556466-T-C-02	ICRISAT	BI/ICRISAT	T/C
8	58571701	2	S100K-SNP-SB08-058571701-C-G	Agriplex mid density markers	Agriplex mid density markers	C/G
8	58571701	2	S100K-SNP-SB08-058571701-C-G-02	ICRISAT	BI/ICRISAT	C/G
8	58756290	2	S100K-SNP-SB08-058756290-G-C	Agriplex mid density markers	Agriplex mid density markers	G/C
8	58756290	2	S100K-SNP-SB08-058756290-G-C-02	ICRISAT	BI/ICRISAT	G/C
8	58903816	2	S100K-SNP-SB08-058903816-G-C	Agriplex mid density markers	Agriplex mid density markers	G/C
8	58903816	2	S100K-SNP-SB08-058903816-G-C-02	ICRISAT	BI/ICRISAT	G/C
8	58972170	2	S100K-SNP-SB08-058972170-C-T	Agriplex mid density markers	Agriplex mid density markers	C/T
8	58972170	2	S100K-SNP-SB08-058972170-C-T-02	ICRISAT	BI/ICRISAT	C/T
8	59005120	2	S100K-SNP-SB08-059005120-A-G	Agriplex mid density markers	Agriplex mid density markers	A/G
8	59005120	2	S100K-SNP-SB08-059005120-A-G-02	ICRISAT	BI/ICRISAT	A/G
8	59352296	2	S100K-SNP-SB08-059352296-C-T	Agriplex mid density markers	Agriplex mid density markers	C/T
8	59352296	2	S100K-SNP-SB08-059352296-C-T-02	ICRISAT	BI/ICRISAT	C/T
8	59389073	2	S100K-SNP-SB08-059389073-A-G	Agriplex mid density markers	Agriplex mid density markers	A/G
8	59389073	2	S100K-SNP-SB08-059389073-A-G-02	ICRISAT	BI/ICRISAT	A/G
8	59587265	2	S100K-SNP-SB08-059587265-C-T	Agriplex mid density markers	Agriplex mid density markers	C/T
8	59587265	2	S100K-SNP-SB08-059587265-C-T-02	ICRISAT	BI/ICRISAT	C/T
8	59643388	2	S100K-SNP-SB08-059643388-A-G	Agriplex mid density markers	Agriplex mid density markers	A/G
8	59643388	2	S100K-SNP-SB08-059643388-A-G-02	ICRISAT	BI/ICRISAT	A/G
8	59673167	2	S100K-SNP-SB08-059673167-G-A	Agriplex mid density markers	Agriplex mid density markers	G/A
8	59673167	2	S100K-SNP-SB08-059673167-G-A-02	ICRISAT	BI/ICRISAT	G/A
8	59681050	2	S100K-SNP-SB08-059681050-C-T	Agriplex mid density markers	Agriplex mid density markers	C/T
8	59681050	2	S100K-SNP-SB08-059681050-C-T-02	ICRISAT	BI/ICRISAT	C/T
8	5987676	2	S100K-SNP-SB08-005987676-A-C	Agriplex mid density markers	Agriplex mid density markers	A/C
8	5987676	2	S100K-SNP-SB08-005987676-A-C-02	ICRISAT	BI/ICRISAT	A/C
8	60130799	2	S100K-SNP-SB08-060130799-T-C	Agriplex mid density markers	Agriplex mid density markers	T/C
8	60130799	2	S100K-SNP-SB08-060130799-T-C-02	ICRISAT	BI/ICRISAT	T/C
8	60185207	2	S100K-SNP-SB08-060185207-G-A	Agriplex mid density markers	Agriplex mid density markers	G/A
8	60185207	2	S100K-SNP-SB08-060185207-G-A-02	ICRISAT	BI/ICRISAT	G/A
8	60240792	2	S100K-SNP-SB08-060240792-G-C	Agriplex mid density markers	Agriplex mid density markers	G/C
8	60240792	2	S100K-SNP-SB08-060240792-G-C-02	ICRISAT	BI/ICRISAT	G/C
8	60241674	2	S100K-SNP-SB08-060241674-A-G	Agriplex mid density markers	Agriplex mid density markers	A/G
8	60241674	2	S100K-SNP-SB08-060241674-A-G-02	ICRISAT	BI/ICRISAT	A/G
8	60385385	2	S100K-SNP-SB08-060385385-T-G	Agriplex mid density markers	Agriplex mid density markers	T/G
8	60385385	2	S100K-SNP-SB08-060385385-T-G-02	ICRISAT	BI/ICRISAT	T/G
8	60452395	2	S100K-SNP-SB08-060452395-G-C	Agriplex mid density markers	Agriplex mid density markers	G/C
8	60452395	2	S100K-SNP-SB08-060452395-G-C-02	ICRISAT	BI/ICRISAT	G/C
8	60488372	2	S100K-SNP-SB08-060488372-A-G	Agriplex mid density markers	Agriplex mid density markers	A/G
8	60488372	2	S100K-SNP-SB08-060488372-A-G-02	ICRISAT	BI/ICRISAT	A/G
8	60501912	2	S100K-SNP-SB08-060501912-A-C	Agriplex mid density markers	Agriplex mid density markers	A/C
8	60501912	2	S100K-SNP-SB08-060501912-A-C-02	ICRISAT	BI/ICRISAT	A/C
8	60627561	2	S100K-SNP-SB08-060627561-C-T	Agriplex mid density markers	Agriplex mid density markers	C/T
8	60627561	2	S100K-SNP-SB08-060627561-C-T-02	ICRISAT	BI/ICRISAT	C/T
8	60819058	2	S100K-SNP-SB08-060819058-A-G	Agriplex mid density markers	Agriplex mid density markers	A/G
8	60819058	2	S100K-SNP-SB08-060819058-A-G-02	ICRISAT	BI/ICRISAT	A/G
8	60819122	2	S100K-SNP-SB08-060819122-T-C	Agriplex mid density markers	Agriplex mid density markers	T/C
8	60819122	2	S100K-SNP-SB08-060819122-T-C-02	ICRISAT	BI/ICRISAT	T/C
8	60828310	2	S100K-SNP-SB08-060828310-T-G	Agriplex mid density markers	Agriplex mid density markers	T/G
8	60828310	2	S100K-SNP-SB08-060828310-T-G-02	ICRISAT	BI/ICRISAT	T/G
8	60860587	2	S100K-SNP-SB08-060860587-C-T	Agriplex mid density markers	Agriplex mid density markers	C/T
8	60860587	2	S100K-SNP-SB08-060860587-C-T-02	ICRISAT	BI/ICRISAT	C/T
8	60931222	2	S100K-SNP-SB08-060931222-C-T	Agriplex mid density markers	Agriplex mid density markers	C/T
8	60931222	2	S100K-SNP-SB08-060931222-C-T-02	ICRISAT	BI/ICRISAT	C/T
8	60934182	4	S100K-SNP-SB08-060934182-NA-NA	Partial fertility rest.	ICRISAT/EiB	-/-
8	60934182	4	S100K-SNP-SB08-060934182-G-C	Agriplex mid density markers	Agriplex mid density markers	G/C
8	60934182	4	S100K-SNP-SB08-060934182-G-C-02	ICRISAT	BI/ICRISAT	G/C
8	60934182	4	S100K-SNP-SB08-060934182-C-G	Fertility restoration gene	ICRISAT/EiB	C/G
8	60947885	2	S100K-SNP-SB08-060947885-G-C	Agriplex mid density markers	Agriplex mid density markers	G/C
8	60947885	2	S100K-SNP-SB08-060947885-G-C-02	ICRISAT	BI/ICRISAT	G/C
8	61052642	2	S100K-SNP-SB08-061052642-C-G	Agriplex mid density markers	Agriplex mid density markers	C/G
8	61052642	2	S100K-SNP-SB08-061052642-C-G-02	ICRISAT	BI/ICRISAT	C/G
8	6114303	2	S100K-SNP-SB08-006114303-T-C	Agriplex mid density markers	Agriplex mid density markers	T/C
8	6114303	2	S100K-SNP-SB08-006114303-T-C-02	ICRISAT	BI/ICRISAT	T/C
8	6118586	2	S100K-SNP-SB08-006118586-G-A	Agriplex mid density markers	Agriplex mid density markers	G/A
8	6118586	2	S100K-SNP-SB08-006118586-G-A-02	ICRISAT	BI/ICRISAT	G/A
8	61278748	2	S100K-SNP-SB08-061278748-G-A	Agriplex mid density markers	Agriplex mid density markers	G/A
8	61278748	2	S100K-SNP-SB08-061278748-G-A-02	ICRISAT	BI/ICRISAT	G/A
8	615054	2	S100K-SNP-SB08-000615054-C-G	Agriplex mid density markers	Agriplex mid density markers	C/G
8	615054	2	S100K-SNP-SB08-000615054-C-G-02	ICRISAT	BI/ICRISAT	C/G
8	61563181	2	S100K-SNP-SB08-061563181-G-A	Agriplex mid density markers	Agriplex mid density markers	G/A
8	61563181	2	S100K-SNP-SB08-061563181-G-A-02	ICRISAT	BI/ICRISAT	G/A
8	61837648	2	S100K-SNP-SB08-061837648-A-G	Agriplex mid density markers	Agriplex mid density markers	A/G
8	61837648	2	S100K-SNP-SB08-061837648-A-G-02	ICRISAT	BI/ICRISAT	A/G
8	62018224	2	S100K-SNP-SB08-062018224-T-A	Agriplex mid density markers	Agriplex mid density markers	T/A
8	62018224	2	S100K-SNP-SB08-062018224-T-A-02	ICRISAT	BI/ICRISAT	T/A
8	62023661	2	S100K-SNP-SB08-062023661-A-C	Agriplex mid density markers	Agriplex mid density markers	A/C
8	62023661	2	S100K-SNP-SB08-062023661-A-C-02	ICRISAT	BI/ICRISAT	A/C
8	62078794	2	S100K-SNP-SB08-062078794-G-C	Agriplex mid density markers	Agriplex mid density markers	G/C
8	62078794	2	S100K-SNP-SB08-062078794-G-C-02	ICRISAT	BI/ICRISAT	G/C
8	62084754	2	S100K-SNP-SB08-062084754-T-C	Agriplex mid density markers	Agriplex mid density markers	T/C
8	62084754	2	S100K-SNP-SB08-062084754-T-C-02	ICRISAT	BI/ICRISAT	T/C
8	62193730	2	S100K-SNP-SB08-062193730-C-A	Agriplex mid density markers	Agriplex mid density markers	C/A
8	62193730	2	S100K-SNP-SB08-062193730-C-A-02	ICRISAT	BI/ICRISAT	C/A
8	62221039	2	S100K-SNP-SB08-062221039-A-G	Agriplex mid density markers	Agriplex mid density markers	A/G
8	62221039	2	S100K-SNP-SB08-062221039-A-G-02	ICRISAT	BI/ICRISAT	A/G
8	62357171	2	S100K-SNP-SB08-062357171-G-A	Agriplex mid density markers	Agriplex mid density markers	G/A
8	62357171	2	S100K-SNP-SB08-062357171-G-A-02	ICRISAT	BI/ICRISAT	G/A
8	62367132	2	S100K-SNP-SB08-062367132-T-A	Agriplex mid density markers	Agriplex mid density markers	T/A
8	62367132	2	S100K-SNP-SB08-062367132-T-A-02	ICRISAT	BI/ICRISAT	T/A
8	62470927	2	S100K-SNP-SB08-062470927-T-C	Agriplex mid density markers	Agriplex mid density markers	T/C
8	62470927	2	S100K-SNP-SB08-062470927-T-C-02	ICRISAT	BI/ICRISAT	T/C
8	62482707	2	S100K-SNP-SB08-062482707-T-C	Agriplex mid density markers	Agriplex mid density markers	T/C
8	62482707	2	S100K-SNP-SB08-062482707-T-C-02	ICRISAT	BI/ICRISAT	T/C
8	6280523	2	S100K-SNP-SB08-006280523-A-G	Agriplex mid density markers	Agriplex mid density markers	A/G
8	6280523	2	S100K-SNP-SB08-006280523-A-G-02	ICRISAT	BI/ICRISAT	A/G
8	653850	4	S100K-SNP-SB08-000653850-NA-NA	Partial fertility rest.	ICRISAT/EiB	-/-
8	653850	4	S100K-SNP-SB08-000653850-C-T	Agriplex mid density markers	Agriplex mid density markers	C/T
8	653850	4	S100K-SNP-SB08-000653850-C-T-02	ICRISAT	BI/ICRISAT	C/T
8	653850	4	S100K-SNP-SB08-000653850-C-T-03	Fertility restoration gene	ICRISAT/EiB	C/T
8	7012709	2	S100K-SNP-SB08-007012709-C-T	Agriplex mid density markers	Agriplex mid density markers	C/T
8	7012709	2	S100K-SNP-SB08-007012709-C-T-02	ICRISAT	BI/ICRISAT	C/T
8	7071341	2	S100K-SNP-SB08-007071341-T-C	Agriplex mid density markers	Agriplex mid density markers	T/C
8	7071341	2	S100K-SNP-SB08-007071341-T-C-02	ICRISAT	BI/ICRISAT	T/C
8	7159623	2	S100K-SNP-SB08-007159623-T-C	Agriplex mid density markers	Agriplex mid density markers	T/C
8	7159623	2	S100K-SNP-SB08-007159623-T-C-02	ICRISAT	BI/ICRISAT	T/C
8	7284400	2	S100K-SNP-SB08-007284400-G-C	Agriplex mid density markers	Agriplex mid density markers	G/C
8	7284400	2	S100K-SNP-SB08-007284400-G-C-02	ICRISAT	BI/ICRISAT	G/C
8	7766092	2	S100K-SNP-SB08-007766092-G-T	Agriplex mid density markers	Agriplex mid density markers	G/T
8	7766092	2	S100K-SNP-SB08-007766092-G-T-02	ICRISAT	BI/ICRISAT	G/T
8	7872297	2	S100K-SNP-SB08-007872297-C-T	Agriplex mid density markers	Agriplex mid density markers	C/T
8	7872297	2	S100K-SNP-SB08-007872297-C-T-02	ICRISAT	BI/ICRISAT	C/T
8	792065	2	S100K-SNP-SB08-000792065-C-A	Agriplex mid density markers	Agriplex mid density markers	C/A
8	792065	2	S100K-SNP-SB08-000792065-C-A-02	ICRISAT	BI/ICRISAT	C/A
8	902973	2	S100K-SNP-SB08-000902973-C-T	Agriplex mid density markers	Agriplex mid density markers	C/T
8	902973	2	S100K-SNP-SB08-000902973-C-T-02	ICRISAT	BI/ICRISAT	C/T
8	912985	2	S100K-SNP-SB08-000912985-A-G	ICRISAT	BI/ICRISAT	A/G
8	912985	2	S100K-SNP-SB08-000912985-G-A	Fertility restoration gene	ICRISAT/EiB	G/A
8	913023	2	S100K-SNP-SB08-000913023-C-T	ICRISAT	BI/ICRISAT	C/T
8	913023	2	S100K-SNP-SB08-000913023-C-T-02	Fertility restoration gene	ICRISAT/EiB	C/T
8	9195558	2	S100K-SNP-SB08-009195558-T-G	Agriplex mid density markers	Agriplex mid density markers	T/G
8	9195558	2	S100K-SNP-SB08-009195558-T-G-02	ICRISAT	BI/ICRISAT	T/G
8	9299620	2	S100K-SNP-SB08-009299620-G-A	Agriplex mid density markers	Agriplex mid density markers	G/A
8	9299620	2	S100K-SNP-SB08-009299620-G-A-02	ICRISAT	BI/ICRISAT	G/A
8	9721263	2	S100K-SNP-SB08-009721263-T-G	Agriplex mid density markers	Agriplex mid density markers	T/G
8	9721263	2	S100K-SNP-SB08-009721263-T-G-02	ICRISAT	BI/ICRISAT	T/G
9	10332587	2	S100K-SNP-SB09-010332587-A-G	Agriplex mid density markers	Agriplex mid density markers	A/G
9	10332587	2	S100K-SNP-SB09-010332587-A-G-02	ICRISAT	BI/ICRISAT	A/G
9	10594827	2	S100K-SNP-SB09-010594827-C-G	Agriplex mid density markers	Agriplex mid density markers	C/G
9	10594827	2	S100K-SNP-SB09-010594827-C-G-02	ICRISAT	BI/ICRISAT	C/G
9	10639975	2	S100K-SNP-SB09-010639975-G-A	Agriplex mid density markers	Agriplex mid density markers	G/A
9	10639975	2	S100K-SNP-SB09-010639975-G-A-02	ICRISAT	BI/ICRISAT	G/A
9	113865	2	S100K-SNP-SB09-000113865-G-A	Agriplex mid density markers	Agriplex mid density markers	G/A
9	113865	2	S100K-SNP-SB09-000113865-G-A-02	ICRISAT	BI/ICRISAT	G/A
9	1190784	2	S100K-SNP-SB09-001190784-C-A	Agriplex mid density markers	Agriplex mid density markers	C/A
9	1190784	2	S100K-SNP-SB09-001190784-C-A-02	ICRISAT	BI/ICRISAT	C/A
9	11940753	2	S100K-SNP-SB09-011940753-A-C	Agriplex mid density markers	Agriplex mid density markers	A/C
9	11940753	2	S100K-SNP-SB09-011940753-A-C-02	ICRISAT	BI/ICRISAT	A/C
9	12573652	2	S100K-SNP-SB09-012573652-A-C	Agriplex mid density markers	Agriplex mid density markers	A/C
9	12573652	2	S100K-SNP-SB09-012573652-A-C-02	ICRISAT	BI/ICRISAT	A/C
9	12575258	2	S100K-SNP-SB09-012575258-T-G	Agriplex mid density markers	Agriplex mid density markers	T/G
9	12575258	2	S100K-SNP-SB09-012575258-T-G-02	ICRISAT	BI/ICRISAT	T/G
9	12575744	2	S100K-SNP-SB09-012575744-G-A	Agriplex mid density markers	Agriplex mid density markers	G/A
9	12575744	2	S100K-SNP-SB09-012575744-G-A-02	ICRISAT	BI/ICRISAT	G/A
9	1315761	2	S100K-SNP-SB09-001315761-T-C	Agriplex mid density markers	Agriplex mid density markers	T/C
9	1315761	2	S100K-SNP-SB09-001315761-T-C-02	ICRISAT	BI/ICRISAT	T/C
9	13375820	2	S100K-SNP-SB09-013375820-C-G	Agriplex mid density markers	Agriplex mid density markers	C/G
9	13375820	2	S100K-SNP-SB09-013375820-C-G-02	ICRISAT	BI/ICRISAT	C/G
9	14472373	2	S100K-SNP-SB09-014472373-T-C	Agriplex mid density markers	Agriplex mid density markers	T/C
9	14472373	2	S100K-SNP-SB09-014472373-T-C-02	ICRISAT	BI/ICRISAT	T/C
9	15251394	2	S100K-SNP-SB09-015251394-C-T	Agriplex mid density markers	Agriplex mid density markers	C/T
9	15251394	2	S100K-SNP-SB09-015251394-C-T-02	ICRISAT	BI/ICRISAT	C/T
9	15337777	2	S100K-SNP-SB09-015337777-T-C	Agriplex mid density markers	Agriplex mid density markers	T/C
9	15337777	2	S100K-SNP-SB09-015337777-T-C-02	ICRISAT	BI/ICRISAT	T/C
9	15361515	2	S100K-SNP-SB09-015361515-G-A	Agriplex mid density markers	Agriplex mid density markers	G/A
9	15361515	2	S100K-SNP-SB09-015361515-G-A-02	ICRISAT	BI/ICRISAT	G/A
9	1545573	2	S100K-SNP-SB09-001545573-T-G	Agriplex mid density markers	Agriplex mid density markers	T/G
9	1545573	2	S100K-SNP-SB09-001545573-T-G-02	ICRISAT	BI/ICRISAT	T/G
9	15601316	2	S100K-SNP-SB09-015601316-T-C	Agriplex mid density markers	Agriplex mid density markers	T/C
9	15601316	2	S100K-SNP-SB09-015601316-T-C-02	ICRISAT	BI/ICRISAT	T/C
9	1615860	2	S100K-SNP-SB09-001615860-A-G	Agriplex mid density markers	Agriplex mid density markers	A/G
9	1615860	2	S100K-SNP-SB09-001615860-A-G-02	ICRISAT	BI/ICRISAT	A/G
9	16272219	2	S100K-SNP-SB09-016272219-C-T	Agriplex mid density markers	Agriplex mid density markers	C/T
9	16272219	2	S100K-SNP-SB09-016272219-C-T-02	ICRISAT	BI/ICRISAT	C/T
9	1646345	2	S100K-SNP-SB09-001646345-A-G	Agriplex mid density markers	Agriplex mid density markers	A/G
9	1646345	2	S100K-SNP-SB09-001646345-A-G-02	ICRISAT	BI/ICRISAT	A/G
9	1676038	2	S100K-SNP-SB09-001676038-C-T	Agriplex mid density markers	Agriplex mid density markers	C/T
9	1676038	2	S100K-SNP-SB09-001676038-C-T-02	ICRISAT	BI/ICRISAT	C/T
9	1698328	2	S100K-SNP-SB09-001698328-C-T	Agriplex mid density markers	Agriplex mid density markers	C/T
9	1698328	2	S100K-SNP-SB09-001698328-C-T-02	ICRISAT	BI/ICRISAT	C/T
9	1774195	2	S100K-SNP-SB09-001774195-G-A	Agriplex mid density markers	Agriplex mid density markers	G/A
9	1774195	2	S100K-SNP-SB09-001774195-G-A-02	ICRISAT	BI/ICRISAT	G/A
9	1812472	2	S100K-SNP-SB09-001812472-G-A	Agriplex mid density markers	Agriplex mid density markers	G/A
9	1812472	2	S100K-SNP-SB09-001812472-G-A-02	ICRISAT	BI/ICRISAT	G/A
9	1812682	2	S100K-SNP-SB09-001812682-G-A	Agriplex mid density markers	Agriplex mid density markers	G/A
9	1812682	2	S100K-SNP-SB09-001812682-G-A-02	ICRISAT	BI/ICRISAT	G/A
9	18426157	2	S100K-SNP-SB09-018426157-T-C	Agriplex mid density markers	Agriplex mid density markers	T/C
9	18426157	2	S100K-SNP-SB09-018426157-T-C-02	ICRISAT	BI/ICRISAT	T/C
9	1863325	2	S100K-SNP-SB09-001863325-T-G	Agriplex mid density markers	Agriplex mid density markers	T/G
9	1863325	2	S100K-SNP-SB09-001863325-T-G-02	ICRISAT	BI/ICRISAT	T/G
9	200938	3	S100K-SNP-SB09-000200938-C-T	Anthracnose resistance	Cuevas/USDA	C/T
9	200938	3	S100K-SNP-SB09-000200938-C-T-02	Agriplex mid density markers	Agriplex mid density markers	C/T
9	200938	3	S100K-SNP-SB09-000200938-C-T-03	ICRISAT	BI/ICRISAT	C/T
9	20409022	2	S100K-SNP-SB09-020409022-C-T	Agriplex mid density markers	Agriplex mid density markers	C/T
9	20409022	2	S100K-SNP-SB09-020409022-C-T-02	ICRISAT	BI/ICRISAT	C/T
9	20928365	2	S100K-SNP-SB09-020928365-T-G	Agriplex mid density markers	Agriplex mid density markers	T/G
9	20928365	2	S100K-SNP-SB09-020928365-T-G-02	ICRISAT	BI/ICRISAT	T/G
9	21251419	2	S100K-SNP-SB09-021251419-C-T	Agriplex mid density markers	Agriplex mid density markers	C/T
9	21251419	2	S100K-SNP-SB09-021251419-C-T-02	ICRISAT	BI/ICRISAT	C/T
9	21314485	2	S100K-SNP-SB09-021314485-A-G	Agriplex mid density markers	Agriplex mid density markers	A/G
9	21314485	2	S100K-SNP-SB09-021314485-A-G-02	ICRISAT	BI/ICRISAT	A/G
9	21318081	2	S100K-SNP-SB09-021318081-G-A	Agriplex mid density markers	Agriplex mid density markers	G/A
9	21318081	2	S100K-SNP-SB09-021318081-G-A-02	ICRISAT	BI/ICRISAT	G/A
9	2238328	2	S100K-SNP-SB09-002238328-A-G	Agriplex mid density markers	Agriplex mid density markers	A/G
9	2238328	2	S100K-SNP-SB09-002238328-A-G-02	ICRISAT	BI/ICRISAT	A/G
9	24253940	2	S100K-SNP-SB09-024253940-A-G	Agriplex mid density markers	Agriplex mid density markers	A/G
9	24253940	2	S100K-SNP-SB09-024253940-A-G-02	ICRISAT	BI/ICRISAT	A/G
9	2498309	2	S100K-SNP-SB09-002498309-A-G	Agriplex mid density markers	Agriplex mid density markers	A/G
9	2498309	2	S100K-SNP-SB09-002498309-A-G-02	ICRISAT	BI/ICRISAT	A/G
9	25819683	2	S100K-SNP-SB09-025819683-G-C	Agriplex mid density markers	Agriplex mid density markers	G/C
9	25819683	2	S100K-SNP-SB09-025819683-G-C-02	ICRISAT	BI/ICRISAT	G/C
9	25842592	2	S100K-SNP-SB09-025842592-T-C	Agriplex mid density markers	Agriplex mid density markers	T/C
9	25842592	2	S100K-SNP-SB09-025842592-T-C-02	ICRISAT	BI/ICRISAT	T/C
9	2672406	2	S100K-SNP-SB09-002672406-T-C	Agriplex mid density markers	Agriplex mid density markers	T/C
9	2672406	2	S100K-SNP-SB09-002672406-T-C-02	ICRISAT	BI/ICRISAT	T/C
9	2886889	2	S100K-SNP-SB09-002886889-T-C	Agriplex mid density markers	Agriplex mid density markers	T/C
9	2886889	2	S100K-SNP-SB09-002886889-T-C-02	ICRISAT	BI/ICRISAT	T/C
9	2984357	2	S100K-SNP-SB09-002984357-A-G	Agriplex mid density markers	Agriplex mid density markers	A/G
9	2984357	2	S100K-SNP-SB09-002984357-A-G-02	ICRISAT	BI/ICRISAT	A/G
9	3059895	2	S100K-SNP-SB09-003059895-T-A	Agriplex mid density markers	Agriplex mid density markers	T/A
9	3059895	2	S100K-SNP-SB09-003059895-T-A-02	ICRISAT	BI/ICRISAT	T/A
9	3163806	2	S100K-SNP-SB09-003163806-A-G	Agriplex mid density markers	Agriplex mid density markers	A/G
9	3163806	2	S100K-SNP-SB09-003163806-A-G-02	ICRISAT	BI/ICRISAT	A/G
9	3164030	2	S100K-SNP-SB09-003164030-G-C	Agriplex mid density markers	Agriplex mid density markers	G/C
9	3164030	2	S100K-SNP-SB09-003164030-G-C-02	ICRISAT	BI/ICRISAT	G/C
9	3177825	2	S100K-SNP-SB09-003177825-A-G	Agriplex mid density markers	Agriplex mid density markers	A/G
9	3177825	2	S100K-SNP-SB09-003177825-A-G-02	ICRISAT	BI/ICRISAT	A/G
9	3177907	2	S100K-SNP-SB09-003177907-G-C	Agriplex mid density markers	Agriplex mid density markers	G/C
9	3177907	2	S100K-SNP-SB09-003177907-G-C-02	ICRISAT	BI/ICRISAT	G/C
9	3314960	2	S100K-SNP-SB09-003314960-T-C	Agriplex mid density markers	Agriplex mid density markers	T/C
9	3314960	2	S100K-SNP-SB09-003314960-T-C-02	ICRISAT	BI/ICRISAT	T/C
9	3346746	2	S100K-SNP-SB09-003346746-T-G	Agriplex mid density markers	Agriplex mid density markers	T/G
9	3346746	2	S100K-SNP-SB09-003346746-T-G-02	ICRISAT	BI/ICRISAT	T/G
9	33820065	2	S100K-SNP-SB09-033820065-A-G	Agriplex mid density markers	Agriplex mid density markers	A/G
9	33820065	2	S100K-SNP-SB09-033820065-A-G-02	ICRISAT	BI/ICRISAT	A/G
9	3558565	2	S100K-SNP-SB09-003558565-A-G	Agriplex mid density markers	Agriplex mid density markers	A/G
9	3558565	2	S100K-SNP-SB09-003558565-A-G-02	ICRISAT	BI/ICRISAT	A/G
9	361240	2	S100K-SNP-SB09-000361240-G-A	Agriplex mid density markers	Agriplex mid density markers	G/A
9	361240	2	S100K-SNP-SB09-000361240-G-A-02	ICRISAT	BI/ICRISAT	G/A
9	3618727	2	S100K-SNP-SB09-003618727-C-G	Agriplex mid density markers	Agriplex mid density markers	C/G
9	3618727	2	S100K-SNP-SB09-003618727-C-G-02	ICRISAT	BI/ICRISAT	C/G
9	363408	2	S100K-SNP-SB09-000363408-G-A	Agriplex mid density markers	Agriplex mid density markers	G/A
9	363408	2	S100K-SNP-SB09-000363408-G-A-02	ICRISAT	BI/ICRISAT	G/A
9	3905123	2	S100K-SNP-SB09-003905123-G-A	Agriplex mid density markers	Agriplex mid density markers	G/A
9	3905123	2	S100K-SNP-SB09-003905123-G-A-02	ICRISAT	BI/ICRISAT	G/A
9	3979525	2	S100K-SNP-SB09-003979525-T-C	Agriplex mid density markers	Agriplex mid density markers	T/C
9	3979525	2	S100K-SNP-SB09-003979525-T-C-02	ICRISAT	BI/ICRISAT	T/C
9	3983203	2	S100K-SNP-SB09-003983203-G-T	Agriplex mid density markers	Agriplex mid density markers	G/T
9	3983203	2	S100K-SNP-SB09-003983203-G-T-02	ICRISAT	BI/ICRISAT	G/T
9	404903	2	S100K-SNP-SB09-000404903-T-C	Agriplex mid density markers	Agriplex mid density markers	T/C
9	404903	2	S100K-SNP-SB09-000404903-T-C-02	ICRISAT	BI/ICRISAT	T/C
9	41088398	2	S100K-SNP-SB09-041088398-C-T	Agriplex mid density markers	Agriplex mid density markers	C/T
9	41088398	2	S100K-SNP-SB09-041088398-C-T-02	ICRISAT	BI/ICRISAT	C/T
9	41088470	2	S100K-SNP-SB09-041088470-G-A	Agriplex mid density markers	Agriplex mid density markers	G/A
9	41088470	2	S100K-SNP-SB09-041088470-G-A-02	ICRISAT	BI/ICRISAT	G/A
9	4110620	2	S100K-SNP-SB09-004110620-C-T	Agriplex mid density markers	Agriplex mid density markers	C/T
9	4110620	2	S100K-SNP-SB09-004110620-C-T-02	ICRISAT	BI/ICRISAT	C/T
9	41600666	2	S100K-SNP-SB09-041600666-C-T	Agriplex mid density markers	Agriplex mid density markers	C/T
9	41600666	2	S100K-SNP-SB09-041600666-C-T-02	ICRISAT	BI/ICRISAT	C/T
9	42349231	2	S100K-SNP-SB09-042349231-G-A	Agriplex mid density markers	Agriplex mid density markers	G/A
9	42349231	2	S100K-SNP-SB09-042349231-G-A-02	ICRISAT	BI/ICRISAT	G/A
9	42430311	2	S100K-SNP-SB09-042430311-A-G	Agriplex mid density markers	Agriplex mid density markers	A/G
9	42430311	2	S100K-SNP-SB09-042430311-A-G-02	ICRISAT	BI/ICRISAT	A/G
9	4248350	4	S100K-SNP-SB09-004248350-NA-NA	Fertility restoration	ICRISAT/EiB	-/-
9	4248350	4	S100K-SNP-SB09-004248350-A-G	Agriplex mid density markers	Agriplex mid density markers	A/G
9	4248350	4	S100K-SNP-SB09-004248350-A-G-02	ICRISAT	BI/ICRISAT	A/G
9	4248350	4	S100K-SNP-SB09-004248350-G-A	Fertility restoration gene	ICRISAT/EiB	G/A
9	42794266	2	S100K-SNP-SB09-042794266-T-C	Agriplex mid density markers	Agriplex mid density markers	T/C
9	42794266	2	S100K-SNP-SB09-042794266-T-C-02	ICRISAT	BI/ICRISAT	T/C
9	42811586	2	S100K-SNP-SB09-042811586-A-G	Agriplex mid density markers	Agriplex mid density markers	A/G
9	42811586	2	S100K-SNP-SB09-042811586-A-G-02	ICRISAT	BI/ICRISAT	A/G
9	4377589	2	S100K-SNP-SB09-004377589-A-C	Agriplex mid density markers	Agriplex mid density markers	A/C
9	4377589	2	S100K-SNP-SB09-004377589-A-C-02	ICRISAT	BI/ICRISAT	A/C
9	44009459	2	S100K-SNP-SB09-044009459-G-C	Agriplex mid density markers	Agriplex mid density markers	G/C
9	44009459	2	S100K-SNP-SB09-044009459-G-C-02	ICRISAT	BI/ICRISAT	G/C
9	44646827	2	S100K-SNP-SB09-044646827-T-C	Agriplex mid density markers	Agriplex mid density markers	T/C
9	44646827	2	S100K-SNP-SB09-044646827-T-C-02	ICRISAT	BI/ICRISAT	T/C
9	44665579	2	S100K-SNP-SB09-044665579-G-A	Agriplex mid density markers	Agriplex mid density markers	G/A
9	44665579	2	S100K-SNP-SB09-044665579-G-A-02	ICRISAT	BI/ICRISAT	G/A
9	44684778	2	S100K-SNP-SB09-044684778-A-G	Agriplex mid density markers	Agriplex mid density markers	A/G
9	44684778	2	S100K-SNP-SB09-044684778-A-G-02	ICRISAT	BI/ICRISAT	A/G
9	45012279	2	S100K-SNP-SB09-045012279-G-A	Agriplex mid density markers	Agriplex mid density markers	G/A
9	45012279	2	S100K-SNP-SB09-045012279-G-A-02	ICRISAT	BI/ICRISAT	G/A
9	45032090	2	S100K-SNP-SB09-045032090-C-T	ICRISAT	BI/ICRISAT	C/T
9	45032090	2	S100K-SNP-SB09-045032090-T-C	Quality Control	ICRISAT/EiB	T/C
9	45599314	2	S100K-SNP-SB09-045599314-T-C	Agriplex mid density markers	Agriplex mid density markers	T/C
9	45599314	2	S100K-SNP-SB09-045599314-T-C-02	ICRISAT	BI/ICRISAT	T/C
9	45637088	2	S100K-SNP-SB09-045637088-C-G	Agriplex mid density markers	Agriplex mid density markers	C/G
9	45637088	2	S100K-SNP-SB09-045637088-C-G-02	ICRISAT	BI/ICRISAT	C/G
9	46053421	2	S100K-SNP-SB09-046053421-T-A	Agriplex mid density markers	Agriplex mid density markers	T/A
9	46053421	2	S100K-SNP-SB09-046053421-T-A-02	ICRISAT	BI/ICRISAT	T/A
9	46060760	2	S100K-SNP-SB09-046060760-T-C	Agriplex mid density markers	Agriplex mid density markers	T/C
9	46060760	2	S100K-SNP-SB09-046060760-T-C-02	ICRISAT	BI/ICRISAT	T/C
9	461218	2	S100K-SNP-SB09-000461218-A-C	Agriplex mid density markers	Agriplex mid density markers	A/C
9	461218	2	S100K-SNP-SB09-000461218-A-C-02	ICRISAT	BI/ICRISAT	A/C
9	46312010	2	S100K-SNP-SB09-046312010-C-A	Agriplex mid density markers	Agriplex mid density markers	C/A
9	46312010	2	S100K-SNP-SB09-046312010-C-A-02	ICRISAT	BI/ICRISAT	C/A
9	46616891	4	S100K-SNP-SB09-046616891-NA-NA	Fertility restoration	ICRISAT/EiB	-/-
9	46616891	4	S100K-SNP-SB09-046616891-A-G	Agriplex mid density markers	Agriplex mid density markers	A/G
9	46616891	4	S100K-SNP-SB09-046616891-A-G-02	ICRISAT	BI/ICRISAT	A/G
9	46616891	4	S100K-SNP-SB09-046616891-A-G-03	Fertility restoration gene	ICRISAT/EiB	A/G
9	47120193	2	S100K-SNP-SB09-047120193-G-A	Agriplex mid density markers	Agriplex mid density markers	G/A
9	47120193	2	S100K-SNP-SB09-047120193-G-A-02	ICRISAT	BI/ICRISAT	G/A
9	47156087	2	S100K-SNP-SB09-047156087-T-C	Agriplex mid density markers	Agriplex mid density markers	T/C
9	47156087	2	S100K-SNP-SB09-047156087-T-C-02	ICRISAT	BI/ICRISAT	T/C
9	47254520	2	S100K-SNP-SB09-047254520-A-T	Agriplex mid density markers	Agriplex mid density markers	A/T
9	47254520	2	S100K-SNP-SB09-047254520-A-T-02	ICRISAT	BI/ICRISAT	A/T
9	47257153	2	S100K-SNP-SB09-047257153-A-T	Agriplex mid density markers	Agriplex mid density markers	A/T
9	47257153	2	S100K-SNP-SB09-047257153-A-T-02	ICRISAT	BI/ICRISAT	A/T
9	47264711	2	S100K-SNP-SB09-047264711-T-G	Agriplex mid density markers	Agriplex mid density markers	T/G
9	47264711	2	S100K-SNP-SB09-047264711-T-G-02	ICRISAT	BI/ICRISAT	T/G
9	47596511	2	S100K-SNP-SB09-047596511-T-C	Agriplex mid density markers	Agriplex mid density markers	T/C
9	47596511	2	S100K-SNP-SB09-047596511-T-C-02	ICRISAT	BI/ICRISAT	T/C
9	47970834	2	S100K-SNP-SB09-047970834-C-A	Agriplex mid density markers	Agriplex mid density markers	C/A
9	47970834	2	S100K-SNP-SB09-047970834-C-A-02	ICRISAT	BI/ICRISAT	C/A
9	48070479	2	S100K-SNP-SB09-048070479-A-T	Agriplex mid density markers	Agriplex mid density markers	A/T
9	48070479	2	S100K-SNP-SB09-048070479-A-T-02	ICRISAT	BI/ICRISAT	A/T
9	48117565	2	S100K-SNP-SB09-048117565-G-A	Agriplex mid density markers	Agriplex mid density markers	G/A
9	48117565	2	S100K-SNP-SB09-048117565-G-A-02	ICRISAT	BI/ICRISAT	G/A
9	48288282	2	S100K-SNP-SB09-048288282-A-C	Agriplex mid density markers	Agriplex mid density markers	A/C
9	48288282	2	S100K-SNP-SB09-048288282-A-C-02	ICRISAT	BI/ICRISAT	A/C
9	485150	2	S100K-SNP-SB09-000485150-T-A	Agriplex mid density markers	Agriplex mid density markers	T/A
9	485150	2	S100K-SNP-SB09-000485150-T-A-02	ICRISAT	BI/ICRISAT	T/A
9	4867656	2	S100K-SNP-SB09-004867656-T-C	Agriplex mid density markers	Agriplex mid density markers	T/C
9	4867656	2	S100K-SNP-SB09-004867656-T-C-02	ICRISAT	BI/ICRISAT	T/C
9	49032281	2	S100K-SNP-SB09-049032281-C-G	Agriplex mid density markers	Agriplex mid density markers	C/G
9	49032281	2	S100K-SNP-SB09-049032281-C-G-02	ICRISAT	BI/ICRISAT	C/G
9	49337473	2	S100K-SNP-SB09-049337473-A-G	Agriplex mid density markers	Agriplex mid density markers	A/G
9	49337473	2	S100K-SNP-SB09-049337473-A-G-02	ICRISAT	BI/ICRISAT	A/G
9	49367419	2	S100K-SNP-SB09-049367419-C-A	Agriplex mid density markers	Agriplex mid density markers	C/A
9	49367419	2	S100K-SNP-SB09-049367419-C-A-02	ICRISAT	BI/ICRISAT	C/A
9	49414540	2	S100K-SNP-SB09-049414540-A-G	Agriplex mid density markers	Agriplex mid density markers	A/G
9	49414540	2	S100K-SNP-SB09-049414540-A-G-02	ICRISAT	BI/ICRISAT	A/G
9	4947142	2	S100K-SNP-SB09-004947142-G-C	Agriplex mid density markers	Agriplex mid density markers	G/C
9	4947142	2	S100K-SNP-SB09-004947142-G-C-02	ICRISAT	BI/ICRISAT	G/C
9	49803067	2	S100K-SNP-SB09-049803067-G-T	Agriplex mid density markers	Agriplex mid density markers	G/T
9	49803067	2	S100K-SNP-SB09-049803067-G-T-02	ICRISAT	BI/ICRISAT	G/T
9	49940632	2	S100K-SNP-SB09-049940632-G-T	Agriplex mid density markers	Agriplex mid density markers	G/T
9	49940632	2	S100K-SNP-SB09-049940632-G-T-02	ICRISAT	BI/ICRISAT	G/T
9	49940810	2	S100K-SNP-SB09-049940810-C-T	Agriplex mid density markers	Agriplex mid density markers	C/T
9	49940810	2	S100K-SNP-SB09-049940810-C-T-02	ICRISAT	BI/ICRISAT	C/T
9	49976288	2	S100K-SNP-SB09-049976288-T-A	Agriplex mid density markers	Agriplex mid density markers	T/A
9	49976288	2	S100K-SNP-SB09-049976288-T-A-02	ICRISAT	BI/ICRISAT	T/A
9	50014845	2	S100K-SNP-SB09-050014845-G-T	Agriplex mid density markers	Agriplex mid density markers	G/T
9	50014845	2	S100K-SNP-SB09-050014845-G-T-02	ICRISAT	BI/ICRISAT	G/T
9	50020188	2	S100K-SNP-SB09-050020188-A-C	Agriplex mid density markers	Agriplex mid density markers	A/C
9	50020188	2	S100K-SNP-SB09-050020188-A-C-02	ICRISAT	BI/ICRISAT	A/C
9	50101834	2	S100K-SNP-SB09-050101834-A-G	Agriplex mid density markers	Agriplex mid density markers	A/G
9	50101834	2	S100K-SNP-SB09-050101834-A-G-02	ICRISAT	BI/ICRISAT	A/G
9	50164880	2	S100K-SNP-SB09-050164880-A-G	Agriplex mid density markers	Agriplex mid density markers	A/G
9	50164880	2	S100K-SNP-SB09-050164880-A-G-02	ICRISAT	BI/ICRISAT	A/G
9	50181475	2	S100K-SNP-SB09-050181475-T-C	Agriplex mid density markers	Agriplex mid density markers	T/C
9	50181475	2	S100K-SNP-SB09-050181475-T-C-02	ICRISAT	BI/ICRISAT	T/C
9	50227800	2	S100K-SNP-SB09-050227800-C-G	Agriplex mid density markers	Agriplex mid density markers	C/G
9	50227800	2	S100K-SNP-SB09-050227800-C-G-02	ICRISAT	BI/ICRISAT	C/G
9	50594866	2	S100K-SNP-SB09-050594866-T-G	Agriplex mid density markers	Agriplex mid density markers	T/G
9	50594866	2	S100K-SNP-SB09-050594866-T-G-02	ICRISAT	BI/ICRISAT	T/G
9	5067309	2	S100K-SNP-SB09-005067309-G-A	Agriplex mid density markers	Agriplex mid density markers	G/A
9	5067309	2	S100K-SNP-SB09-005067309-G-A-02	ICRISAT	BI/ICRISAT	G/A
9	50751693	2	S100K-SNP-SB09-050751693-C-T	Agriplex mid density markers	Agriplex mid density markers	C/T
9	50751693	2	S100K-SNP-SB09-050751693-C-T-02	ICRISAT	BI/ICRISAT	C/T
9	50873131	2	S100K-SNP-SB09-050873131-A-T	Agriplex mid density markers	Agriplex mid density markers	A/T
9	50873131	2	S100K-SNP-SB09-050873131-A-T-02	ICRISAT	BI/ICRISAT	A/T
9	50907272	2	S100K-SNP-SB09-050907272-T-G	Agriplex mid density markers	Agriplex mid density markers	T/G
9	50907272	2	S100K-SNP-SB09-050907272-T-G-02	ICRISAT	BI/ICRISAT	T/G
9	51248457	2	S100K-SNP-SB09-051248457-T-G	Agriplex mid density markers	Agriplex mid density markers	T/G
9	51248457	2	S100K-SNP-SB09-051248457-T-G-02	ICRISAT	BI/ICRISAT	T/G
9	51277755	2	S100K-SNP-SB09-051277755-T-G	Agriplex mid density markers	Agriplex mid density markers	T/G
9	51277755	2	S100K-SNP-SB09-051277755-T-G-02	ICRISAT	BI/ICRISAT	T/G
9	51454603	2	S100K-SNP-SB09-051454603-A-G	Agriplex mid density markers	Agriplex mid density markers	A/G
9	51454603	2	S100K-SNP-SB09-051454603-A-G-02	ICRISAT	BI/ICRISAT	A/G
9	51493692	2	S100K-SNP-SB09-051493692-C-T	Agriplex mid density markers	Agriplex mid density markers	C/T
9	51493692	2	S100K-SNP-SB09-051493692-C-T-02	ICRISAT	BI/ICRISAT	C/T
9	51633653	2	S100K-SNP-SB09-051633653-C-A	Agriplex mid density markers	Agriplex mid density markers	C/A
9	51633653	2	S100K-SNP-SB09-051633653-C-A-02	ICRISAT	BI/ICRISAT	C/A
9	51718677	2	S100K-SNP-SB09-051718677-C-T	Agriplex mid density markers	Agriplex mid density markers	C/T
9	51718677	2	S100K-SNP-SB09-051718677-C-T-02	ICRISAT	BI/ICRISAT	C/T
9	51779030	2	S100K-SNP-SB09-051779030-T-C	Agriplex mid density markers	Agriplex mid density markers	T/C
9	51779030	2	S100K-SNP-SB09-051779030-T-C-02	ICRISAT	BI/ICRISAT	T/C
9	51847940	2	S100K-SNP-SB09-051847940-G-C	Agriplex mid density markers	Agriplex mid density markers	G/C
9	51847940	2	S100K-SNP-SB09-051847940-G-C-02	ICRISAT	BI/ICRISAT	G/C
9	51973123	2	S100K-SNP-SB09-051973123-C-T	Agriplex mid density markers	Agriplex mid density markers	C/T
9	51973123	2	S100K-SNP-SB09-051973123-C-T-02	ICRISAT	BI/ICRISAT	C/T
9	52122945	2	S100K-SNP-SB09-052122945-T-C	Agriplex mid density markers	Agriplex mid density markers	T/C
9	52122945	2	S100K-SNP-SB09-052122945-T-C-02	ICRISAT	BI/ICRISAT	T/C
9	52364649	2	S100K-SNP-SB09-052364649-G-A	Agriplex mid density markers	Agriplex mid density markers	G/A
9	52364649	2	S100K-SNP-SB09-052364649-G-A-02	ICRISAT	BI/ICRISAT	G/A
9	52377560	2	S100K-SNP-SB09-052377560-A-G	Agriplex mid density markers	Agriplex mid density markers	A/G
9	52377560	2	S100K-SNP-SB09-052377560-A-G-02	ICRISAT	BI/ICRISAT	A/G
9	52381116	2	S100K-SNP-SB09-052381116-C-T	Agriplex mid density markers	Agriplex mid density markers	C/T
9	52381116	2	S100K-SNP-SB09-052381116-C-T-02	ICRISAT	BI/ICRISAT	C/T
9	52554672	2	S100K-SNP-SB09-052554672-G-A	Agriplex mid density markers	Agriplex mid density markers	G/A
9	52554672	2	S100K-SNP-SB09-052554672-G-A-02	ICRISAT	BI/ICRISAT	G/A
9	52777268	2	S100K-SNP-SB09-052777268-G-C	Agriplex mid density markers	Agriplex mid density markers	G/C
9	52777268	2	S100K-SNP-SB09-052777268-G-C-02	ICRISAT	BI/ICRISAT	G/C
9	52806170	2	S100K-SNP-SB09-052806170-A-T	Agriplex mid density markers	Agriplex mid density markers	A/T
9	52806170	2	S100K-SNP-SB09-052806170-A-T-02	ICRISAT	BI/ICRISAT	A/T
9	52824004	2	S100K-SNP-SB09-052824004-G-C	Agriplex mid density markers	Agriplex mid density markers	G/C
9	52824004	2	S100K-SNP-SB09-052824004-G-C-02	ICRISAT	BI/ICRISAT	G/C
9	52930421	2	S100K-SNP-SB09-052930421-T-C	Agriplex mid density markers	Agriplex mid density markers	T/C
9	52930421	2	S100K-SNP-SB09-052930421-T-C-02	ICRISAT	BI/ICRISAT	T/C
9	52937785	2	S100K-SNP-SB09-052937785-T-G	Agriplex mid density markers	Agriplex mid density markers	T/G
9	52937785	2	S100K-SNP-SB09-052937785-T-G-02	ICRISAT	BI/ICRISAT	T/G
9	53037477	2	S100K-SNP-SB09-053037477-G-C	Agriplex mid density markers	Agriplex mid density markers	G/C
9	53037477	2	S100K-SNP-SB09-053037477-G-C-02	ICRISAT	BI/ICRISAT	G/C
9	53113844	2	S100K-SNP-SB09-053113844-G-T	Agriplex mid density markers	Agriplex mid density markers	G/T
9	53113844	2	S100K-SNP-SB09-053113844-G-T-02	ICRISAT	BI/ICRISAT	G/T
9	53139314	2	S100K-SNP-SB09-053139314-A-G	Agriplex mid density markers	Agriplex mid density markers	A/G
9	53139314	2	S100K-SNP-SB09-053139314-A-G-02	ICRISAT	BI/ICRISAT	A/G
9	53218580	2	S100K-SNP-SB09-053218580-C-G	Agriplex mid density markers	Agriplex mid density markers	C/G
9	53218580	2	S100K-SNP-SB09-053218580-C-G-02	ICRISAT	BI/ICRISAT	C/G
9	53224619	2	S100K-SNP-SB09-053224619-C-T	Agriplex mid density markers	Agriplex mid density markers	C/T
9	53224619	2	S100K-SNP-SB09-053224619-C-T-02	ICRISAT	BI/ICRISAT	C/T
9	53383648	2	S100K-SNP-SB09-053383648-G-A	Agriplex mid density markers	Agriplex mid density markers	G/A
9	53383648	2	S100K-SNP-SB09-053383648-G-A-02	ICRISAT	BI/ICRISAT	G/A
9	53384220	2	S100K-SNP-SB09-053384220-G-T	Agriplex mid density markers	Agriplex mid density markers	G/T
9	53384220	2	S100K-SNP-SB09-053384220-G-T-02	ICRISAT	BI/ICRISAT	G/T
9	53562099	2	S100K-SNP-SB09-053562099-T-C	Agriplex mid density markers	Agriplex mid density markers	T/C
9	53562099	2	S100K-SNP-SB09-053562099-T-C-02	ICRISAT	BI/ICRISAT	T/C
9	53998046	2	S100K-SNP-SB09-053998046-T-C	Agriplex mid density markers	Agriplex mid density markers	T/C
9	53998046	2	S100K-SNP-SB09-053998046-T-C-02	ICRISAT	BI/ICRISAT	T/C
9	54111208	2	S100K-SNP-SB09-054111208-C-T	Agriplex mid density markers	Agriplex mid density markers	C/T
9	54111208	2	S100K-SNP-SB09-054111208-C-T-02	ICRISAT	BI/ICRISAT	C/T
9	54113929	2	S100K-SNP-SB09-054113929-G-A	Agriplex mid density markers	Agriplex mid density markers	G/A
9	54113929	2	S100K-SNP-SB09-054113929-G-A-02	ICRISAT	BI/ICRISAT	G/A
9	54245690	2	S100K-SNP-SB09-054245690-C-T	Agriplex mid density markers	Agriplex mid density markers	C/T
9	54245690	2	S100K-SNP-SB09-054245690-C-T-02	ICRISAT	BI/ICRISAT	C/T
9	54316399	2	S100K-SNP-SB09-054316399-C-G	Agriplex mid density markers	Agriplex mid density markers	C/G
9	54316399	2	S100K-SNP-SB09-054316399-C-G-02	ICRISAT	BI/ICRISAT	C/G
9	54317411	2	S100K-SNP-SB09-054317411-C-G	Agriplex mid density markers	Agriplex mid density markers	C/G
9	54317411	2	S100K-SNP-SB09-054317411-C-G-02	ICRISAT	BI/ICRISAT	C/G
9	546216	2	S100K-SNP-SB09-000546216-T-G	Agriplex mid density markers	Agriplex mid density markers	T/G
9	546216	2	S100K-SNP-SB09-000546216-T-G-02	ICRISAT	BI/ICRISAT	T/G
9	54723632	2	S100K-SNP-SB09-054723632-T-C	Agriplex mid density markers	Agriplex mid density markers	T/C
9	54723632	2	S100K-SNP-SB09-054723632-T-C-02	ICRISAT	BI/ICRISAT	T/C
9	54733896	2	S100K-SNP-SB09-054733896-A-G	Agriplex mid density markers	Agriplex mid density markers	A/G
9	54733896	2	S100K-SNP-SB09-054733896-A-G-02	ICRISAT	BI/ICRISAT	A/G
9	54820637	2	S100K-SNP-SB09-054820637-T-C	Agriplex mid density markers	Agriplex mid density markers	T/C
9	54820637	2	S100K-SNP-SB09-054820637-T-C-02	ICRISAT	BI/ICRISAT	T/C
9	54904001	2	S100K-SNP-SB09-054904001-A-G	Agriplex mid density markers	Agriplex mid density markers	A/G
9	54904001	2	S100K-SNP-SB09-054904001-A-G-02	ICRISAT	BI/ICRISAT	A/G
9	55093999	2	S100K-SNP-SB09-055093999-T-C	Agriplex mid density markers	Agriplex mid density markers	T/C
9	55093999	2	S100K-SNP-SB09-055093999-T-C-02	ICRISAT	BI/ICRISAT	T/C
9	55104545	2	S100K-SNP-SB09-055104545-T-C	Agriplex mid density markers	Agriplex mid density markers	T/C
9	55104545	2	S100K-SNP-SB09-055104545-T-C-02	ICRISAT	BI/ICRISAT	T/C
9	5519208	2	S100K-SNP-SB09-005519208-A-T	Agriplex mid density markers	Agriplex mid density markers	A/T
9	5519208	2	S100K-SNP-SB09-005519208-A-T-02	ICRISAT	BI/ICRISAT	A/T
9	55511609	2	S100K-SNP-SB09-055511609-C-G	Agriplex mid density markers	Agriplex mid density markers	C/G
9	55511609	2	S100K-SNP-SB09-055511609-C-G-02	ICRISAT	BI/ICRISAT	C/G
9	55621577	2	S100K-SNP-SB09-055621577-C-G	Agriplex mid density markers	Agriplex mid density markers	C/G
9	55621577	2	S100K-SNP-SB09-055621577-C-G-02	ICRISAT	BI/ICRISAT	C/G
9	55701949	2	S100K-SNP-SB09-055701949-C-T	Agriplex mid density markers	Agriplex mid density markers	C/T
9	55701949	2	S100K-SNP-SB09-055701949-C-T-02	ICRISAT	BI/ICRISAT	C/T
9	55826560	2	S100K-SNP-SB09-055826560-C-A	Agriplex mid density markers	Agriplex mid density markers	C/A
9	55826560	2	S100K-SNP-SB09-055826560-C-A-02	ICRISAT	BI/ICRISAT	C/A
9	55826895	2	S100K-SNP-SB09-055826895-T-G	Agriplex mid density markers	Agriplex mid density markers	T/G
9	55826895	2	S100K-SNP-SB09-055826895-T-G-02	ICRISAT	BI/ICRISAT	T/G
9	56101938	2	S100K-SNP-SB09-056101938-T-C	Agriplex mid density markers	Agriplex mid density markers	T/C
9	56101938	2	S100K-SNP-SB09-056101938-T-C-02	ICRISAT	BI/ICRISAT	T/C
9	56197293	2	S100K-SNP-SB09-056197293-G-A	Agriplex mid density markers	Agriplex mid density markers	G/A
9	56197293	2	S100K-SNP-SB09-056197293-G-A-02	ICRISAT	BI/ICRISAT	G/A
9	56217107	2	S100K-SNP-SB09-056217107-T-G	Agriplex mid density markers	Agriplex mid density markers	T/G
9	56217107	2	S100K-SNP-SB09-056217107-T-G-02	ICRISAT	BI/ICRISAT	T/G
9	56345091	2	S100K-SNP-SB09-056345091-C-G	Agriplex mid density markers	Agriplex mid density markers	C/G
9	56345091	2	S100K-SNP-SB09-056345091-C-G-02	ICRISAT	BI/ICRISAT	C/G
9	56419146	2	S100K-SNP-SB09-056419146-G-C	ICRISAT	BI/ICRISAT	G/C
9	56419146	2	S100K-SNP-SB09-056419146-C-G	Quality Control	ICRISAT/EiB	C/G
9	56441806	2	S100K-SNP-SB09-056441806-C-A	Agriplex mid density markers	Agriplex mid density markers	C/A
9	56441806	2	S100K-SNP-SB09-056441806-C-A-02	ICRISAT	BI/ICRISAT	C/A
9	56463758	2	S100K-SNP-SB09-056463758-A-C	Agriplex mid density markers	Agriplex mid density markers	A/C
9	56463758	2	S100K-SNP-SB09-056463758-A-C-02	ICRISAT	BI/ICRISAT	A/C
9	56499865	2	S100K-SNP-SB09-056499865-C-A	Agriplex mid density markers	Agriplex mid density markers	C/A
9	56499865	2	S100K-SNP-SB09-056499865-C-A-02	ICRISAT	BI/ICRISAT	C/A
9	56507394	2	S100K-SNP-SB09-056507394-A-G	Agriplex mid density markers	Agriplex mid density markers	A/G
9	56507394	2	S100K-SNP-SB09-056507394-A-G-02	ICRISAT	BI/ICRISAT	A/G
9	56521102	2	S100K-SNP-SB09-056521102-G-A	Agriplex mid density markers	Agriplex mid density markers	G/A
9	56521102	2	S100K-SNP-SB09-056521102-G-A-02	ICRISAT	BI/ICRISAT	G/A
9	56611795	2	S100K-SNP-SB09-056611795-T-A	Agriplex mid density markers	Agriplex mid density markers	T/A
9	56611795	2	S100K-SNP-SB09-056611795-T-A-02	ICRISAT	BI/ICRISAT	T/A
9	56646884	2	S100K-SNP-SB09-056646884-C-A	Agriplex mid density markers	Agriplex mid density markers	C/A
9	56646884	2	S100K-SNP-SB09-056646884-C-A-02	ICRISAT	BI/ICRISAT	C/A
9	57040002	2	S100K-SNP-SB09-057040002-A-T	Height	Marla/KSU	A/T
9	57040002	2	S100K-SNP-SB09-057040002-A-T-02	ICRISAT	BI/ICRISAT	A/T
9	57233591	2	S100K-SNP-SB09-057233591-G-A	Agriplex mid density markers	Agriplex mid density markers	G/A
9	57233591	2	S100K-SNP-SB09-057233591-G-A-02	ICRISAT	BI/ICRISAT	G/A
9	57463227	2	S100K-SNP-SB09-057463227-C-T	Agriplex mid density markers	Agriplex mid density markers	C/T
9	57463227	2	S100K-SNP-SB09-057463227-C-T-02	ICRISAT	BI/ICRISAT	C/T
9	57771040	2	S100K-SNP-SB09-057771040-A-G	Agriplex mid density markers	Agriplex mid density markers	A/G
9	57771040	2	S100K-SNP-SB09-057771040-A-G-02	ICRISAT	BI/ICRISAT	A/G
9	57899538	2	S100K-SNP-SB09-057899538-C-T	Agriplex mid density markers	Agriplex mid density markers	C/T
9	57899538	2	S100K-SNP-SB09-057899538-C-T-02	ICRISAT	BI/ICRISAT	C/T
9	58176710	2	S100K-SNP-SB09-058176710-C-T	Agriplex mid density markers	Agriplex mid density markers	C/T
9	58176710	2	S100K-SNP-SB09-058176710-C-T-02	ICRISAT	BI/ICRISAT	C/T
9	58331747	2	S100K-SNP-SB09-058331747-NA-NA	Cobalt_J	Mural_etal_UB	-/-
9	58331747	2	S100K-SNP-SB09-058331747-T-G	Filler Markers	BI/ICRISAT	T/G
9	584547	2	S100K-SNP-SB09-000584547-G-T	Agriplex mid density markers	Agriplex mid density markers	G/T
9	584547	2	S100K-SNP-SB09-000584547-G-T-02	ICRISAT	BI/ICRISAT	G/T
9	58540112	2	S100K-SNP-SB09-058540112-T-G	Agriplex mid density markers	Agriplex mid density markers	T/G
9	58540112	2	S100K-SNP-SB09-058540112-T-G-02	ICRISAT	BI/ICRISAT	T/G
9	58838486	2	S100K-SNP-SB09-058838486-C-A	Agriplex mid density markers	Agriplex mid density markers	C/A
9	58838486	2	S100K-SNP-SB09-058838486-C-A-02	ICRISAT	BI/ICRISAT	C/A
9	58906485	2	S100K-SNP-SB09-058906485-A-C	Agriplex mid density markers	Agriplex mid density markers	A/C
9	58906485	2	S100K-SNP-SB09-058906485-A-C-02	ICRISAT	BI/ICRISAT	A/C
9	59090384	2	S100K-SNP-SB09-059090384-C-T	Agriplex mid density markers	Agriplex mid density markers	C/T
9	59090384	2	S100K-SNP-SB09-059090384-C-T-02	ICRISAT	BI/ICRISAT	C/T
9	59323860	2	S100K-SNP-SB09-059323860-T-A	Agriplex mid density markers	Agriplex mid density markers	T/A
9	59323860	2	S100K-SNP-SB09-059323860-T-A-02	ICRISAT	BI/ICRISAT	T/A
9	5959086	2	S100K-SNP-SB09-005959086-A-T	Agriplex mid density markers	Agriplex mid density markers	A/T
9	5959086	2	S100K-SNP-SB09-005959086-A-T-02	ICRISAT	BI/ICRISAT	A/T
9	5988640	2	S100K-SNP-SB09-005988640-G-A	Agriplex mid density markers	Agriplex mid density markers	G/A
9	5988640	2	S100K-SNP-SB09-005988640-G-A-02	ICRISAT	BI/ICRISAT	G/A
9	6074633	2	S100K-SNP-SB09-006074633-C-A	Agriplex mid density markers	Agriplex mid density markers	C/A
9	6074633	2	S100K-SNP-SB09-006074633-C-A-02	ICRISAT	BI/ICRISAT	C/A
9	6165976	2	S100K-SNP-SB09-006165976-G-C	Agriplex mid density markers	Agriplex mid density markers	G/C
9	6165976	2	S100K-SNP-SB09-006165976-G-C-02	ICRISAT	BI/ICRISAT	G/C
9	6277941	2	S100K-SNP-SB09-006277941-C-T	Agriplex mid density markers	Agriplex mid density markers	C/T
9	6277941	2	S100K-SNP-SB09-006277941-C-T-02	ICRISAT	BI/ICRISAT	C/T
9	6375482	2	S100K-SNP-SB09-006375482-C-G	Agriplex mid density markers	Agriplex mid density markers	C/G
9	6375482	2	S100K-SNP-SB09-006375482-C-G-02	ICRISAT	BI/ICRISAT	C/G
9	640765	2	S100K-SNP-SB09-000640765-G-C	Agriplex mid density markers	Agriplex mid density markers	G/C
9	640765	2	S100K-SNP-SB09-000640765-G-C-02	ICRISAT	BI/ICRISAT	G/C
9	6694393	2	S100K-SNP-SB09-006694393-T-C	Agriplex mid density markers	Agriplex mid density markers	T/C
9	6694393	2	S100K-SNP-SB09-006694393-T-C-02	ICRISAT	BI/ICRISAT	T/C
9	6773974	2	S100K-SNP-SB09-006773974-G-C	Agriplex mid density markers	Agriplex mid density markers	G/C
9	6773974	2	S100K-SNP-SB09-006773974-G-C-02	ICRISAT	BI/ICRISAT	G/C
9	6801473	2	S100K-SNP-SB09-006801473-A-G	Agriplex mid density markers	Agriplex mid density markers	A/G
9	6801473	2	S100K-SNP-SB09-006801473-A-G-02	ICRISAT	BI/ICRISAT	A/G
9	7110041	2	S100K-SNP-SB09-007110041-A-C	Agriplex mid density markers	Agriplex mid density markers	A/C
9	7110041	2	S100K-SNP-SB09-007110041-A-C-02	ICRISAT	BI/ICRISAT	A/C
9	7342632	2	S100K-SNP-SB09-007342632-C-T	Agriplex mid density markers	Agriplex mid density markers	C/T
9	7342632	2	S100K-SNP-SB09-007342632-C-T-02	ICRISAT	BI/ICRISAT	C/T
9	7342893	2	S100K-SNP-SB09-007342893-G-T	Agriplex mid density markers	Agriplex mid density markers	G/T
9	7342893	2	S100K-SNP-SB09-007342893-G-T-02	ICRISAT	BI/ICRISAT	G/T
9	7350298	2	S100K-SNP-SB09-007350298-C-T	Agriplex mid density markers	Agriplex mid density markers	C/T
9	7350298	2	S100K-SNP-SB09-007350298-C-T-02	ICRISAT	BI/ICRISAT	C/T
9	7404092	2	S100K-SNP-SB09-007404092-T-A	Agriplex mid density markers	Agriplex mid density markers	T/A
9	7404092	2	S100K-SNP-SB09-007404092-T-A-02	ICRISAT	BI/ICRISAT	T/A
9	759789	2	S100K-SNP-SB09-000759789-G-C	Agriplex mid density markers	Agriplex mid density markers	G/C
9	759789	2	S100K-SNP-SB09-000759789-G-C-02	ICRISAT	BI/ICRISAT	G/C
9	8145089	2	S100K-SNP-SB09-008145089-A-G	Agriplex mid density markers	Agriplex mid density markers	A/G
9	8145089	2	S100K-SNP-SB09-008145089-A-G-02	ICRISAT	BI/ICRISAT	A/G
9	8568106	2	S100K-SNP-SB09-008568106-G-C	Agriplex mid density markers	Agriplex mid density markers	G/C
9	8568106	2	S100K-SNP-SB09-008568106-G-C-02	ICRISAT	BI/ICRISAT	G/C
9	8621925	2	S100K-SNP-SB09-008621925-C-T	Agriplex mid density markers	Agriplex mid density markers	C/T
9	8621925	2	S100K-SNP-SB09-008621925-C-T-02	ICRISAT	BI/ICRISAT	C/T
9	8702778	2	S100K-SNP-SB09-008702778-G-C	Agriplex mid density markers	Agriplex mid density markers	G/C
9	8702778	2	S100K-SNP-SB09-008702778-G-C-02	ICRISAT	BI/ICRISAT	G/C
9	8888816	2	S100K-SNP-SB09-008888816-A-G	Agriplex mid density markers	Agriplex mid density markers	A/G
9	8888816	2	S100K-SNP-SB09-008888816-A-G-02	ICRISAT	BI/ICRISAT	A/G
9	8932682	2	S100K-SNP-SB09-008932682-C-T	Agriplex mid density markers	Agriplex mid density markers	C/T
9	8932682	2	S100K-SNP-SB09-008932682-C-T-02	ICRISAT	BI/ICRISAT	C/T
9	9620062	2	S100K-SNP-SB09-009620062-C-G	Agriplex mid density markers	Agriplex mid density markers	C/G
9	9620062	2	S100K-SNP-SB09-009620062-C-G-02	ICRISAT	BI/ICRISAT	C/G
9	9647879	2	S100K-SNP-SB09-009647879-A-G	Agriplex mid density markers	Agriplex mid density markers	A/G
9	9647879	2	S100K-SNP-SB09-009647879-A-G-02	ICRISAT	BI/ICRISAT	A/G
9	971733	2	S100K-SNP-SB09-000971733-C-T	Agriplex mid density markers	Agriplex mid density markers	C/T
9	971733	2	S100K-SNP-SB09-000971733-C-T-02	ICRISAT	BI/ICRISAT	C/T
9	9815344	2	S100K-SNP-SB09-009815344-G-T	Agriplex mid density markers	Agriplex mid density markers	G/T
9	9815344	2	S100K-SNP-SB09-009815344-G-T-02	ICRISAT	BI/ICRISAT	G/T
9	9886468	2	S100K-SNP-SB09-009886468-T-G	Agriplex mid density markers	Agriplex mid density markers	T/G
9	9886468	2	S100K-SNP-SB09-009886468-T-G-02	ICRISAT	BI/ICRISAT	T/G
9	9992707	2	S100K-SNP-SB09-009992707-C-A	Agriplex mid density markers	Agriplex mid density markers	C/A
9	9992707	2	S100K-SNP-SB09-009992707-C-A-02	ICRISAT	BI/ICRISAT	C/A
